ts_event,rtype,publisher_id,instrument_id,symbol,open,high,low,close,volume
2011-08-01 00:00:00+00:00,33,1,12038,NQZ1,2382.5,2383.75,2382.5,2383.75,11
2011-08-01 00:00:00+00:00,33,1,56972,NQU1,2386.25,2390.0,2386.25,2388.5,196
2011-08-01 00:10:00+00:00,33,1,56972,NQU1,2388.75,2389.25,2387.25,2387.25,43
2011-08-01 00:20:00+00:00,33,1,12038,NQZ1,2382.5,2382.5,2382.5,2382.5,2
2011-08-01 00:20:00+00:00,33,1,56972,NQU1,2387.25,2388.0,2387.0,2387.25,286
2011-08-01 00:30:00+00:00,33,1,12038,NQZ1,2384.0,2384.0,2384.0,2384.0,1
2011-08-01 00:30:00+00:00,33,1,56972,NQU1,2388.0,2392.5,2388.0,2392.0,199
2011-08-01 00:40:00+00:00,33,1,12038,NQZ1,2383.5,2383.5,2381.0,2381.0,2
2011-08-01 00:40:00+00:00,33,1,56972,NQU1,2392.5,2392.75,2386.0,2388.0,375
2011-08-01 00:50:00+00:00,33,1,12038,NQZ1,2384.25,2384.25,2384.25,2384.25,1
2011-08-01 00:50:00+00:00,33,1,56972,NQU1,2388.0,2391.75,2388.0,2391.25,122
2011-08-01 01:00:00+00:00,33,1,12038,NQZ1,2385.5,2385.5,2385.5,2385.5,1
2011-08-01 01:00:00+00:00,33,1,56972,NQU1,2391.0,2393.75,2390.75,2393.25,217
2011-08-01 01:10:00+00:00,33,1,56972,NQU1,2393.0,2393.75,2392.5,2393.25,185
2011-08-01 01:20:00+00:00,33,1,56972,NQU1,2393.25,2394.0,2391.0,2392.0,84
2011-08-01 01:30:00+00:00,33,1,56972,NQU1,2392.25,2392.5,2389.75,2390.0,126
2011-08-01 01:40:00+00:00,33,1,12038,NQZ1,2385.75,2385.75,2385.75,2385.75,1
2011-08-01 01:40:00+00:00,33,1,56972,NQU1,2390.0,2392.0,2389.5,2390.75,187
2011-08-01 01:50:00+00:00,33,1,56972,NQU1,2390.5,2391.0,2389.5,2390.0,208
2011-08-01 02:00:00+00:00,33,1,56972,NQU1,2389.75,2390.5,2389.0,2390.0,143
2011-08-01 02:10:00+00:00,33,1,56972,NQU1,2389.5,2389.75,2388.25,2388.25,130
2011-08-01 02:20:00+00:00,33,1,12038,NQZ1,2383.0,2383.0,2383.0,2383.0,3
2011-08-01 02:20:00+00:00,33,1,56972,NQU1,2388.5,2389.0,2386.75,2387.25,175
2011-08-01 02:30:00+00:00,33,1,56972,NQU1,2387.5,2387.75,2387.25,2387.5,62
2011-08-01 02:40:00+00:00,33,1,56972,NQU1,2387.5,2388.0,2387.25,2388.0,22
2011-08-01 02:50:00+00:00,33,1,56972,NQU1,2388.0,2388.25,2387.5,2387.75,13
2011-08-01 03:00:00+00:00,33,1,56972,NQU1,2387.75,2388.25,2387.5,2388.25,23
2011-08-01 03:10:00+00:00,33,1,56972,NQU1,2388.5,2390.0,2388.5,2389.5,30
2011-08-01 03:20:00+00:00,33,1,56972,NQU1,2389.25,2390.0,2388.5,2388.75,21
2011-08-01 03:30:00+00:00,33,1,56972,NQU1,2389.0,2391.0,2389.0,2390.0,61
2011-08-01 03:40:00+00:00,33,1,56972,NQU1,2390.25,2390.75,2390.0,2390.5,25
2011-08-01 03:50:00+00:00,33,1,56972,NQU1,2390.5,2390.75,2390.25,2390.5,17
2011-08-01 04:00:00+00:00,33,1,56972,NQU1,2390.25,2392.0,2390.25,2391.5,62
2011-08-01 04:10:00+00:00,33,1,56972,NQU1,2391.5,2391.75,2390.75,2390.75,25
2011-08-01 04:20:00+00:00,33,1,56972,NQU1,2390.5,2390.5,2389.25,2389.75,54
2011-08-01 04:30:00+00:00,33,1,56972,NQU1,2389.5,2390.0,2389.5,2389.75,7
2011-08-01 04:40:00+00:00,33,1,56972,NQU1,2389.75,2390.0,2389.75,2389.75,6
2011-08-01 04:50:00+00:00,33,1,56972,NQU1,2390.0,2390.25,2390.0,2390.0,11
2011-08-01 05:00:00+00:00,33,1,56972,NQU1,2389.5,2390.0,2389.0,2390.0,27
2011-08-01 05:10:00+00:00,33,1,56972,NQU1,2390.0,2390.0,2389.25,2390.0,14
2011-08-01 05:20:00+00:00,33,1,56972,NQU1,2390.0,2390.5,2389.75,2389.75,7
2011-08-01 05:30:00+00:00,33,1,56972,NQU1,2390.25,2390.5,2388.5,2390.0,105
2011-08-01 05:40:00+00:00,33,1,56972,NQU1,2390.25,2390.75,2389.75,2390.25,96
2011-08-01 05:50:00+00:00,33,1,12038,NQZ1,2385.5,2385.75,2385.5,2385.75,6
2011-08-01 05:50:00+00:00,33,1,56972,NQU1,2390.5,2392.25,2390.25,2391.5,162
2011-08-01 06:00:00+00:00,33,1,56972,NQU1,2391.25,2395.0,2391.0,2395.0,649
2011-08-01 06:10:00+00:00,33,1,56972,NQU1,2394.75,2395.0,2391.75,2392.75,482
2011-08-01 06:20:00+00:00,33,1,56972,NQU1,2392.25,2393.75,2392.25,2393.0,143
2011-08-01 06:30:00+00:00,33,1,56972,NQU1,2393.0,2395.0,2392.0,2392.0,290
2011-08-01 06:40:00+00:00,33,1,56972,NQU1,2392.0,2392.25,2391.0,2391.75,134
2011-08-01 06:50:00+00:00,33,1,56972,NQU1,2391.5,2392.25,2391.0,2391.25,193
2011-08-01 07:00:00+00:00,33,1,12038,NQZ1,2385.75,2385.75,2385.75,2385.75,1
2011-08-01 07:00:00+00:00,33,1,56972,NQU1,2391.5,2394.5,2389.0,2394.0,1528
2011-08-01 07:10:00+00:00,33,1,12038,NQZ1,2388.75,2388.75,2388.75,2388.75,1
2011-08-01 07:10:00+00:00,33,1,56972,NQU1,2394.0,2394.75,2393.25,2393.75,584
2011-08-01 07:20:00+00:00,33,1,12038,NQZ1,2387.5,2387.5,2387.5,2387.5,1
2011-08-01 07:20:00+00:00,33,1,56972,NQU1,2393.75,2393.75,2389.25,2389.25,722
2011-08-01 07:30:00+00:00,33,1,12038,NQZ1,2380.5,2380.5,2380.5,2380.5,1
2011-08-01 07:30:00+00:00,33,1,56972,NQU1,2389.25,2389.5,2385.5,2388.0,669
2011-08-01 07:40:00+00:00,33,1,56972,NQU1,2388.0,2388.5,2387.0,2387.75,283
2011-08-01 07:50:00+00:00,33,1,12038,NQZ1,2379.0,2379.0,2379.0,2379.0,1
2011-08-01 07:50:00+00:00,33,1,56972,NQU1,2387.75,2388.0,2384.0,2384.75,1051
2011-08-01 08:00:00+00:00,33,1,56972,NQU1,2384.75,2387.75,2384.25,2387.25,554
2011-08-01 08:10:00+00:00,33,1,56972,NQU1,2387.0,2388.25,2386.25,2387.5,292
2011-08-01 08:20:00+00:00,33,1,12038,NQZ1,2376.5,2376.5,2376.5,2376.5,2
2011-08-01 08:20:00+00:00,33,1,56972,NQU1,2387.5,2387.5,2381.5,2383.5,872
2011-08-01 08:30:00+00:00,33,1,56972,NQU1,2383.25,2384.0,2381.5,2383.5,500
2011-08-01 08:40:00+00:00,33,1,56972,NQU1,2383.25,2384.0,2382.25,2383.5,289
2011-08-01 08:50:00+00:00,33,1,56972,NQU1,2383.5,2386.5,2383.25,2386.25,520
2011-08-01 09:00:00+00:00,33,1,56972,NQU1,2386.25,2386.25,2385.0,2385.75,165
2011-08-01 09:10:00+00:00,33,1,12038,NQZ1,2380.5,2380.5,2380.5,2380.5,1
2011-08-01 09:10:00+00:00,33,1,56972,NQU1,2385.75,2386.75,2384.25,2384.25,379
2011-08-01 09:20:00+00:00,33,1,56972,NQU1,2384.5,2385.25,2384.25,2384.5,286
2011-08-01 09:30:00+00:00,33,1,56972,NQU1,2384.5,2386.0,2384.5,2385.25,253
2011-08-01 09:40:00+00:00,33,1,56972,NQU1,2385.25,2385.25,2383.5,2383.75,188
2011-08-01 09:50:00+00:00,33,1,56972,NQU1,2384.0,2386.75,2383.0,2386.5,531
2011-08-01 10:00:00+00:00,33,1,56972,NQU1,2386.75,2387.75,2386.0,2386.5,434
2011-08-01 10:10:00+00:00,33,1,56972,NQU1,2386.5,2387.25,2385.75,2385.75,184
2011-08-01 10:20:00+00:00,33,1,56972,NQU1,2386.0,2387.0,2386.0,2387.0,333
2011-08-01 10:30:00+00:00,33,1,56972,NQU1,2387.0,2388.75,2386.5,2388.5,235
2011-08-01 10:40:00+00:00,33,1,12038,NQZ1,2384.0,2384.0,2384.0,2384.0,1
2011-08-01 10:40:00+00:00,33,1,56972,NQU1,2388.5,2391.75,2388.25,2391.75,626
2011-08-01 10:50:00+00:00,33,1,56972,NQU1,2391.75,2394.0,2391.5,2392.25,385
2011-08-01 11:00:00+00:00,33,1,56972,NQU1,2392.25,2393.5,2390.5,2390.5,338
2011-08-01 11:10:00+00:00,33,1,56972,NQU1,2390.5,2390.5,2387.25,2388.75,554
2011-08-01 11:20:00+00:00,33,1,56972,NQU1,2388.75,2388.75,2387.25,2387.75,518
2011-08-01 11:30:00+00:00,33,1,56972,NQU1,2387.75,2388.0,2387.0,2387.5,602
2011-08-01 11:40:00+00:00,33,1,56972,NQU1,2387.25,2387.5,2385.25,2385.75,401
2011-08-01 11:50:00+00:00,33,1,56972,NQU1,2385.5,2386.0,2383.75,2385.5,374
2011-08-01 12:00:00+00:00,33,1,56972,NQU1,2385.75,2386.25,2384.25,2385.75,1038
2011-08-01 12:10:00+00:00,33,1,56972,NQU1,2385.75,2387.25,2385.0,2387.25,688
2011-08-01 12:20:00+00:00,33,1,56972,NQU1,2387.25,2389.25,2386.75,2388.75,599
2011-08-01 12:30:00+00:00,33,1,56972,NQU1,2388.5,2388.75,2387.25,2388.25,347
2011-08-01 12:40:00+00:00,33,1,56972,NQU1,2388.0,2388.75,2387.75,2388.0,221
2011-08-01 12:50:00+00:00,33,1,56972,NQU1,2387.75,2388.0,2380.75,2382.25,2779
2011-08-01 13:00:00+00:00,33,1,56972,NQU1,2382.25,2386.0,2382.0,2384.75,1441
2011-08-01 13:10:00+00:00,33,1,56972,NQU1,2384.75,2384.75,2382.0,2382.5,1053
2011-08-01 13:20:00+00:00,33,1,56972,NQU1,2382.75,2389.0,2382.75,2387.75,2733
2011-08-01 13:30:00+00:00,33,1,12038,NQZ1,2384.0,2386.5,2378.0,2378.0,16
2011-08-01 13:30:00+00:00,33,1,56972,NQU1,2388.0,2394.0,2382.25,2385.5,25899
2011-08-01 13:40:00+00:00,33,1,12038,NQZ1,2375.75,2376.5,2370.75,2370.75,4
2011-08-01 13:40:00+00:00,33,1,56972,NQU1,2385.25,2385.5,2372.5,2374.5,16164
2011-08-01 13:50:00+00:00,33,1,12038,NQZ1,2365.25,2365.25,2365.25,2365.25,1
2011-08-01 13:50:00+00:00,33,1,56972,NQU1,2374.5,2374.75,2366.5,2367.75,12151
2011-08-01 14:00:00+00:00,33,1,12038,NQZ1,2356.75,2356.75,2336.5,2337.0,50
2011-08-01 14:00:00+00:00,33,1,56972,NQU1,2367.25,2367.5,2339.25,2351.25,31898
2011-08-01 14:00:00+00:00,33,1,612349,NQU1-NQZ1,-5.35,-5.35,-5.5,-5.5,3
2011-08-01 14:10:00+00:00,33,1,12038,NQZ1,2342.5,2343.0,2342.5,2343.0,3
2011-08-01 14:10:00+00:00,33,1,56972,NQU1,2351.25,2353.25,2344.25,2352.25,13149
2011-08-01 14:20:00+00:00,33,1,12038,NQZ1,2348.0,2348.0,2344.75,2344.75,12
2011-08-01 14:20:00+00:00,33,1,56972,NQU1,2352.25,2355.75,2345.5,2346.5,8911
2011-08-01 14:30:00+00:00,33,1,12038,NQZ1,2338.0,2345.25,2338.0,2345.25,46
2011-08-01 14:30:00+00:00,33,1,56972,NQU1,2346.5,2351.5,2343.25,2350.75,13076
2011-08-01 14:40:00+00:00,33,1,12038,NQZ1,2343.25,2347.0,2343.25,2347.0,4
2011-08-01 14:40:00+00:00,33,1,56972,NQU1,2351.0,2354.0,2347.5,2351.0,8236
2011-08-01 14:50:00+00:00,33,1,12038,NQZ1,2346.0,2346.0,2342.0,2342.0,39
2011-08-01 14:50:00+00:00,33,1,56972,NQU1,2351.25,2354.0,2346.0,2347.5,8998
2011-08-01 15:00:00+00:00,33,1,12038,NQZ1,2340.0,2340.0,2330.75,2331.0,6
2011-08-01 15:00:00+00:00,33,1,56972,NQU1,2347.75,2348.0,2335.75,2341.75,11007
2011-08-01 15:10:00+00:00,33,1,56972,NQU1,2341.75,2343.5,2337.25,2339.0,12954
2011-08-01 15:20:00+00:00,33,1,12038,NQZ1,2337.75,2337.75,2337.75,2337.75,1
2011-08-01 15:20:00+00:00,33,1,56972,NQU1,2339.0,2345.5,2339.0,2345.0,5960
2011-08-01 15:30:00+00:00,33,1,12038,NQZ1,2332.0,2332.0,2327.5,2327.5,2
2011-08-01 15:30:00+00:00,33,1,56972,NQU1,2345.0,2345.25,2329.75,2333.5,10472
2011-08-01 15:40:00+00:00,33,1,12038,NQZ1,2327.25,2327.25,2327.25,2327.25,1
2011-08-01 15:40:00+00:00,33,1,56972,NQU1,2333.5,2334.75,2329.75,2332.25,7876
2011-08-01 15:50:00+00:00,33,1,12038,NQZ1,2323.25,2323.25,2322.75,2322.75,5
2011-08-01 15:50:00+00:00,33,1,56972,NQU1,2332.25,2333.5,2325.75,2327.25,6436
2011-08-01 16:00:00+00:00,33,1,12038,NQZ1,2321.0,2322.0,2321.0,2322.0,2
2011-08-01 16:00:00+00:00,33,1,56972,NQU1,2327.25,2330.5,2322.5,2326.0,7674
2011-08-01 16:10:00+00:00,33,1,12038,NQZ1,2317.75,2317.75,2316.25,2317.25,6
2011-08-01 16:10:00+00:00,33,1,56972,NQU1,2326.0,2327.75,2321.25,2323.5,9988
2011-08-01 16:20:00+00:00,33,1,12038,NQZ1,2319.25,2319.25,2319.25,2319.25,1
2011-08-01 16:20:00+00:00,33,1,56972,NQU1,2323.5,2330.0,2320.75,2329.25,5172
2011-08-01 16:30:00+00:00,33,1,12038,NQZ1,2324.5,2324.5,2323.75,2323.75,3
2011-08-01 16:30:00+00:00,33,1,56972,NQU1,2329.25,2331.0,2328.0,2330.5,3165
2011-08-01 16:40:00+00:00,33,1,12038,NQZ1,2324.25,2324.25,2323.25,2323.25,2
2011-08-01 16:40:00+00:00,33,1,56972,NQU1,2330.75,2330.75,2325.25,2327.75,3810
2011-08-01 16:50:00+00:00,33,1,12038,NQZ1,2324.25,2326.0,2324.25,2325.0,3
2011-08-01 16:50:00+00:00,33,1,56972,NQU1,2327.75,2332.75,2327.0,2330.75,3062
2011-08-01 17:00:00+00:00,33,1,12038,NQZ1,2327.0,2327.0,2325.25,2325.25,2
2011-08-01 17:00:00+00:00,33,1,56972,NQU1,2330.75,2332.75,2326.25,2327.75,3900
2011-08-01 17:10:00+00:00,33,1,56972,NQU1,2327.5,2330.75,2326.25,2330.5,2518
2011-08-01 17:20:00+00:00,33,1,12038,NQZ1,2327.0,2327.0,2325.25,2325.25,2
2011-08-01 17:20:00+00:00,33,1,56972,NQU1,2330.5,2333.5,2329.5,2330.5,3389
2011-08-01 17:30:00+00:00,33,1,12038,NQZ1,2325.0,2325.0,2325.0,2325.0,1
2011-08-01 17:30:00+00:00,33,1,56972,NQU1,2330.5,2333.25,2329.75,2332.25,2916
2011-08-01 17:40:00+00:00,33,1,12038,NQZ1,2326.0,2326.0,2326.0,2326.0,1
2011-08-01 17:40:00+00:00,33,1,56972,NQU1,2332.5,2334.0,2331.0,2332.5,2200
2011-08-01 17:50:00+00:00,33,1,12038,NQZ1,2328.0,2328.0,2328.0,2328.0,1
2011-08-01 17:50:00+00:00,33,1,56972,NQU1,2332.5,2334.75,2331.75,2334.75,2088
2011-08-01 18:00:00+00:00,33,1,12038,NQZ1,2326.75,2326.75,2326.75,2326.75,1
2011-08-01 18:00:00+00:00,33,1,56972,NQU1,2334.75,2334.75,2328.25,2328.25,2618
2011-08-01 18:10:00+00:00,33,1,12038,NQZ1,2322.75,2322.75,2320.0,2320.0,2
2011-08-01 18:10:00+00:00,33,1,56972,NQU1,2328.25,2329.25,2325.0,2328.25,4918
2011-08-01 18:20:00+00:00,33,1,12038,NQZ1,2321.5,2321.5,2320.0,2320.0,3
2011-08-01 18:20:00+00:00,33,1,56972,NQU1,2328.5,2329.5,2325.25,2326.25,3341
2011-08-01 18:30:00+00:00,33,1,12038,NQZ1,2325.0,2325.0,2325.0,2325.0,2
2011-08-01 18:30:00+00:00,33,1,56972,NQU1,2326.0,2331.75,2324.75,2331.5,2678
2011-08-01 18:40:00+00:00,33,1,12038,NQZ1,2327.0,2329.0,2326.0,2329.0,4
2011-08-01 18:40:00+00:00,33,1,56972,NQU1,2331.5,2335.5,2330.5,2333.5,3485
2011-08-01 18:50:00+00:00,33,1,12038,NQZ1,2327.75,2331.0,2326.0,2331.0,3
2011-08-01 18:50:00+00:00,33,1,56972,NQU1,2333.75,2339.25,2332.0,2338.5,2466
2011-08-01 19:00:00+00:00,33,1,12038,NQZ1,2336.5,2337.0,2334.75,2334.75,3
2011-08-01 19:00:00+00:00,33,1,56972,NQU1,2338.75,2344.5,2338.25,2341.25,4694
2011-08-01 19:10:00+00:00,33,1,8870,NQH2,2341.5,2341.5,2341.5,2341.5,1
2011-08-01 19:10:00+00:00,33,1,12038,NQZ1,2336.5,2336.5,2336.5,2336.5,1
2011-08-01 19:10:00+00:00,33,1,56972,NQU1,2341.5,2343.5,2338.25,2340.75,2927
2011-08-01 19:20:00+00:00,33,1,12038,NQZ1,2340.0,2340.75,2340.0,2340.75,2
2011-08-01 19:20:00+00:00,33,1,56972,NQU1,2341.25,2348.0,2340.25,2347.5,5773
2011-08-01 19:30:00+00:00,33,1,12038,NQZ1,2342.5,2344.75,2337.0,2344.75,12
2011-08-01 19:30:00+00:00,33,1,56972,NQU1,2347.5,2350.75,2340.0,2350.75,8862
2011-08-01 19:40:00+00:00,33,1,12038,NQZ1,2347.0,2347.0,2344.0,2346.0,3
2011-08-01 19:40:00+00:00,33,1,56972,NQU1,2350.5,2353.5,2348.0,2351.25,11699
2011-08-01 19:50:00+00:00,33,1,12038,NQZ1,2343.0,2343.25,2340.75,2343.25,4
2011-08-01 19:50:00+00:00,33,1,56972,NQU1,2351.25,2352.75,2344.0,2350.25,16576
2011-08-01 20:00:00+00:00,33,1,12038,NQZ1,2345.25,2345.5,2345.25,2345.5,3
2011-08-01 20:00:00+00:00,33,1,56972,NQU1,2350.25,2352.0,2348.5,2351.5,6613
2011-08-01 20:00:00+00:00,33,1,612349,NQU1-NQZ1,-5.5,-5.5,-5.5,-5.5,4
2011-08-01 20:10:00+00:00,33,1,12038,NQZ1,2343.0,2343.0,2343.0,2343.0,2
2011-08-01 20:10:00+00:00,33,1,56972,NQU1,2351.25,2351.25,2346.0,2346.0,2924
2011-08-01 20:30:00+00:00,33,1,56972,NQU1,2347.25,2348.5,2345.0,2345.5,384
2011-08-01 20:40:00+00:00,33,1,56972,NQU1,2345.5,2347.5,2345.5,2347.5,103
2011-08-01 20:50:00+00:00,33,1,56972,NQU1,2347.0,2347.5,2346.5,2346.5,47
2011-08-01 21:00:00+00:00,33,1,56972,NQU1,2346.5,2346.75,2345.25,2345.75,64
2011-08-01 21:10:00+00:00,33,1,12038,NQZ1,2340.5,2340.5,2340.5,2340.5,5
2011-08-01 21:10:00+00:00,33,1,56972,NQU1,2345.75,2346.5,2343.25,2344.0,367
2011-08-01 21:20:00+00:00,33,1,56972,NQU1,2343.75,2344.0,2342.0,2343.0,131
2011-08-01 22:00:00+00:00,33,1,56972,NQU1,2344.0,2348.5,2344.0,2348.5,89
2011-08-01 22:10:00+00:00,33,1,56972,NQU1,2348.75,2349.25,2347.75,2348.75,162
2011-08-01 22:20:00+00:00,33,1,56972,NQU1,2348.75,2349.25,2348.75,2349.0,25
2011-08-01 22:30:00+00:00,33,1,56972,NQU1,2349.0,2349.0,2348.0,2348.25,67
2011-08-01 22:40:00+00:00,33,1,56972,NQU1,2348.5,2349.25,2348.25,2349.25,21
2011-08-01 22:50:00+00:00,33,1,12038,NQZ1,2345.5,2346.75,2345.5,2346.25,5
2011-08-01 22:50:00+00:00,33,1,56972,NQU1,2349.25,2353.5,2349.25,2351.75,485
2011-08-01 23:00:00+00:00,33,1,12038,NQZ1,2348.5,2348.5,2345.25,2345.25,16
2011-08-01 23:00:00+00:00,33,1,56972,NQU1,2351.75,2355.25,2347.5,2351.75,489
2011-08-01 23:00:00+00:00,33,1,612349,NQU1-NQZ1,-5.35,-5.35,-5.35,-5.35,2
2011-08-01 23:10:00+00:00,33,1,56972,NQU1,2351.75,2352.75,2347.25,2347.25,149
2011-08-01 23:20:00+00:00,33,1,56972,NQU1,2347.5,2350.25,2347.5,2350.25,27
2011-08-01 23:30:00+00:00,33,1,56972,NQU1,2350.25,2350.25,2348.25,2349.0,30
2011-08-01 23:40:00+00:00,33,1,56972,NQU1,2349.75,2349.75,2349.0,2349.5,42
2011-08-01 23:50:00+00:00,33,1,56972,NQU1,2349.25,2349.75,2348.75,2349.25,136
2011-08-02 00:00:00+00:00,33,1,56972,NQU1,2349.25,2350.0,2348.25,2348.25,110
2011-08-02 00:10:00+00:00,33,1,56972,NQU1,2348.25,2349.0,2347.5,2348.0,71
2011-08-02 00:20:00+00:00,33,1,56972,NQU1,2348.0,2350.0,2347.75,2349.75,62
2011-08-02 00:30:00+00:00,33,1,56972,NQU1,2349.0,2350.5,2348.75,2350.25,158
2011-08-02 00:40:00+00:00,33,1,56972,NQU1,2350.0,2350.75,2349.5,2350.75,58
2011-08-02 00:50:00+00:00,33,1,56972,NQU1,2351.0,2351.25,2350.0,2350.0,31
2011-08-02 01:00:00+00:00,33,1,56972,NQU1,2350.5,2351.0,2348.5,2349.0,60
2011-08-02 01:10:00+00:00,33,1,56972,NQU1,2349.5,2349.5,2347.75,2348.75,28
2011-08-02 01:20:00+00:00,33,1,56972,NQU1,2348.75,2350.25,2347.75,2349.0,82
2011-08-02 01:30:00+00:00,33,1,56972,NQU1,2349.25,2350.0,2348.25,2349.5,44
2011-08-02 01:40:00+00:00,33,1,12038,NQZ1,2342.0,2342.0,2342.0,2342.0,2
2011-08-02 01:40:00+00:00,33,1,56972,NQU1,2349.25,2349.5,2346.5,2347.0,95
2011-08-02 01:40:00+00:00,33,1,612349,NQU1-NQZ1,-5.35,-5.35,-5.35,-5.35,2
2011-08-02 01:50:00+00:00,33,1,56972,NQU1,2347.25,2347.25,2342.25,2344.5,209
2011-08-02 02:00:00+00:00,33,1,56972,NQU1,2344.25,2344.25,2342.0,2342.75,88
2011-08-02 02:10:00+00:00,33,1,56972,NQU1,2343.0,2345.25,2342.0,2344.0,73
2011-08-02 02:20:00+00:00,33,1,56972,NQU1,2344.0,2344.75,2343.0,2344.5,61
2011-08-02 02:30:00+00:00,33,1,56972,NQU1,2344.5,2344.5,2343.5,2343.5,17
2011-08-02 02:40:00+00:00,33,1,56972,NQU1,2343.5,2344.25,2343.5,2343.75,6
2011-08-02 02:50:00+00:00,33,1,56972,NQU1,2343.75,2344.75,2343.5,2343.5,23
2011-08-02 03:00:00+00:00,33,1,56972,NQU1,2343.25,2344.25,2343.25,2344.25,32
2011-08-02 03:10:00+00:00,33,1,56972,NQU1,2344.0,2344.5,2343.5,2344.0,34
2011-08-02 03:20:00+00:00,33,1,12038,NQZ1,2336.25,2336.25,2336.25,2336.25,1
2011-08-02 03:20:00+00:00,33,1,56972,NQU1,2343.5,2343.5,2342.0,2342.5,32
2011-08-02 03:30:00+00:00,33,1,56972,NQU1,2342.25,2342.5,2340.75,2340.75,161
2011-08-02 03:40:00+00:00,33,1,12038,NQZ1,2330.25,2331.75,2330.25,2331.75,6
2011-08-02 03:40:00+00:00,33,1,56972,NQU1,2340.75,2341.25,2332.25,2337.5,345
2011-08-02 03:40:00+00:00,33,1,612349,NQU1-NQZ1,-5.5,-5.5,-5.5,-5.5,5
2011-08-02 03:50:00+00:00,33,1,56972,NQU1,2337.75,2338.0,2336.75,2337.75,43
2011-08-02 04:00:00+00:00,33,1,56972,NQU1,2337.75,2338.5,2337.75,2338.5,49
2011-08-02 04:10:00+00:00,33,1,56972,NQU1,2338.25,2338.75,2338.0,2338.75,39
2011-08-02 04:20:00+00:00,33,1,56972,NQU1,2338.5,2338.5,2336.5,2336.75,62
2011-08-02 04:30:00+00:00,33,1,56972,NQU1,2337.0,2337.5,2336.25,2336.5,53
2011-08-02 04:40:00+00:00,33,1,56972,NQU1,2336.5,2337.5,2336.5,2336.75,42
2011-08-02 04:50:00+00:00,33,1,56972,NQU1,2336.75,2337.0,2335.5,2335.5,41
2011-08-02 05:00:00+00:00,33,1,56972,NQU1,2336.0,2337.0,2332.25,2335.25,270
2011-08-02 05:10:00+00:00,33,1,56972,NQU1,2335.25,2335.75,2334.0,2334.25,28
2011-08-02 05:20:00+00:00,33,1,12038,NQZ1,2329.5,2329.5,2329.5,2329.5,2
2011-08-02 05:20:00+00:00,33,1,56972,NQU1,2334.0,2335.75,2333.5,2335.25,47
2011-08-02 05:20:00+00:00,33,1,612349,NQU1-NQZ1,-5.35,-5.35,-5.35,-5.35,2
2011-08-02 05:30:00+00:00,33,1,56972,NQU1,2334.75,2337.5,2334.5,2336.25,102
2011-08-02 05:40:00+00:00,33,1,56972,NQU1,2336.0,2337.0,2336.0,2336.75,104
2011-08-02 05:50:00+00:00,33,1,56972,NQU1,2337.0,2337.5,2336.0,2337.0,87
2011-08-02 06:00:00+00:00,33,1,56972,NQU1,2337.25,2338.0,2336.25,2337.25,165
2011-08-02 06:10:00+00:00,33,1,56972,NQU1,2337.0,2337.25,2335.0,2336.75,73
2011-08-02 06:20:00+00:00,33,1,56972,NQU1,2336.5,2339.75,2336.5,2339.0,433
2011-08-02 06:30:00+00:00,33,1,56972,NQU1,2339.0,2339.75,2338.0,2338.25,200
2011-08-02 06:40:00+00:00,33,1,56972,NQU1,2338.5,2339.0,2337.0,2337.25,183
2011-08-02 06:50:00+00:00,33,1,56972,NQU1,2337.25,2337.25,2333.75,2334.25,289
2011-08-02 07:00:00+00:00,33,1,12038,NQZ1,2328.75,2328.75,2328.0,2328.75,8
2011-08-02 07:00:00+00:00,33,1,56972,NQU1,2334.5,2336.5,2333.25,2335.25,1171
2011-08-02 07:00:00+00:00,33,1,612349,NQU1-NQZ1,-5.35,-5.35,-5.35,-5.35,2
2011-08-02 07:10:00+00:00,33,1,56972,NQU1,2335.25,2335.25,2332.25,2332.5,917
2011-08-02 07:20:00+00:00,33,1,12038,NQZ1,2325.75,2325.75,2325.75,2325.75,1
2011-08-02 07:20:00+00:00,33,1,56972,NQU1,2332.25,2333.25,2329.75,2331.75,857
2011-08-02 07:30:00+00:00,33,1,12038,NQZ1,2328.25,2328.5,2327.75,2327.75,3
2011-08-02 07:30:00+00:00,33,1,56972,NQU1,2331.5,2334.5,2330.5,2331.5,718
2011-08-02 07:30:00+00:00,33,1,612349,NQU1-NQZ1,-5.35,-5.35,-5.35,-5.35,1
2011-08-02 07:40:00+00:00,33,1,56972,NQU1,2332.0,2334.25,2330.75,2334.0,433
2011-08-02 07:50:00+00:00,33,1,56972,NQU1,2333.5,2335.75,2331.75,2334.5,602
2011-08-02 08:00:00+00:00,33,1,12038,NQZ1,2332.0,2332.0,2332.0,2332.0,4
2011-08-02 08:00:00+00:00,33,1,56972,NQU1,2334.75,2338.25,2334.25,2338.25,832
2011-08-02 08:00:00+00:00,33,1,612349,NQU1-NQZ1,-5.35,-5.35,-5.35,-5.35,2
2011-08-02 08:10:00+00:00,33,1,56972,NQU1,2338.0,2339.25,2337.0,2338.0,976
2011-08-02 08:20:00+00:00,33,1,56972,NQU1,2337.75,2338.75,2336.75,2338.5,387
2011-08-02 08:30:00+00:00,33,1,56972,NQU1,2338.25,2338.5,2336.25,2337.5,239
2011-08-02 08:40:00+00:00,33,1,56972,NQU1,2337.5,2338.0,2334.0,2335.0,343
2011-08-02 08:50:00+00:00,33,1,56972,NQU1,2334.75,2336.5,2334.25,2335.5,383
2011-08-02 09:00:00+00:00,33,1,56972,NQU1,2335.25,2338.5,2335.25,2336.5,169
2011-08-02 09:10:00+00:00,33,1,56972,NQU1,2336.5,2338.0,2334.75,2335.5,267
2011-08-02 09:20:00+00:00,33,1,56972,NQU1,2335.5,2335.5,2330.75,2332.0,442
2011-08-02 09:30:00+00:00,33,1,56972,NQU1,2332.0,2337.25,2332.0,2336.75,730
2011-08-02 09:40:00+00:00,33,1,56972,NQU1,2336.75,2337.0,2333.25,2335.25,328
2011-08-02 09:50:00+00:00,33,1,56972,NQU1,2335.25,2335.25,2331.0,2333.0,511
2011-08-02 10:00:00+00:00,33,1,56972,NQU1,2332.75,2335.5,2332.5,2334.5,342
2011-08-02 10:10:00+00:00,33,1,56972,NQU1,2334.75,2339.0,2334.75,2337.5,608
2011-08-02 10:20:00+00:00,33,1,56972,NQU1,2337.25,2338.75,2336.25,2337.75,284
2011-08-02 10:30:00+00:00,33,1,56972,NQU1,2338.0,2338.5,2336.5,2337.25,250
2011-08-02 10:40:00+00:00,33,1,56972,NQU1,2337.5,2338.0,2333.75,2334.25,307
2011-08-02 10:50:00+00:00,33,1,56972,NQU1,2334.25,2336.5,2334.0,2336.0,191
2011-08-02 11:00:00+00:00,33,1,56972,NQU1,2335.75,2336.5,2335.0,2336.5,223
2011-08-02 11:10:00+00:00,33,1,56972,NQU1,2336.25,2338.0,2335.75,2336.75,289
2011-08-02 11:20:00+00:00,33,1,56972,NQU1,2336.5,2336.75,2332.75,2334.0,596
2011-08-02 11:30:00+00:00,33,1,12038,NQZ1,2325.25,2325.25,2325.25,2325.25,25
2011-08-02 11:30:00+00:00,33,1,56972,NQU1,2334.25,2334.25,2331.0,2333.0,898
2011-08-02 11:40:00+00:00,33,1,56972,NQU1,2333.0,2335.5,2332.5,2335.25,801
2011-08-02 11:50:00+00:00,33,1,56972,NQU1,2335.25,2336.5,2335.0,2335.0,395
2011-08-02 12:00:00+00:00,33,1,56972,NQU1,2335.0,2335.75,2334.0,2334.75,814
2011-08-02 12:10:00+00:00,33,1,12038,NQZ1,2326.25,2326.25,2326.25,2326.25,1
2011-08-02 12:10:00+00:00,33,1,56972,NQU1,2334.75,2335.25,2331.5,2332.0,590
2011-08-02 12:20:00+00:00,33,1,12038,NQZ1,2324.0,2324.0,2324.0,2324.0,1
2011-08-02 12:20:00+00:00,33,1,56972,NQU1,2332.0,2333.0,2325.25,2328.25,2455
2011-08-02 12:30:00+00:00,33,1,12038,NQZ1,2325.25,2325.25,2325.25,2325.25,1
2011-08-02 12:30:00+00:00,33,1,56972,NQU1,2328.0,2331.0,2325.0,2330.75,1785
2011-08-02 12:40:00+00:00,33,1,56972,NQU1,2330.5,2335.75,2329.75,2334.0,2028
2011-08-02 12:50:00+00:00,33,1,12038,NQZ1,2332.0,2332.0,2332.0,2332.0,1
2011-08-02 12:50:00+00:00,33,1,56972,NQU1,2334.25,2338.75,2333.0,2338.0,1917
2011-08-02 13:00:00+00:00,33,1,56972,NQU1,2338.0,2338.25,2334.25,2335.5,1572
2011-08-02 13:10:00+00:00,33,1,56972,NQU1,2335.5,2338.0,2333.5,2335.0,1732
2011-08-02 13:20:00+00:00,33,1,12038,NQZ1,2330.25,2330.5,2330.25,2330.5,2
2011-08-02 13:20:00+00:00,33,1,56972,NQU1,2335.0,2338.25,2332.25,2338.0,3375
2011-08-02 13:30:00+00:00,33,1,12038,NQZ1,2331.5,2334.0,2331.5,2334.0,10
2011-08-02 13:30:00+00:00,33,1,56972,NQU1,2338.25,2341.5,2335.25,2341.0,17146
2011-08-02 13:40:00+00:00,33,1,56972,NQU1,2341.0,2345.25,2339.5,2342.75,8531
2011-08-02 13:50:00+00:00,33,1,12038,NQZ1,2337.0,2337.5,2337.0,2337.5,2
2011-08-02 13:50:00+00:00,33,1,56972,NQU1,2342.75,2345.75,2338.0,2345.25,8006
2011-08-02 14:00:00+00:00,33,1,12038,NQZ1,2341.25,2342.5,2338.5,2338.5,12
2011-08-02 14:00:00+00:00,33,1,56972,NQU1,2345.0,2349.25,2343.5,2344.5,9479
2011-08-02 14:10:00+00:00,33,1,12038,NQZ1,2336.75,2336.75,2336.75,2336.75,1
2011-08-02 14:10:00+00:00,33,1,56972,NQU1,2344.5,2347.75,2341.25,2342.5,5906
2011-08-02 14:20:00+00:00,33,1,12038,NQZ1,2341.25,2341.25,2341.25,2341.25,1
2011-08-02 14:20:00+00:00,33,1,56972,NQU1,2342.5,2347.0,2339.75,2342.0,6985
2011-08-02 14:30:00+00:00,33,1,12038,NQZ1,2335.5,2337.5,2334.0,2337.5,14
2011-08-02 14:30:00+00:00,33,1,56972,NQU1,2341.75,2344.0,2338.0,2342.5,10473
2011-08-02 14:40:00+00:00,33,1,56972,NQU1,2342.75,2346.5,2341.25,2342.25,4907
2011-08-02 14:50:00+00:00,33,1,12038,NQZ1,2333.0,2333.0,2333.0,2333.0,1
2011-08-02 14:50:00+00:00,33,1,56972,NQU1,2342.0,2343.25,2335.25,2336.75,7310
2011-08-02 15:00:00+00:00,33,1,12038,NQZ1,2330.0,2330.0,2328.0,2328.0,5
2011-08-02 15:00:00+00:00,33,1,56972,NQU1,2336.5,2336.75,2331.5,2333.75,10317
2011-08-02 15:10:00+00:00,33,1,12038,NQZ1,2326.5,2326.5,2326.0,2326.0,3
2011-08-02 15:10:00+00:00,33,1,56972,NQU1,2333.5,2333.75,2327.25,2329.5,9924
2011-08-02 15:20:00+00:00,33,1,12038,NQZ1,2324.25,2326.0,2324.25,2326.0,4
2011-08-02 15:20:00+00:00,33,1,56972,NQU1,2329.5,2332.25,2326.5,2331.0,5139
2011-08-02 15:30:00+00:00,33,1,12038,NQZ1,2326.75,2328.0,2326.75,2328.0,41
2011-08-02 15:30:00+00:00,33,1,56972,NQU1,2331.0,2334.5,2329.5,2332.0,8816
2011-08-02 15:40:00+00:00,33,1,12038,NQZ1,2324.0,2324.0,2324.0,2324.0,25
2011-08-02 15:40:00+00:00,33,1,56972,NQU1,2332.0,2332.25,2329.0,2331.5,4022
2011-08-02 15:50:00+00:00,33,1,12038,NQZ1,2326.5,2326.5,2325.0,2325.0,2
2011-08-02 15:50:00+00:00,33,1,56972,NQU1,2331.75,2333.25,2329.5,2331.0,3189
2011-08-02 15:50:00+00:00,33,1,612349,NQU1-NQZ1,-5.35,-5.35,-5.35,-5.35,1
2011-08-02 16:00:00+00:00,33,1,12038,NQZ1,2324.75,2324.75,2323.25,2323.75,5
2011-08-02 16:00:00+00:00,33,1,56972,NQU1,2331.0,2331.5,2328.25,2330.0,4209
2011-08-02 16:00:00+00:00,33,1,612349,NQU1-NQZ1,-5.35,-5.35,-5.35,-5.35,2
2011-08-02 16:10:00+00:00,33,1,12038,NQZ1,2326.25,2326.25,2325.5,2325.5,3
2011-08-02 16:10:00+00:00,33,1,56972,NQU1,2329.75,2334.5,2328.75,2334.0,2797
2011-08-02 16:20:00+00:00,33,1,12038,NQZ1,2330.75,2330.75,2329.5,2329.5,2
2011-08-02 16:20:00+00:00,33,1,56972,NQU1,2334.25,2336.25,2333.25,2335.25,2092
2011-08-02 16:30:00+00:00,33,1,12038,NQZ1,2322.0,2322.0,2322.0,2322.0,1
2011-08-02 16:30:00+00:00,33,1,56972,NQU1,2335.5,2336.0,2326.0,2329.0,6006
2011-08-02 16:40:00+00:00,33,1,12038,NQZ1,2325.0,2325.0,2301.0,2312.0,99
2011-08-02 16:40:00+00:00,33,1,56972,NQU1,2329.0,2332.25,2312.25,2319.0,17614
2011-08-02 16:40:00+00:00,33,1,612349,NQU1-NQZ1,-5.25,-5.25,-5.35,-5.35,6
2011-08-02 16:50:00+00:00,33,1,12038,NQZ1,2313.5,2313.5,2313.5,2313.5,1
2011-08-02 16:50:00+00:00,33,1,56972,NQU1,2319.25,2320.75,2315.75,2318.5,7898
2011-08-02 16:50:00+00:00,33,1,612349,NQU1-NQZ1,-5.25,-5.25,-5.25,-5.25,6
2011-08-02 17:00:00+00:00,33,1,56972,NQU1,2318.5,2323.5,2316.75,2321.75,5594
2011-08-02 17:10:00+00:00,33,1,56972,NQU1,2321.75,2324.75,2318.5,2323.0,3490
2011-08-02 17:20:00+00:00,33,1,12038,NQZ1,2316.5,2316.5,2316.5,2316.5,1
2011-08-02 17:20:00+00:00,33,1,56972,NQU1,2323.0,2325.0,2320.5,2320.75,2934
2011-08-02 17:30:00+00:00,33,1,12038,NQZ1,2308.0,2308.0,2308.0,2308.0,2
2011-08-02 17:30:00+00:00,33,1,56972,NQU1,2320.75,2322.0,2311.75,2314.25,7121
2011-08-02 17:40:00+00:00,33,1,12038,NQZ1,2310.25,2310.25,2309.5,2309.5,8
2011-08-02 17:40:00+00:00,33,1,56972,NQU1,2314.25,2316.5,2311.0,2314.25,5383
2011-08-02 17:50:00+00:00,33,1,56972,NQU1,2314.25,2314.5,2302.75,2305.0,8790
2011-08-02 18:00:00+00:00,33,1,12038,NQZ1,2302.75,2303.25,2302.75,2303.25,10
2011-08-02 18:00:00+00:00,33,1,56972,NQU1,2305.0,2310.25,2304.25,2308.25,5586
2011-08-02 18:00:00+00:00,33,1,612349,NQU1-NQZ1,-5.25,-5.25,-5.25,-5.25,6
2011-08-02 18:10:00+00:00,33,1,12038,NQZ1,2306.25,2306.25,2306.25,2306.25,1
2011-08-02 18:10:00+00:00,33,1,56972,NQU1,2308.0,2315.0,2308.0,2314.5,4554
2011-08-02 18:20:00+00:00,33,1,12038,NQZ1,2305.0,2305.0,2305.0,2305.0,1
2011-08-02 18:20:00+00:00,33,1,56972,NQU1,2314.25,2316.0,2309.25,2310.5,3178
2011-08-02 18:30:00+00:00,33,1,56972,NQU1,2310.25,2311.25,2306.5,2306.75,2928
2011-08-02 18:40:00+00:00,33,1,12038,NQZ1,2303.25,2303.25,2303.25,2303.25,1
2011-08-02 18:40:00+00:00,33,1,56972,NQU1,2306.5,2309.25,2303.25,2308.5,3578
2011-08-02 18:50:00+00:00,33,1,56972,NQU1,2308.5,2316.25,2307.5,2314.75,4775
2011-08-02 19:00:00+00:00,33,1,12038,NQZ1,2308.25,2308.25,2308.25,2308.25,1
2011-08-02 19:00:00+00:00,33,1,56972,NQU1,2315.0,2317.0,2313.0,2314.75,3883
2011-08-02 19:10:00+00:00,33,1,56972,NQU1,2314.75,2316.0,2308.5,2309.75,6051
2011-08-02 19:20:00+00:00,33,1,12038,NQZ1,2301.5,2301.5,2301.5,2301.5,1
2011-08-02 19:20:00+00:00,33,1,56972,NQU1,2309.5,2310.0,2299.5,2301.5,10992
2011-08-02 19:20:00+00:00,33,1,612349,NQU1-NQZ1,-5.25,-5.25,-5.25,-5.25,1
2011-08-02 19:30:00+00:00,33,1,12038,NQZ1,2295.5,2297.0,2295.5,2297.0,2
2011-08-02 19:30:00+00:00,33,1,56972,NQU1,2301.25,2304.75,2299.5,2302.75,7366
2011-08-02 19:40:00+00:00,33,1,12038,NQZ1,2295.25,2295.25,2292.25,2292.25,25
2011-08-02 19:40:00+00:00,33,1,56972,NQU1,2302.75,2303.0,2295.5,2296.75,13461
2011-08-02 19:50:00+00:00,33,1,12038,NQZ1,2283.75,2283.75,2283.75,2283.75,1
2011-08-02 19:50:00+00:00,33,1,56972,NQU1,2296.75,2297.0,2287.75,2289.75,25530
2011-08-02 19:50:00+00:00,33,1,612349,NQU1-NQZ1,-5.25,-5.25,-5.25,-5.25,1
2011-08-02 20:00:00+00:00,33,1,12038,NQZ1,2284.0,2284.0,2284.0,2284.0,5
2011-08-02 20:00:00+00:00,33,1,56972,NQU1,2289.75,2292.25,2288.75,2291.25,10630
2011-08-02 20:00:00+00:00,33,1,612349,NQU1-NQZ1,-5.35,-5.35,-5.35,-5.35,2
2011-08-02 20:10:00+00:00,33,1,12038,NQZ1,2280.75,2281.5,2280.75,2281.5,4
2011-08-02 20:10:00+00:00,33,1,56972,NQU1,2291.0,2295.25,2285.75,2288.0,5215
2011-08-02 20:30:00+00:00,33,1,56972,NQU1,2290.0,2290.0,2288.0,2289.0,388
2011-08-02 20:40:00+00:00,33,1,56972,NQU1,2289.25,2290.25,2287.75,2288.5,84
2011-08-02 20:50:00+00:00,33,1,56972,NQU1,2288.5,2289.0,2283.5,2284.75,291
2011-08-02 21:00:00+00:00,33,1,56972,NQU1,2285.0,2285.25,2283.5,2283.75,275
2011-08-02 21:10:00+00:00,33,1,56972,NQU1,2284.0,2286.5,2282.5,2286.5,198
2011-08-02 21:20:00+00:00,33,1,56972,NQU1,2286.5,2286.75,2283.5,2284.0,97
2011-08-02 22:00:00+00:00,33,1,56972,NQU1,2284.25,2286.75,2283.25,2284.75,378
2011-08-02 22:10:00+00:00,33,1,56972,NQU1,2284.75,2285.0,2281.25,2284.0,183
2011-08-02 22:20:00+00:00,33,1,56972,NQU1,2284.0,2285.5,2283.0,2284.25,363
2011-08-02 22:30:00+00:00,33,1,56972,NQU1,2284.25,2284.5,2283.0,2283.75,146
2011-08-02 22:40:00+00:00,33,1,56972,NQU1,2283.5,2284.0,2283.25,2283.75,32
2011-08-02 22:50:00+00:00,33,1,56972,NQU1,2283.75,2284.0,2283.75,2284.0,10
2011-08-02 23:00:00+00:00,33,1,56972,NQU1,2284.0,2284.25,2283.75,2284.25,20
2011-08-02 23:10:00+00:00,33,1,56972,NQU1,2284.25,2286.5,2284.0,2285.5,66
2011-08-02 23:20:00+00:00,33,1,56972,NQU1,2285.25,2285.75,2284.25,2284.25,60
2011-08-02 23:30:00+00:00,33,1,56972,NQU1,2285.5,2286.75,2285.5,2286.75,93
2011-08-02 23:40:00+00:00,33,1,56972,NQU1,2287.0,2287.0,2285.0,2285.0,47
2011-08-02 23:50:00+00:00,33,1,56972,NQU1,2285.0,2285.75,2284.5,2284.75,86
2011-08-03 00:00:00+00:00,33,1,56972,NQU1,2285.0,2285.5,2284.5,2285.0,68
2011-08-03 00:10:00+00:00,33,1,56972,NQU1,2284.5,2285.25,2284.5,2285.25,41
2011-08-03 00:20:00+00:00,33,1,56972,NQU1,2284.75,2287.0,2284.5,2286.75,42
2011-08-03 00:30:00+00:00,33,1,56972,NQU1,2287.0,2288.25,2286.5,2288.25,67
2011-08-03 00:40:00+00:00,33,1,56972,NQU1,2288.0,2288.25,2286.75,2287.75,122
2011-08-03 00:50:00+00:00,33,1,56972,NQU1,2287.75,2288.0,2286.25,2286.25,46
2011-08-03 01:00:00+00:00,33,1,56972,NQU1,2286.25,2287.25,2285.75,2286.75,78
2011-08-03 01:10:00+00:00,33,1,12038,NQZ1,2280.0,2280.0,2280.0,2280.0,3
2011-08-03 01:10:00+00:00,33,1,56972,NQU1,2286.5,2286.5,2284.75,2285.25,118
2011-08-03 01:20:00+00:00,33,1,56972,NQU1,2285.5,2286.0,2285.0,2285.25,98
2011-08-03 01:30:00+00:00,33,1,56972,NQU1,2285.0,2286.0,2284.0,2284.5,152
2011-08-03 01:40:00+00:00,33,1,56972,NQU1,2284.5,2284.5,2282.75,2284.5,166
2011-08-03 01:50:00+00:00,33,1,56972,NQU1,2284.0,2285.25,2283.25,2285.25,154
2011-08-03 02:00:00+00:00,33,1,12038,NQZ1,2280.25,2280.5,2280.25,2280.5,10
2011-08-03 02:00:00+00:00,33,1,56972,NQU1,2285.0,2285.75,2284.25,2285.5,99
2011-08-03 02:10:00+00:00,33,1,56972,NQU1,2285.5,2287.5,2285.5,2287.0,144
2011-08-03 02:20:00+00:00,33,1,56972,NQU1,2287.0,2287.75,2286.75,2286.75,85
2011-08-03 02:30:00+00:00,33,1,56972,NQU1,2286.5,2286.75,2285.75,2286.25,71
2011-08-03 02:40:00+00:00,33,1,56972,NQU1,2285.75,2287.25,2285.75,2287.25,31
2011-08-03 02:50:00+00:00,33,1,56972,NQU1,2287.25,2287.75,2286.75,2287.5,73
2011-08-03 03:00:00+00:00,33,1,56972,NQU1,2287.5,2288.0,2286.25,2288.0,80
2011-08-03 03:10:00+00:00,33,1,56972,NQU1,2288.0,2288.5,2287.75,2288.25,23
2011-08-03 03:20:00+00:00,33,1,56972,NQU1,2287.5,2288.0,2287.0,2288.0,44
2011-08-03 03:30:00+00:00,33,1,56972,NQU1,2288.25,2289.5,2288.0,2288.5,154
2011-08-03 03:40:00+00:00,33,1,56972,NQU1,2289.0,2289.5,2288.5,2288.75,30
2011-08-03 03:50:00+00:00,33,1,56972,NQU1,2289.0,2289.25,2287.5,2288.0,56
2011-08-03 04:00:00+00:00,33,1,56972,NQU1,2288.25,2289.25,2286.75,2289.25,66
2011-08-03 04:10:00+00:00,33,1,12038,NQZ1,2285.0,2285.0,2285.0,2285.0,1
2011-08-03 04:10:00+00:00,33,1,56972,NQU1,2289.25,2290.5,2289.0,2290.5,103
2011-08-03 04:20:00+00:00,33,1,56972,NQU1,2290.5,2290.5,2289.5,2290.0,58
2011-08-03 04:30:00+00:00,33,1,56972,NQU1,2290.0,2291.25,2289.75,2291.0,132
2011-08-03 04:40:00+00:00,33,1,56972,NQU1,2290.75,2291.5,2290.75,2291.0,33
2011-08-03 04:50:00+00:00,33,1,56972,NQU1,2291.0,2291.0,2289.25,2289.25,55
2011-08-03 05:00:00+00:00,33,1,56972,NQU1,2289.25,2289.75,2289.0,2289.5,30
2011-08-03 05:10:00+00:00,33,1,56972,NQU1,2289.25,2289.5,2288.75,2289.25,33
2011-08-03 05:20:00+00:00,33,1,56972,NQU1,2289.0,2289.0,2288.0,2288.0,63
2011-08-03 05:30:00+00:00,33,1,56972,NQU1,2287.75,2287.75,2287.25,2287.5,22
2011-08-03 05:40:00+00:00,33,1,56972,NQU1,2287.75,2287.75,2287.0,2287.75,20
2011-08-03 05:50:00+00:00,33,1,56972,NQU1,2288.0,2289.5,2288.0,2288.0,102
2011-08-03 06:00:00+00:00,33,1,56972,NQU1,2288.25,2290.5,2288.0,2289.25,309
2011-08-03 06:10:00+00:00,33,1,56972,NQU1,2289.75,2291.25,2288.75,2290.5,291
2011-08-03 06:20:00+00:00,33,1,56972,NQU1,2290.5,2290.5,2288.25,2288.75,509
2011-08-03 06:30:00+00:00,33,1,56972,NQU1,2288.75,2290.0,2288.25,2288.5,197
2011-08-03 06:40:00+00:00,33,1,12038,NQZ1,2281.75,2281.75,2281.75,2281.75,8
2011-08-03 06:40:00+00:00,33,1,56972,NQU1,2288.5,2289.25,2286.0,2286.0,417
2011-08-03 06:50:00+00:00,33,1,12038,NQZ1,2279.0,2280.0,2274.0,2280.0,34
2011-08-03 06:50:00+00:00,33,1,56972,NQU1,2286.0,2286.25,2277.25,2285.75,1294
2011-08-03 06:50:00+00:00,33,1,612349,NQU1-NQZ1,-5.0,-5.0,-5.3,-5.3,6
2011-08-03 07:00:00+00:00,33,1,56972,NQU1,2285.5,2292.0,2285.0,2290.5,1890
2011-08-03 07:10:00+00:00,33,1,56972,NQU1,2290.75,2291.0,2283.25,2284.75,1338
2011-08-03 07:20:00+00:00,33,1,56972,NQU1,2284.5,2290.0,2284.5,2288.0,1047
2011-08-03 07:30:00+00:00,33,1,56972,NQU1,2288.25,2294.5,2288.0,2294.0,2030
2011-08-03 07:40:00+00:00,33,1,56972,NQU1,2294.0,2297.75,2293.75,2296.25,2248
2011-08-03 07:50:00+00:00,33,1,12038,NQZ1,2290.0,2290.0,2289.5,2289.5,2
2011-08-03 07:50:00+00:00,33,1,56972,NQU1,2296.0,2296.0,2293.5,2294.25,713
2011-08-03 08:00:00+00:00,33,1,12038,NQZ1,2291.0,2291.0,2291.0,2291.0,2
2011-08-03 08:00:00+00:00,33,1,56972,NQU1,2294.25,2297.75,2294.0,2297.5,834
2011-08-03 08:10:00+00:00,33,1,56972,NQU1,2297.75,2298.75,2295.5,2296.5,713
2011-08-03 08:20:00+00:00,33,1,56972,NQU1,2296.75,2299.5,2296.75,2299.25,786
2011-08-03 08:30:00+00:00,33,1,56972,NQU1,2299.25,2299.75,2297.0,2297.75,834
2011-08-03 08:40:00+00:00,33,1,56972,NQU1,2298.0,2298.0,2295.0,2296.0,732
2011-08-03 08:50:00+00:00,33,1,56972,NQU1,2295.75,2298.75,2294.75,2298.25,600
2011-08-03 09:00:00+00:00,33,1,12038,NQZ1,2295.0,2295.0,2295.0,2295.0,1
2011-08-03 09:00:00+00:00,33,1,56972,NQU1,2298.25,2301.25,2298.25,2298.75,840
2011-08-03 09:10:00+00:00,33,1,12038,NQZ1,2294.0,2294.0,2294.0,2294.0,1
2011-08-03 09:10:00+00:00,33,1,56972,NQU1,2298.75,2299.0,2297.25,2297.25,276
2011-08-03 09:20:00+00:00,33,1,56972,NQU1,2297.25,2297.75,2295.5,2296.75,309
2011-08-03 09:30:00+00:00,33,1,12038,NQZ1,2293.0,2293.0,2293.0,2293.0,1
2011-08-03 09:30:00+00:00,33,1,56972,NQU1,2297.0,2299.0,2296.5,2297.5,447
2011-08-03 09:40:00+00:00,33,1,56972,NQU1,2297.5,2299.5,2297.5,2299.25,337
2011-08-03 09:50:00+00:00,33,1,56972,NQU1,2299.0,2299.5,2298.0,2298.25,231
2011-08-03 10:00:00+00:00,33,1,56972,NQU1,2298.5,2299.25,2296.5,2298.0,339
2011-08-03 10:10:00+00:00,33,1,56972,NQU1,2297.5,2300.5,2297.5,2298.0,533
2011-08-03 10:20:00+00:00,33,1,56972,NQU1,2298.25,2301.0,2298.0,2300.5,477
2011-08-03 10:30:00+00:00,33,1,12038,NQZ1,2296.25,2296.25,2296.25,2296.25,1
2011-08-03 10:30:00+00:00,33,1,56972,NQU1,2300.5,2302.5,2300.25,2302.5,467
2011-08-03 10:40:00+00:00,33,1,56972,NQU1,2302.5,2303.5,2301.5,2302.0,360
2011-08-03 10:50:00+00:00,33,1,56972,NQU1,2302.0,2302.25,2299.5,2300.75,395
2011-08-03 11:00:00+00:00,33,1,56972,NQU1,2300.5,2300.5,2298.0,2298.75,769
2011-08-03 11:10:00+00:00,33,1,56972,NQU1,2298.75,2300.25,2297.75,2300.25,320
2011-08-03 11:20:00+00:00,33,1,56972,NQU1,2300.25,2300.25,2297.5,2297.5,296
2011-08-03 11:30:00+00:00,33,1,56972,NQU1,2297.25,2297.25,2294.5,2296.25,709
2011-08-03 11:40:00+00:00,33,1,12038,NQZ1,2287.75,2287.75,2287.75,2287.75,2
2011-08-03 11:40:00+00:00,33,1,56972,NQU1,2296.5,2296.75,2292.5,2294.0,1530
2011-08-03 11:50:00+00:00,33,1,56972,NQU1,2294.25,2294.5,2291.75,2294.5,934
2011-08-03 12:00:00+00:00,33,1,56972,NQU1,2294.5,2295.0,2291.25,2292.75,1164
2011-08-03 12:10:00+00:00,33,1,56972,NQU1,2292.75,2298.25,2289.75,2296.0,3685
2011-08-03 12:20:00+00:00,33,1,56972,NQU1,2296.0,2297.75,2293.25,2297.0,1671
2011-08-03 12:30:00+00:00,33,1,56972,NQU1,2297.25,2299.0,2295.5,2298.75,1307
2011-08-03 12:40:00+00:00,33,1,56972,NQU1,2298.75,2299.0,2295.75,2297.25,992
2011-08-03 12:50:00+00:00,33,1,56972,NQU1,2297.5,2298.5,2295.0,2296.75,1352
2011-08-03 13:00:00+00:00,33,1,56972,NQU1,2297.0,2298.5,2296.0,2296.5,901
2011-08-03 13:10:00+00:00,33,1,56972,NQU1,2296.5,2297.75,2295.5,2295.75,764
2011-08-03 13:20:00+00:00,33,1,56972,NQU1,2295.5,2296.25,2292.5,2294.0,3795
2011-08-03 13:30:00+00:00,33,1,12038,NQZ1,2285.25,2290.0,2285.25,2290.0,37
2011-08-03 13:30:00+00:00,33,1,56972,NQU1,2294.0,2297.0,2289.0,2289.25,19203
2011-08-03 13:40:00+00:00,33,1,12038,NQZ1,2282.75,2282.75,2279.5,2279.5,8
2011-08-03 13:40:00+00:00,33,1,56972,NQU1,2289.25,2293.25,2284.5,2288.75,13026
2011-08-03 13:50:00+00:00,33,1,12038,NQZ1,2282.5,2293.75,2282.5,2293.75,13
2011-08-03 13:50:00+00:00,33,1,56972,NQU1,2288.5,2300.75,2287.5,2300.0,10749
2011-08-03 14:00:00+00:00,33,1,12038,NQZ1,2291.75,2291.75,2286.25,2286.25,5
2011-08-03 14:00:00+00:00,33,1,56972,NQU1,2300.5,2303.5,2287.75,2293.0,15938
2011-08-03 14:10:00+00:00,33,1,12038,NQZ1,2288.25,2288.25,2279.5,2279.5,26
2011-08-03 14:10:00+00:00,33,1,56972,NQU1,2293.0,2295.0,2284.0,2285.25,9609
2011-08-03 14:20:00+00:00,33,1,8870,NQH2,2264.0,2264.0,2264.0,2264.0,1
2011-08-03 14:20:00+00:00,33,1,12038,NQZ1,2275.25,2275.25,2268.25,2269.5,28
2011-08-03 14:20:00+00:00,33,1,56972,NQU1,2285.25,2285.75,2271.25,2277.25,14328
2011-08-03 14:30:00+00:00,33,1,12038,NQZ1,2269.25,2269.25,2249.0,2252.75,72
2011-08-03 14:30:00+00:00,33,1,56972,NQU1,2277.25,2277.25,2253.0,2259.0,28474
2011-08-03 14:40:00+00:00,33,1,12038,NQZ1,2254.0,2257.0,2248.75,2255.75,88
2011-08-03 14:40:00+00:00,33,1,56972,NQU1,2259.0,2262.75,2253.75,2261.25,19894
2011-08-03 14:50:00+00:00,33,1,12038,NQZ1,2253.25,2270.5,2253.0,2270.5,36
2011-08-03 14:50:00+00:00,33,1,56972,NQU1,2261.25,2277.5,2257.5,2277.25,21001
2011-08-03 14:50:00+00:00,33,1,612349,NQU1-NQZ1,-5.2,-5.2,-5.2,-5.2,2
2011-08-03 15:00:00+00:00,33,1,12038,NQZ1,2271.0,2280.0,2269.0,2269.0,18
2011-08-03 15:00:00+00:00,33,1,56972,NQU1,2277.25,2285.0,2272.75,2275.75,17199
2011-08-03 15:10:00+00:00,33,1,12038,NQZ1,2270.0,2287.0,2269.75,2285.25,77
2011-08-03 15:10:00+00:00,33,1,56972,NQU1,2275.25,2293.5,2273.75,2291.75,18259
2011-08-03 15:10:00+00:00,33,1,612349,NQU1-NQZ1,-5.3,-5.2,-5.3,-5.2,9
2011-08-03 15:20:00+00:00,33,1,12038,NQZ1,2287.75,2287.75,2280.25,2280.25,16
2011-08-03 15:20:00+00:00,33,1,56972,NQU1,2292.0,2293.5,2284.75,2287.5,19092
2011-08-03 15:30:00+00:00,33,1,12038,NQZ1,2283.0,2284.75,2283.0,2284.75,3
2011-08-03 15:30:00+00:00,33,1,56972,NQU1,2287.75,2297.0,2287.0,2294.5,14597
2011-08-03 15:40:00+00:00,33,1,12038,NQZ1,2281.5,2281.5,2281.5,2281.5,4
2011-08-03 15:40:00+00:00,33,1,56972,NQU1,2294.5,2294.75,2284.75,2287.75,5241
2011-08-03 15:50:00+00:00,33,1,56972,NQU1,2287.75,2293.5,2286.75,2288.5,4648
2011-08-03 16:00:00+00:00,33,1,12038,NQZ1,2276.0,2278.5,2276.0,2278.5,5
2011-08-03 16:00:00+00:00,33,1,56972,NQU1,2288.5,2289.25,2279.75,2284.5,8068
2011-08-03 16:10:00+00:00,33,1,12038,NQZ1,2278.0,2278.0,2273.5,2273.5,26
2011-08-03 16:10:00+00:00,33,1,56972,NQU1,2284.5,2285.0,2277.25,2278.0,5075
2011-08-03 16:10:00+00:00,33,1,612349,NQU1-NQZ1,-5.35,-5.35,-5.35,-5.35,14
2011-08-03 16:20:00+00:00,33,1,12038,NQZ1,2271.5,2273.25,2270.0,2273.25,5
2011-08-03 16:20:00+00:00,33,1,56972,NQU1,2278.0,2280.0,2273.75,2279.75,5961
2011-08-03 16:30:00+00:00,33,1,56972,NQU1,2279.75,2285.0,2277.0,2284.25,4648
2011-08-03 16:40:00+00:00,33,1,8870,NQH2,2276.0,2276.0,2276.0,2276.0,1
2011-08-03 16:40:00+00:00,33,1,12038,NQZ1,2276.75,2279.5,2276.75,2279.5,2
2011-08-03 16:40:00+00:00,33,1,56972,NQU1,2284.25,2285.25,2281.25,2285.25,2903
2011-08-03 16:50:00+00:00,33,1,56972,NQU1,2285.25,2289.25,2283.75,2285.5,5498
2011-08-03 17:00:00+00:00,33,1,12038,NQZ1,2276.0,2276.0,2276.0,2276.0,1
2011-08-03 17:00:00+00:00,33,1,56972,NQU1,2285.25,2285.25,2279.25,2281.5,3731
2011-08-03 17:10:00+00:00,33,1,56972,NQU1,2281.5,2287.0,2280.25,2285.25,3799
2011-08-03 17:20:00+00:00,33,1,56972,NQU1,2285.0,2291.75,2284.25,2291.5,5186
2011-08-03 17:30:00+00:00,33,1,56972,NQU1,2291.25,2302.5,2290.75,2302.0,6245
2011-08-03 17:40:00+00:00,33,1,12038,NQZ1,2296.0,2303.0,2296.0,2300.0,7
2011-08-03 17:40:00+00:00,33,1,56972,NQU1,2302.0,2309.75,2300.75,2306.0,12042
2011-08-03 17:50:00+00:00,33,1,12038,NQZ1,2299.75,2299.75,2299.75,2299.75,1
2011-08-03 17:50:00+00:00,33,1,56972,NQU1,2305.75,2306.0,2300.75,2302.5,5578
2011-08-03 18:00:00+00:00,33,1,12038,NQZ1,2297.0,2297.0,2297.0,2297.0,1
2011-08-03 18:00:00+00:00,33,1,56972,NQU1,2302.75,2307.25,2301.0,2302.0,5457
2011-08-03 18:10:00+00:00,33,1,12038,NQZ1,2301.75,2301.75,2298.25,2298.25,2
2011-08-03 18:10:00+00:00,33,1,56972,NQU1,2302.25,2308.75,2301.25,2301.5,4584
2011-08-03 18:20:00+00:00,33,1,12038,NQZ1,2294.75,2299.25,2294.75,2299.25,2
2011-08-03 18:20:00+00:00,33,1,56972,NQU1,2301.5,2305.25,2296.0,2298.0,7742
2011-08-03 18:30:00+00:00,33,1,56972,NQU1,2298.0,2301.25,2296.5,2300.25,4475
2011-08-03 18:40:00+00:00,33,1,12038,NQZ1,2298.75,2298.75,2298.75,2298.75,1
2011-08-03 18:40:00+00:00,33,1,56972,NQU1,2300.0,2304.0,2297.75,2303.25,4050
2011-08-03 18:50:00+00:00,33,1,12038,NQZ1,2295.0,2298.25,2295.0,2298.25,2
2011-08-03 18:50:00+00:00,33,1,56972,NQU1,2303.25,2307.0,2300.0,2305.0,4127
2011-08-03 19:00:00+00:00,33,1,12038,NQZ1,2301.0,2303.0,2300.5,2300.5,3
2011-08-03 19:00:00+00:00,33,1,56972,NQU1,2305.0,2308.5,2301.5,2301.75,4543
2011-08-03 19:10:00+00:00,33,1,12038,NQZ1,2301.25,2301.25,2298.5,2300.5,3
2011-08-03 19:10:00+00:00,33,1,56972,NQU1,2301.75,2310.0,2301.0,2309.0,10524
2011-08-03 19:20:00+00:00,33,1,12038,NQZ1,2305.0,2308.5,2304.25,2304.5,12
2011-08-03 19:20:00+00:00,33,1,56972,NQU1,2309.0,2314.5,2308.0,2311.0,13489
2011-08-03 19:30:00+00:00,33,1,12038,NQZ1,2300.25,2300.25,2300.25,2300.25,1
2011-08-03 19:30:00+00:00,33,1,56972,NQU1,2311.25,2312.0,2304.5,2307.5,7701
2011-08-03 19:40:00+00:00,33,1,56972,NQU1,2307.75,2312.5,2305.75,2308.25,8377
2011-08-03 19:40:00+00:00,33,1,612349,NQU1-NQZ1,-5.4,-5.4,-5.4,-5.4,50
2011-08-03 19:50:00+00:00,33,1,56972,NQU1,2308.25,2312.5,2308.0,2310.5,16360
2011-08-03 20:00:00+00:00,33,1,56972,NQU1,2311.0,2311.25,2304.5,2306.25,6623
2011-08-03 20:00:00+00:00,33,1,612349,NQU1-NQZ1,-5.7,-5.7,-5.7,-5.7,10
2011-08-03 20:10:00+00:00,33,1,56972,NQU1,2306.25,2306.75,2302.75,2303.5,2680
2011-08-03 20:30:00+00:00,33,1,56972,NQU1,2303.75,2306.75,2303.0,2305.0,331
2011-08-03 20:40:00+00:00,33,1,56972,NQU1,2305.0,2307.25,2305.0,2306.25,122
2011-08-03 20:50:00+00:00,33,1,56972,NQU1,2306.25,2306.25,2305.0,2305.0,41
2011-08-03 21:00:00+00:00,33,1,56972,NQU1,2304.5,2305.25,2304.0,2305.25,25
2011-08-03 21:10:00+00:00,33,1,56972,NQU1,2305.25,2306.75,2304.75,2305.5,31
2011-08-03 21:20:00+00:00,33,1,56972,NQU1,2305.75,2306.75,2305.0,2305.0,11
2011-08-03 22:00:00+00:00,33,1,56972,NQU1,2305.75,2307.0,2305.5,2305.75,76
2011-08-03 22:10:00+00:00,33,1,56972,NQU1,2305.5,2306.75,2305.5,2305.75,55
2011-08-03 22:20:00+00:00,33,1,56972,NQU1,2305.5,2307.25,2305.5,2307.0,54
2011-08-03 22:30:00+00:00,33,1,56972,NQU1,2307.0,2307.0,2306.25,2306.25,13
2011-08-03 22:40:00+00:00,33,1,56972,NQU1,2307.0,2307.5,2307.0,2307.25,10
2011-08-03 22:50:00+00:00,33,1,56972,NQU1,2307.0,2309.0,2306.75,2308.75,92
2011-08-03 23:00:00+00:00,33,1,56972,NQU1,2309.0,2309.0,2308.5,2308.75,19
2011-08-03 23:10:00+00:00,33,1,56972,NQU1,2308.5,2310.0,2308.25,2309.5,85
2011-08-03 23:20:00+00:00,33,1,56972,NQU1,2309.25,2310.0,2309.25,2310.0,11
2011-08-03 23:30:00+00:00,33,1,56972,NQU1,2310.0,2310.5,2309.25,2309.25,51
2011-08-03 23:40:00+00:00,33,1,56972,NQU1,2310.25,2311.25,2310.25,2311.0,97
2011-08-03 23:50:00+00:00,33,1,56972,NQU1,2311.0,2311.75,2310.25,2311.5,106
2011-08-04 00:00:00+00:00,33,1,56972,NQU1,2311.0,2311.0,2308.75,2310.0,155
2011-08-04 00:10:00+00:00,33,1,56972,NQU1,2310.0,2310.25,2309.0,2309.25,54
2011-08-04 00:20:00+00:00,33,1,56972,NQU1,2309.25,2311.0,2306.75,2307.0,133
2011-08-04 00:30:00+00:00,33,1,56972,NQU1,2307.0,2309.75,2307.0,2309.5,62
2011-08-04 00:40:00+00:00,33,1,56972,NQU1,2309.5,2311.25,2309.5,2310.25,71
2011-08-04 00:50:00+00:00,33,1,56972,NQU1,2310.25,2311.75,2310.0,2311.25,84
2011-08-04 01:00:00+00:00,33,1,12038,NQZ1,2310.0,2310.75,2310.0,2310.75,2
2011-08-04 01:00:00+00:00,33,1,56972,NQU1,2311.25,2315.75,2311.0,2315.5,578
2011-08-04 01:10:00+00:00,33,1,56972,NQU1,2315.5,2316.5,2314.75,2316.5,250
2011-08-04 01:20:00+00:00,33,1,12038,NQZ1,2312.75,2312.75,2312.75,2312.75,1
2011-08-04 01:20:00+00:00,33,1,56972,NQU1,2316.5,2319.5,2316.0,2318.5,588
2011-08-04 01:30:00+00:00,33,1,56972,NQU1,2318.5,2319.25,2315.5,2316.0,270
2011-08-04 01:40:00+00:00,33,1,56972,NQU1,2316.0,2317.0,2315.75,2316.0,80
2011-08-04 01:50:00+00:00,33,1,56972,NQU1,2315.75,2316.0,2314.0,2315.0,109
2011-08-04 02:00:00+00:00,33,1,56972,NQU1,2314.75,2314.75,2313.0,2313.0,119
2011-08-04 02:10:00+00:00,33,1,12038,NQZ1,2307.25,2307.25,2307.25,2307.25,1
2011-08-04 02:10:00+00:00,33,1,56972,NQU1,2313.0,2314.75,2312.0,2314.5,209
2011-08-04 02:20:00+00:00,33,1,56972,NQU1,2314.5,2315.75,2313.0,2313.75,94
2011-08-04 02:30:00+00:00,33,1,56972,NQU1,2313.5,2314.0,2313.25,2313.5,25
2011-08-04 02:40:00+00:00,33,1,12038,NQZ1,2305.75,2305.75,2305.75,2305.75,3
2011-08-04 02:40:00+00:00,33,1,56972,NQU1,2313.5,2313.5,2308.75,2308.75,296
2011-08-04 02:50:00+00:00,33,1,56972,NQU1,2308.75,2310.0,2307.25,2310.0,193
2011-08-04 03:00:00+00:00,33,1,56972,NQU1,2309.75,2311.0,2309.0,2310.75,45
2011-08-04 03:10:00+00:00,33,1,56972,NQU1,2311.0,2311.25,2310.25,2310.5,36
2011-08-04 03:20:00+00:00,33,1,56972,NQU1,2311.0,2313.0,2311.0,2313.0,92
2011-08-04 03:30:00+00:00,33,1,56972,NQU1,2313.0,2313.5,2312.75,2313.0,58
2011-08-04 03:40:00+00:00,33,1,56972,NQU1,2313.0,2313.0,2310.0,2311.25,53
2011-08-04 03:50:00+00:00,33,1,56972,NQU1,2311.5,2313.0,2311.5,2313.0,33
2011-08-04 04:00:00+00:00,33,1,56972,NQU1,2313.5,2313.75,2311.25,2312.25,94
2011-08-04 04:10:00+00:00,33,1,56972,NQU1,2312.5,2312.75,2310.75,2311.0,36
2011-08-04 04:20:00+00:00,33,1,56972,NQU1,2311.0,2311.25,2309.75,2311.25,94
2011-08-04 04:30:00+00:00,33,1,56972,NQU1,2311.25,2311.25,2309.5,2309.75,34
2011-08-04 04:40:00+00:00,33,1,56972,NQU1,2309.5,2309.5,2307.75,2308.0,71
2011-08-04 04:50:00+00:00,33,1,56972,NQU1,2308.0,2308.0,2307.0,2307.0,121
2011-08-04 05:00:00+00:00,33,1,56972,NQU1,2307.0,2310.0,2306.25,2309.0,157
2011-08-04 05:10:00+00:00,33,1,56972,NQU1,2309.0,2309.25,2307.25,2307.5,47
2011-08-04 05:20:00+00:00,33,1,56972,NQU1,2307.5,2307.75,2306.25,2306.5,75
2011-08-04 05:30:00+00:00,33,1,56972,NQU1,2307.0,2307.5,2306.25,2307.25,39
2011-08-04 05:40:00+00:00,33,1,56972,NQU1,2307.5,2308.25,2303.75,2304.0,107
2011-08-04 05:50:00+00:00,33,1,56972,NQU1,2303.75,2304.75,2302.5,2302.5,73
2011-08-04 06:00:00+00:00,33,1,56972,NQU1,2303.0,2305.75,2302.5,2305.5,301
2011-08-04 06:10:00+00:00,33,1,12038,NQZ1,2301.25,2301.25,2301.25,2301.25,3
2011-08-04 06:10:00+00:00,33,1,56972,NQU1,2305.75,2308.5,2305.5,2308.25,225
2011-08-04 06:20:00+00:00,33,1,56972,NQU1,2308.25,2309.25,2307.75,2308.5,328
2011-08-04 06:30:00+00:00,33,1,56972,NQU1,2308.25,2309.75,2307.25,2308.0,410
2011-08-04 06:40:00+00:00,33,1,56972,NQU1,2308.0,2308.5,2307.25,2307.25,205
2011-08-04 06:50:00+00:00,33,1,56972,NQU1,2307.5,2314.25,2307.25,2314.0,491
2011-08-04 07:00:00+00:00,33,1,56972,NQU1,2314.0,2314.25,2307.5,2309.25,1078
2011-08-04 07:10:00+00:00,33,1,56972,NQU1,2309.25,2310.5,2306.75,2308.25,829
2011-08-04 07:20:00+00:00,33,1,56972,NQU1,2308.5,2309.75,2307.25,2309.0,764
2011-08-04 07:30:00+00:00,33,1,56972,NQU1,2308.75,2312.25,2308.25,2310.25,1046
2011-08-04 07:40:00+00:00,33,1,56972,NQU1,2310.25,2311.25,2306.5,2308.25,884
2011-08-04 07:50:00+00:00,33,1,56972,NQU1,2308.25,2308.25,2304.5,2305.25,702
2011-08-04 08:00:00+00:00,33,1,56972,NQU1,2305.5,2306.25,2299.0,2300.25,1925
2011-08-04 08:10:00+00:00,33,1,56972,NQU1,2300.0,2300.75,2298.25,2300.5,970
2011-08-04 08:20:00+00:00,33,1,56972,NQU1,2300.5,2301.5,2299.25,2299.25,513
2011-08-04 08:30:00+00:00,33,1,56972,NQU1,2299.25,2302.0,2299.25,2301.0,937
2011-08-04 08:40:00+00:00,33,1,56972,NQU1,2301.0,2302.75,2299.0,2300.0,982
2011-08-04 08:50:00+00:00,33,1,12038,NQZ1,2294.0,2294.0,2294.0,2294.0,1
2011-08-04 08:50:00+00:00,33,1,56972,NQU1,2300.0,2301.5,2299.0,2300.5,633
2011-08-04 09:00:00+00:00,33,1,56972,NQU1,2300.75,2302.0,2299.25,2299.75,538
2011-08-04 09:10:00+00:00,33,1,12038,NQZ1,2289.25,2289.25,2289.25,2289.25,2
2011-08-04 09:10:00+00:00,33,1,56972,NQU1,2299.75,2299.75,2294.25,2295.75,1139
2011-08-04 09:20:00+00:00,33,1,56972,NQU1,2296.0,2296.0,2292.75,2295.0,1125
2011-08-04 09:30:00+00:00,33,1,56972,NQU1,2295.0,2296.25,2292.75,2295.5,631
2011-08-04 09:40:00+00:00,33,1,12038,NQZ1,2285.0,2285.0,2281.75,2282.0,5
2011-08-04 09:40:00+00:00,33,1,56972,NQU1,2295.5,2295.75,2287.0,2287.5,1632
2011-08-04 09:50:00+00:00,33,1,12038,NQZ1,2285.0,2285.0,2285.0,2285.0,1
2011-08-04 09:50:00+00:00,33,1,56972,NQU1,2287.5,2292.25,2287.5,2289.5,638
2011-08-04 10:00:00+00:00,33,1,12038,NQZ1,2282.25,2282.25,2282.25,2282.25,3
2011-08-04 10:00:00+00:00,33,1,56972,NQU1,2289.25,2290.75,2287.0,2287.0,728
2011-08-04 10:10:00+00:00,33,1,56972,NQU1,2287.25,2290.5,2287.0,2287.5,493
2011-08-04 10:20:00+00:00,33,1,12038,NQZ1,2278.25,2278.25,2273.0,2275.25,7
2011-08-04 10:20:00+00:00,33,1,56972,NQU1,2287.25,2288.25,2279.0,2283.0,2189
2011-08-04 10:30:00+00:00,33,1,56972,NQU1,2283.0,2284.75,2280.75,2284.75,602
2011-08-04 10:40:00+00:00,33,1,12038,NQZ1,2279.25,2279.25,2279.25,2279.25,3
2011-08-04 10:40:00+00:00,33,1,56972,NQU1,2284.25,2286.0,2283.5,2285.25,292
2011-08-04 10:50:00+00:00,33,1,12038,NQZ1,2282.25,2283.0,2282.0,2282.0,7
2011-08-04 10:50:00+00:00,33,1,56972,NQU1,2285.0,2289.0,2284.25,2287.0,910
2011-08-04 11:00:00+00:00,33,1,56972,NQU1,2286.75,2287.75,2283.75,2285.25,539
2011-08-04 11:10:00+00:00,33,1,56972,NQU1,2285.25,2286.0,2282.75,2285.75,549
2011-08-04 11:20:00+00:00,33,1,56972,NQU1,2285.75,2286.0,2283.5,2284.25,934
2011-08-04 11:30:00+00:00,33,1,56972,NQU1,2284.5,2289.0,2284.5,2288.25,1216
2011-08-04 11:40:00+00:00,33,1,56972,NQU1,2288.25,2290.5,2287.25,2288.5,968
2011-08-04 11:50:00+00:00,33,1,12038,NQZ1,2281.25,2281.25,2281.25,2281.25,1
2011-08-04 11:50:00+00:00,33,1,56972,NQU1,2288.75,2289.25,2286.25,2286.25,1366
2011-08-04 12:00:00+00:00,33,1,56972,NQU1,2286.0,2287.25,2279.5,2281.75,1861
2011-08-04 12:10:00+00:00,33,1,12038,NQZ1,2270.25,2273.0,2270.25,2273.0,2
2011-08-04 12:10:00+00:00,33,1,56972,NQU1,2281.75,2282.0,2275.25,2277.25,3111
2011-08-04 12:20:00+00:00,33,1,12038,NQZ1,2275.0,2275.0,2275.0,2275.0,1
2011-08-04 12:20:00+00:00,33,1,56972,NQU1,2277.25,2281.5,2276.75,2278.5,1835
2011-08-04 12:30:00+00:00,33,1,56972,NQU1,2278.5,2293.25,2274.0,2276.75,9482
2011-08-04 12:40:00+00:00,33,1,12038,NQZ1,2270.0,2270.0,2270.0,2270.0,1
2011-08-04 12:40:00+00:00,33,1,56972,NQU1,2276.75,2285.0,2272.75,2282.75,6027
2011-08-04 12:50:00+00:00,33,1,56972,NQU1,2283.0,2288.0,2276.25,2285.75,6896
2011-08-04 13:00:00+00:00,33,1,12038,NQZ1,2284.25,2284.25,2284.25,2284.25,1
2011-08-04 13:00:00+00:00,33,1,56972,NQU1,2285.5,2293.75,2282.75,2288.25,5319
2011-08-04 13:10:00+00:00,33,1,56972,NQU1,2288.5,2288.75,2279.25,2280.0,3414
2011-08-04 13:20:00+00:00,33,1,56972,NQU1,2279.75,2282.75,2277.5,2278.25,5032
2011-08-04 13:30:00+00:00,33,1,12038,NQZ1,2274.75,2274.75,2272.0,2272.0,3
2011-08-04 13:30:00+00:00,33,1,56972,NQU1,2278.0,2282.0,2272.25,2276.0,20184
2011-08-04 13:40:00+00:00,33,1,12038,NQZ1,2271.25,2271.25,2266.0,2266.0,4
2011-08-04 13:40:00+00:00,33,1,56972,NQU1,2276.25,2282.0,2271.5,2272.25,15408
2011-08-04 13:50:00+00:00,33,1,12038,NQZ1,2265.25,2265.25,2265.25,2265.25,2
2011-08-04 13:50:00+00:00,33,1,56972,NQU1,2272.5,2275.25,2266.0,2273.0,13036
2011-08-04 14:00:00+00:00,33,1,12038,NQZ1,2270.0,2270.0,2270.0,2270.0,1
2011-08-04 14:00:00+00:00,33,1,56972,NQU1,2273.0,2279.0,2272.0,2273.5,9597
2011-08-04 14:10:00+00:00,33,1,12038,NQZ1,2266.0,2266.0,2257.5,2257.5,32
2011-08-04 14:10:00+00:00,33,1,56972,NQU1,2273.25,2273.75,2258.25,2258.5,12738
2011-08-04 14:20:00+00:00,33,1,12038,NQZ1,2255.75,2261.0,2255.75,2261.0,21
2011-08-04 14:20:00+00:00,33,1,56972,NQU1,2258.5,2271.25,2258.25,2266.75,12830
2011-08-04 14:30:00+00:00,33,1,12038,NQZ1,2260.75,2267.75,2260.25,2260.25,39
2011-08-04 14:30:00+00:00,33,1,56972,NQU1,2266.5,2274.75,2264.75,2268.0,10403
2011-08-04 14:40:00+00:00,33,1,12038,NQZ1,2257.0,2258.0,2249.25,2249.25,38
2011-08-04 14:40:00+00:00,33,1,56972,NQU1,2268.25,2268.25,2254.25,2261.5,15171
2011-08-04 14:50:00+00:00,33,1,12038,NQZ1,2249.0,2250.0,2246.0,2246.0,70
2011-08-04 14:50:00+00:00,33,1,56972,NQU1,2261.5,2261.75,2251.25,2254.0,17043
2011-08-04 14:50:00+00:00,33,1,612349,NQU1-NQZ1,-5.75,-5.75,-5.75,-5.75,2
2011-08-04 15:00:00+00:00,33,1,12038,NQZ1,2245.5,2249.75,2244.0,2249.75,3
2011-08-04 15:00:00+00:00,33,1,56972,NQU1,2253.75,2258.25,2248.5,2255.0,13761
2011-08-04 15:10:00+00:00,33,1,12038,NQZ1,2248.5,2251.75,2248.5,2251.75,41
2011-08-04 15:10:00+00:00,33,1,56972,NQU1,2255.0,2259.25,2250.0,2258.0,8351
2011-08-04 15:20:00+00:00,33,1,12038,NQZ1,2253.75,2254.5,2240.75,2240.75,42
2011-08-04 15:20:00+00:00,33,1,56972,NQU1,2258.25,2260.0,2245.0,2246.0,11699
2011-08-04 15:30:00+00:00,33,1,12038,NQZ1,2245.5,2245.5,2245.5,2245.5,1
2011-08-04 15:30:00+00:00,33,1,56972,NQU1,2245.75,2252.75,2245.5,2250.25,8498
2011-08-04 15:40:00+00:00,33,1,12038,NQZ1,2235.75,2239.5,2227.0,2227.0,11
2011-08-04 15:40:00+00:00,33,1,56972,NQU1,2250.25,2250.5,2231.0,2235.5,21647
2011-08-04 15:50:00+00:00,33,1,12038,NQZ1,2228.5,2235.0,2228.5,2235.0,7
2011-08-04 15:50:00+00:00,33,1,56972,NQU1,2235.5,2242.25,2232.25,2241.5,14342
2011-08-04 16:00:00+00:00,33,1,56972,NQU1,2241.75,2247.75,2239.0,2243.5,10435
2011-08-04 16:10:00+00:00,33,1,56972,NQU1,2243.25,2251.5,2241.5,2247.25,10518
2011-08-04 16:20:00+00:00,33,1,12038,NQZ1,2243.0,2243.0,2243.0,2243.0,1
2011-08-04 16:20:00+00:00,33,1,56972,NQU1,2247.5,2254.5,2244.5,2252.75,9549
2011-08-04 16:30:00+00:00,33,1,12038,NQZ1,2250.0,2250.0,2250.0,2250.0,1
2011-08-04 16:30:00+00:00,33,1,56972,NQU1,2252.75,2258.75,2252.5,2258.5,8354
2011-08-04 16:40:00+00:00,33,1,56972,NQU1,2258.25,2264.25,2256.5,2263.0,5502
2011-08-04 16:40:00+00:00,33,1,612349,NQU1-NQZ1,-5.5,-5.5,-5.5,-5.5,300
2011-08-04 16:50:00+00:00,33,1,12038,NQZ1,2252.0,2252.0,2252.0,2252.0,1
2011-08-04 16:50:00+00:00,33,1,56972,NQU1,2262.75,2263.0,2254.75,2255.25,6575
2011-08-04 16:50:00+00:00,33,1,612349,NQU1-NQZ1,-5.7,-5.7,-5.7,-5.7,8
2011-08-04 17:00:00+00:00,33,1,12038,NQZ1,2252.25,2252.25,2252.25,2252.25,12
2011-08-04 17:00:00+00:00,33,1,56972,NQU1,2255.25,2260.25,2253.25,2256.75,4470
2011-08-04 17:10:00+00:00,33,1,12038,NQZ1,2246.5,2246.5,2246.5,2246.5,9
2011-08-04 17:10:00+00:00,33,1,56972,NQU1,2257.0,2257.0,2249.25,2251.75,4675
2011-08-04 17:20:00+00:00,33,1,12038,NQZ1,2247.5,2247.5,2247.5,2247.5,5
2011-08-04 17:20:00+00:00,33,1,56972,NQU1,2251.75,2257.5,2251.75,2256.25,2945
2011-08-04 17:30:00+00:00,33,1,12038,NQZ1,2248.25,2248.5,2245.25,2245.25,12
2011-08-04 17:30:00+00:00,33,1,56972,NQU1,2256.0,2256.5,2248.25,2250.0,4962
2011-08-04 17:40:00+00:00,33,1,12038,NQZ1,2241.0,2241.0,2236.75,2236.75,10
2011-08-04 17:40:00+00:00,33,1,56972,NQU1,2250.0,2251.0,2240.5,2244.5,5502
2011-08-04 17:50:00+00:00,33,1,12038,NQZ1,2240.25,2240.25,2240.25,2240.25,1
2011-08-04 17:50:00+00:00,33,1,56972,NQU1,2244.5,2248.25,2242.0,2244.5,5294
2011-08-04 18:00:00+00:00,33,1,12038,NQZ1,2233.0,2233.0,2233.0,2233.0,1
2011-08-04 18:00:00+00:00,33,1,56972,NQU1,2244.75,2246.0,2237.0,2241.0,9851
2011-08-04 18:10:00+00:00,33,1,12038,NQZ1,2234.0,2234.0,2227.25,2231.0,33
2011-08-04 18:10:00+00:00,33,1,56972,NQU1,2240.75,2241.0,2233.0,2235.0,8833
2011-08-04 18:20:00+00:00,33,1,12038,NQZ1,2228.0,2230.0,2225.0,2225.0,8
2011-08-04 18:20:00+00:00,33,1,56972,NQU1,2235.25,2237.5,2229.5,2232.75,12195
2011-08-04 18:30:00+00:00,33,1,12038,NQZ1,2237.5,2237.5,2237.5,2237.5,1
2011-08-04 18:30:00+00:00,33,1,56972,NQU1,2232.75,2244.25,2230.5,2243.0,11856
2011-08-04 18:40:00+00:00,33,1,12038,NQZ1,2237.75,2240.0,2237.75,2237.75,5
2011-08-04 18:40:00+00:00,33,1,56972,NQU1,2243.0,2248.25,2241.0,2245.5,7088
2011-08-04 18:50:00+00:00,33,1,12038,NQZ1,2240.0,2240.0,2234.0,2234.0,6
2011-08-04 18:50:00+00:00,33,1,56972,NQU1,2245.5,2246.0,2237.75,2239.0,6049
2011-08-04 19:00:00+00:00,33,1,12038,NQZ1,2229.75,2231.25,2229.75,2231.25,2
2011-08-04 19:00:00+00:00,33,1,56972,NQU1,2239.0,2247.5,2235.25,2244.25,5992
2011-08-04 19:10:00+00:00,33,1,12038,NQZ1,2228.0,2228.0,2228.0,2228.0,1
2011-08-04 19:10:00+00:00,33,1,56972,NQU1,2244.25,2245.75,2231.25,2233.25,5972
2011-08-04 19:20:00+00:00,33,1,12038,NQZ1,2221.75,2221.75,2216.25,2216.25,5
2011-08-04 19:20:00+00:00,33,1,56972,NQU1,2233.25,2234.25,2221.0,2221.0,13065
2011-08-04 19:30:00+00:00,33,1,12038,NQZ1,2216.0,2219.25,2215.75,2219.25,3
2011-08-04 19:30:00+00:00,33,1,56972,NQU1,2221.0,2228.5,2218.0,2224.75,18155
2011-08-04 19:40:00+00:00,33,1,12038,NQZ1,2209.5,2209.5,2209.0,2209.0,2
2011-08-04 19:40:00+00:00,33,1,56972,NQU1,2224.75,2225.75,2212.5,2216.75,17439
2011-08-04 19:50:00+00:00,33,1,12038,NQZ1,2202.25,2207.0,2200.0,2200.0,7
2011-08-04 19:50:00+00:00,33,1,56972,NQU1,2216.75,2217.0,2204.75,2205.0,30479
2011-08-04 20:00:00+00:00,33,1,12038,NQZ1,2193.75,2194.0,2192.0,2194.0,27
2011-08-04 20:00:00+00:00,33,1,56972,NQU1,2205.0,2211.0,2195.0,2210.5,20723
2011-08-04 20:10:00+00:00,33,1,56972,NQU1,2210.25,2213.75,2207.5,2212.5,6181
2011-08-04 20:30:00+00:00,33,1,56972,NQU1,2213.75,2213.75,2205.5,2208.5,1636
2011-08-04 20:40:00+00:00,33,1,56972,NQU1,2208.5,2209.25,2206.0,2207.75,231
2011-08-04 20:50:00+00:00,33,1,56972,NQU1,2208.0,2209.0,2206.5,2207.0,159
2011-08-04 21:00:00+00:00,33,1,56972,NQU1,2206.25,2208.5,2206.0,2207.75,123
2011-08-04 21:10:00+00:00,33,1,56972,NQU1,2207.75,2207.75,2205.5,2206.75,226
2011-08-04 21:20:00+00:00,33,1,56972,NQU1,2206.75,2208.5,2206.5,2208.0,42
2011-08-04 22:00:00+00:00,33,1,56972,NQU1,2207.0,2212.5,2206.0,2208.5,459
2011-08-04 22:10:00+00:00,33,1,56972,NQU1,2208.25,2208.25,2204.75,2205.5,240
2011-08-04 22:20:00+00:00,33,1,56972,NQU1,2206.0,2209.75,2205.25,2207.25,132
2011-08-04 22:30:00+00:00,33,1,56972,NQU1,2207.75,2209.0,2206.25,2207.0,43
2011-08-04 22:40:00+00:00,33,1,56972,NQU1,2207.0,2211.25,2207.0,2210.25,83
2011-08-04 22:50:00+00:00,33,1,12038,NQZ1,2205.0,2205.0,2205.0,2205.0,2
2011-08-04 22:50:00+00:00,33,1,56972,NQU1,2210.25,2210.75,2208.5,2208.5,19
2011-08-04 23:00:00+00:00,33,1,56972,NQU1,2207.75,2207.75,2205.25,2206.25,34
2011-08-04 23:10:00+00:00,33,1,12038,NQZ1,2199.0,2199.0,2199.0,2199.0,1
2011-08-04 23:10:00+00:00,33,1,56972,NQU1,2205.25,2206.0,2204.25,2205.0,90
2011-08-04 23:20:00+00:00,33,1,56972,NQU1,2205.0,2206.75,2202.5,2206.75,90
2011-08-04 23:30:00+00:00,33,1,56972,NQU1,2206.25,2207.0,2205.75,2206.25,53
2011-08-04 23:40:00+00:00,33,1,12038,NQZ1,2200.0,2200.0,2200.0,2200.0,1
2011-08-04 23:40:00+00:00,33,1,56972,NQU1,2206.5,2206.5,2201.75,2202.25,170
2011-08-04 23:50:00+00:00,33,1,56972,NQU1,2202.5,2205.75,2201.75,2203.0,250
2011-08-05 00:00:00+00:00,33,1,56972,NQU1,2202.75,2204.25,2202.25,2203.75,71
2011-08-05 00:10:00+00:00,33,1,56972,NQU1,2204.0,2206.5,2203.75,2206.0,203
2011-08-05 00:20:00+00:00,33,1,56972,NQU1,2206.5,2209.0,2206.25,2208.5,172
2011-08-05 00:30:00+00:00,33,1,56972,NQU1,2208.75,2209.0,2207.75,2208.0,32
2011-08-05 00:40:00+00:00,33,1,56972,NQU1,2208.5,2210.5,2207.75,2208.0,142
2011-08-05 00:50:00+00:00,33,1,12038,NQZ1,2201.25,2201.25,2201.25,2201.25,1
2011-08-05 00:50:00+00:00,33,1,56972,NQU1,2207.75,2209.5,2205.75,2206.5,219
2011-08-05 01:00:00+00:00,33,1,12038,NQZ1,2200.0,2200.0,2200.0,2200.0,1
2011-08-05 01:00:00+00:00,33,1,56972,NQU1,2206.5,2209.0,2205.5,2207.25,132
2011-08-05 01:10:00+00:00,33,1,56972,NQU1,2207.5,2207.5,2203.5,2203.5,272
2011-08-05 01:20:00+00:00,33,1,12038,NQZ1,2200.0,2200.0,2200.0,2200.0,1
2011-08-05 01:20:00+00:00,33,1,56972,NQU1,2203.25,2207.75,2202.75,2207.0,113
2011-08-05 01:30:00+00:00,33,1,56972,NQU1,2206.5,2207.5,2205.25,2206.5,62
2011-08-05 01:40:00+00:00,33,1,56972,NQU1,2206.5,2208.25,2205.25,2208.25,57
2011-08-05 01:50:00+00:00,33,1,56972,NQU1,2208.75,2211.25,2208.75,2210.5,122
2011-08-05 02:00:00+00:00,33,1,56972,NQU1,2210.5,2210.5,2208.5,2209.75,42
2011-08-05 02:10:00+00:00,33,1,56972,NQU1,2210.0,2211.25,2208.25,2210.5,109
2011-08-05 02:20:00+00:00,33,1,56972,NQU1,2210.5,2211.5,2210.25,2211.0,78
2011-08-05 02:30:00+00:00,33,1,56972,NQU1,2211.0,2211.25,2208.0,2208.5,159
2011-08-05 02:40:00+00:00,33,1,56972,NQU1,2209.0,2210.5,2208.5,2209.25,38
2011-08-05 02:50:00+00:00,33,1,56972,NQU1,2209.0,2210.0,2208.75,2208.75,76
2011-08-05 03:00:00+00:00,33,1,56972,NQU1,2209.5,2209.5,2206.25,2206.5,69
2011-08-05 03:10:00+00:00,33,1,56972,NQU1,2206.75,2207.5,2205.75,2207.5,57
2011-08-05 03:20:00+00:00,33,1,56972,NQU1,2207.5,2208.0,2207.0,2207.0,94
2011-08-05 03:30:00+00:00,33,1,56972,NQU1,2206.0,2206.0,2203.0,2204.5,137
2011-08-05 03:40:00+00:00,33,1,56972,NQU1,2204.75,2207.0,2204.75,2205.5,63
2011-08-05 03:50:00+00:00,33,1,56972,NQU1,2205.75,2206.25,2204.0,2204.25,51
2011-08-05 04:00:00+00:00,33,1,56972,NQU1,2204.25,2206.0,2204.25,2206.0,35
2011-08-05 04:10:00+00:00,33,1,56972,NQU1,2206.25,2206.25,2205.75,2205.75,5
2011-08-05 04:20:00+00:00,33,1,12038,NQZ1,2199.25,2199.25,2199.25,2199.25,1
2011-08-05 04:20:00+00:00,33,1,56972,NQU1,2205.5,2206.0,2203.25,2205.25,75
2011-08-05 04:30:00+00:00,33,1,56972,NQU1,2205.5,2206.25,2205.5,2205.5,5
2011-08-05 04:40:00+00:00,33,1,56972,NQU1,2206.0,2208.5,2205.5,2207.0,96
2011-08-05 04:50:00+00:00,33,1,12038,NQZ1,2200.25,2200.25,2200.25,2200.25,1
2011-08-05 04:50:00+00:00,33,1,56972,NQU1,2206.75,2206.75,2204.5,2204.75,22
2011-08-05 05:00:00+00:00,33,1,56972,NQU1,2205.25,2205.75,2203.75,2205.0,35
2011-08-05 05:10:00+00:00,33,1,56972,NQU1,2205.25,2206.0,2204.25,2204.75,75
2011-08-05 05:20:00+00:00,33,1,56972,NQU1,2204.25,2204.25,2201.5,2201.5,77
2011-08-05 05:30:00+00:00,33,1,56972,NQU1,2201.5,2206.75,2201.5,2205.5,86
2011-08-05 05:40:00+00:00,33,1,56972,NQU1,2205.5,2207.75,2205.0,2206.5,55
2011-08-05 05:50:00+00:00,33,1,56972,NQU1,2207.0,2207.0,2205.0,2205.0,32
2011-08-05 06:00:00+00:00,33,1,56972,NQU1,2205.5,2207.0,2200.5,2201.5,763
2011-08-05 06:10:00+00:00,33,1,12038,NQZ1,2191.25,2192.25,2190.25,2192.25,8
2011-08-05 06:10:00+00:00,33,1,56972,NQU1,2201.75,2202.25,2194.5,2196.0,1190
2011-08-05 06:20:00+00:00,33,1,12038,NQZ1,2190.25,2190.5,2183.5,2186.5,6
2011-08-05 06:20:00+00:00,33,1,56972,NQU1,2196.0,2197.0,2188.75,2190.25,1495
2011-08-05 06:30:00+00:00,33,1,56972,NQU1,2190.5,2194.0,2190.0,2191.0,429
2011-08-05 06:40:00+00:00,33,1,12038,NQZ1,2182.25,2182.25,2182.25,2182.25,1
2011-08-05 06:40:00+00:00,33,1,56972,NQU1,2191.0,2191.5,2186.5,2187.75,702
2011-08-05 06:50:00+00:00,33,1,12038,NQZ1,2175.0,2176.0,2174.5,2176.0,7
2011-08-05 06:50:00+00:00,33,1,56972,NQU1,2187.75,2187.75,2179.25,2182.25,1129
2011-08-05 07:00:00+00:00,33,1,12038,NQZ1,2184.25,2184.75,2184.25,2184.75,2
2011-08-05 07:00:00+00:00,33,1,56972,NQU1,2182.25,2193.75,2182.0,2192.5,2101
2011-08-05 07:10:00+00:00,33,1,12038,NQZ1,2182.5,2182.5,2182.0,2182.0,2
2011-08-05 07:10:00+00:00,33,1,56972,NQU1,2192.5,2196.0,2186.0,2186.25,2064
2011-08-05 07:20:00+00:00,33,1,12038,NQZ1,2191.25,2191.25,2190.5,2190.5,2
2011-08-05 07:20:00+00:00,33,1,56972,NQU1,2186.5,2196.5,2186.5,2194.75,1622
2011-08-05 07:30:00+00:00,33,1,12038,NQZ1,2195.0,2201.5,2195.0,2201.5,4
2011-08-05 07:30:00+00:00,33,1,56972,NQU1,2195.0,2209.25,2195.0,2201.5,2984
2011-08-05 07:40:00+00:00,33,1,12038,NQZ1,2202.75,2202.75,2202.75,2202.75,1
2011-08-05 07:40:00+00:00,33,1,56972,NQU1,2201.5,2211.5,2201.25,2209.0,2032
2011-08-05 07:50:00+00:00,33,1,12038,NQZ1,2207.0,2207.0,2207.0,2207.0,2
2011-08-05 07:50:00+00:00,33,1,56972,NQU1,2209.0,2213.75,2208.0,2212.25,1562
2011-08-05 08:00:00+00:00,33,1,56972,NQU1,2212.25,2212.25,2202.5,2203.75,1154
2011-08-05 08:10:00+00:00,33,1,56972,NQU1,2203.75,2204.0,2199.25,2200.5,1266
2011-08-05 08:20:00+00:00,33,1,56972,NQU1,2200.25,2200.25,2192.5,2193.25,1243
2011-08-05 08:30:00+00:00,33,1,12038,NQZ1,2187.0,2187.0,2187.0,2187.0,1
2011-08-05 08:30:00+00:00,33,1,56972,NQU1,2193.25,2197.5,2191.75,2195.75,1080
2011-08-05 08:40:00+00:00,33,1,56972,NQU1,2195.75,2200.25,2195.75,2199.75,735
2011-08-05 08:50:00+00:00,33,1,12038,NQZ1,2194.25,2198.5,2194.25,2195.5,3
2011-08-05 08:50:00+00:00,33,1,56972,NQU1,2200.0,2204.75,2198.25,2200.25,1230
2011-08-05 09:00:00+00:00,33,1,12038,NQZ1,2197.0,2197.0,2197.0,2197.0,1
2011-08-05 09:00:00+00:00,33,1,56972,NQU1,2200.5,2203.25,2198.25,2202.25,929
2011-08-05 09:10:00+00:00,33,1,56972,NQU1,2202.0,2204.25,2199.75,2203.0,517
2011-08-05 09:20:00+00:00,33,1,56972,NQU1,2203.0,2204.25,2201.75,2203.0,539
2011-08-05 09:30:00+00:00,33,1,56972,NQU1,2203.25,2204.75,2196.5,2196.5,465
2011-08-05 09:40:00+00:00,33,1,56972,NQU1,2196.25,2197.5,2193.75,2194.5,715
2011-08-05 09:50:00+00:00,33,1,12038,NQZ1,2190.0,2190.0,2185.0,2185.0,3
2011-08-05 09:50:00+00:00,33,1,56972,NQU1,2194.5,2196.25,2189.75,2190.0,798
2011-08-05 10:00:00+00:00,33,1,56972,NQU1,2190.0,2192.0,2187.75,2191.0,931
2011-08-05 10:10:00+00:00,33,1,12038,NQZ1,2186.75,2186.75,2186.75,2186.75,1
2011-08-05 10:10:00+00:00,33,1,56972,NQU1,2191.0,2194.5,2190.75,2193.5,541
2011-08-05 10:20:00+00:00,33,1,12038,NQZ1,2189.0,2190.25,2189.0,2190.25,2
2011-08-05 10:20:00+00:00,33,1,56972,NQU1,2193.5,2198.25,2193.5,2197.25,843
2011-08-05 10:30:00+00:00,33,1,56972,NQU1,2197.5,2200.25,2195.75,2199.0,1009
2011-08-05 10:40:00+00:00,33,1,56972,NQU1,2199.25,2206.5,2199.25,2201.25,1137
2011-08-05 10:50:00+00:00,33,1,56972,NQU1,2201.25,2205.0,2200.25,2201.75,568
2011-08-05 11:00:00+00:00,33,1,12038,NQZ1,2192.5,2193.0,2192.5,2193.0,2
2011-08-05 11:00:00+00:00,33,1,56972,NQU1,2201.75,2201.75,2195.5,2199.25,1086
2011-08-05 11:10:00+00:00,33,1,12038,NQZ1,2194.0,2194.0,2194.0,2194.0,1
2011-08-05 11:10:00+00:00,33,1,56972,NQU1,2199.25,2202.0,2198.0,2200.25,828
2011-08-05 11:20:00+00:00,33,1,56972,NQU1,2200.0,2203.75,2199.25,2203.25,1552
2011-08-05 11:30:00+00:00,33,1,12038,NQZ1,2199.25,2199.25,2199.25,2199.25,1
2011-08-05 11:30:00+00:00,33,1,56972,NQU1,2203.75,2206.25,2202.25,2203.75,635
2011-08-05 11:40:00+00:00,33,1,56972,NQU1,2204.0,2204.0,2200.5,2202.0,365
2011-08-05 11:50:00+00:00,33,1,12038,NQZ1,2197.5,2202.25,2197.5,2201.0,4
2011-08-05 11:50:00+00:00,33,1,56972,NQU1,2202.5,2209.25,2202.5,2208.5,1388
2011-08-05 12:00:00+00:00,33,1,12038,NQZ1,2200.0,2200.0,2200.0,2200.0,1
2011-08-05 12:00:00+00:00,33,1,56972,NQU1,2208.5,2210.75,2203.75,2204.5,1694
2011-08-05 12:10:00+00:00,33,1,12038,NQZ1,2199.0,2199.0,2199.0,2199.0,1
2011-08-05 12:10:00+00:00,33,1,56972,NQU1,2204.25,2204.5,2196.25,2200.5,2288
2011-08-05 12:20:00+00:00,33,1,12038,NQZ1,2201.0,2201.0,2197.75,2197.75,2
2011-08-05 12:20:00+00:00,33,1,56972,NQU1,2200.25,2209.75,2197.0,2197.0,2873
2011-08-05 12:30:00+00:00,33,1,12038,NQZ1,2234.75,2234.75,2217.5,2217.5,15
2011-08-05 12:30:00+00:00,33,1,56972,NQU1,2197.0,2239.25,2197.0,2226.25,13731
2011-08-05 12:30:00+00:00,33,1,612349,NQU1-NQZ1,-5.25,-5.25,-5.25,-5.25,2
2011-08-05 12:40:00+00:00,33,1,12038,NQZ1,2211.25,2211.25,2211.25,2211.25,1
2011-08-05 12:40:00+00:00,33,1,56972,NQU1,2226.25,2226.5,2213.5,2214.25,4836
2011-08-05 12:50:00+00:00,33,1,12038,NQZ1,2208.0,2215.25,2207.25,2215.0,6
2011-08-05 12:50:00+00:00,33,1,56972,NQU1,2214.25,2225.25,2211.75,2223.0,4655
2011-08-05 13:00:00+00:00,33,1,12038,NQZ1,2222.25,2222.25,2222.25,2222.25,1
2011-08-05 13:00:00+00:00,33,1,56972,NQU1,2222.75,2229.5,2218.25,2228.5,4096
2011-08-05 13:10:00+00:00,33,1,56972,NQU1,2228.25,2232.0,2225.5,2231.0,2567
2011-08-05 13:20:00+00:00,33,1,12038,NQZ1,2227.0,2227.0,2227.0,2227.0,2
2011-08-05 13:20:00+00:00,33,1,56972,NQU1,2231.0,2237.25,2229.25,2229.5,3820
2011-08-05 13:30:00+00:00,33,1,12038,NQZ1,2221.75,2231.0,2219.75,2221.5,63
2011-08-05 13:30:00+00:00,33,1,56972,NQU1,2229.5,2239.0,2224.25,2227.25,27482
2011-08-05 13:40:00+00:00,33,1,12038,NQZ1,2207.5,2210.0,2204.25,2204.25,13
2011-08-05 13:40:00+00:00,33,1,56972,NQU1,2227.25,2228.25,2204.75,2205.0,17663
2011-08-05 13:50:00+00:00,33,1,12038,NQZ1,2199.75,2202.25,2165.75,2170.0,62
2011-08-05 13:50:00+00:00,33,1,56972,NQU1,2205.25,2208.0,2171.0,2177.0,44056
2011-08-05 13:50:00+00:00,33,1,612349,NQU1-NQZ1,-5.6,-5.35,-5.6,-5.6,3
2011-08-05 14:00:00+00:00,33,1,12038,NQZ1,2169.25,2187.75,2165.0,2187.75,44
2011-08-05 14:00:00+00:00,33,1,56972,NQU1,2177.0,2195.5,2168.75,2195.5,34974
2011-08-05 14:00:00+00:00,33,1,612349,NQU1-NQZ1,-5.6,-5.6,-5.6,-5.6,1
2011-08-05 14:10:00+00:00,33,1,12038,NQZ1,2189.0,2204.75,2180.5,2203.0,20
2011-08-05 14:10:00+00:00,33,1,56972,NQU1,2195.25,2210.75,2183.75,2208.5,22471
2011-08-05 14:20:00+00:00,33,1,12038,NQZ1,2202.25,2204.75,2201.5,2201.5,11
2011-08-05 14:20:00+00:00,33,1,56972,NQU1,2208.0,2216.0,2205.5,2206.75,15746
2011-08-05 14:30:00+00:00,33,1,12038,NQZ1,2188.5,2190.0,2188.0,2190.0,7
2011-08-05 14:30:00+00:00,33,1,56972,NQU1,2206.5,2207.25,2189.25,2197.25,11628
2011-08-05 14:30:00+00:00,33,1,612349,NQU1-NQZ1,-5.3,-5.3,-5.3,-5.3,1
2011-08-05 14:40:00+00:00,33,1,12038,NQZ1,2188.75,2188.75,2179.75,2179.75,7
2011-08-05 14:40:00+00:00,33,1,56972,NQU1,2197.25,2198.75,2182.5,2189.25,15517
2011-08-05 14:40:00+00:00,33,1,612349,NQU1-NQZ1,-5.35,-5.3,-5.35,-5.3,2
2011-08-05 14:50:00+00:00,33,1,12038,NQZ1,2180.5,2182.0,2180.5,2181.0,4
2011-08-05 14:50:00+00:00,33,1,56972,NQU1,2189.0,2196.75,2184.75,2196.75,12183
2011-08-05 15:00:00+00:00,33,1,12038,NQZ1,2176.75,2181.0,2175.25,2179.25,26
2011-08-05 15:00:00+00:00,33,1,56972,NQU1,2196.75,2196.75,2178.25,2182.25,12003
2011-08-05 15:10:00+00:00,33,1,12038,NQZ1,2175.75,2175.75,2165.25,2169.5,5
2011-08-05 15:10:00+00:00,33,1,56972,NQU1,2182.25,2184.5,2168.75,2173.25,14636
2011-08-05 15:10:00+00:00,33,1,612349,NQU1-NQZ1,-5.3,-5.3,-5.3,-5.3,1
2011-08-05 15:20:00+00:00,33,1,12038,NQZ1,2164.5,2179.25,2157.25,2178.0,39
2011-08-05 15:20:00+00:00,33,1,56972,NQU1,2173.5,2186.25,2163.0,2178.5,17388
2011-08-05 15:20:00+00:00,33,1,612349,NQU1-NQZ1,-5.3,-5.3,-5.3,-5.3,1
2011-08-05 15:30:00+00:00,33,1,12038,NQZ1,2171.25,2178.25,2167.0,2167.0,5
2011-08-05 15:30:00+00:00,33,1,56972,NQU1,2178.5,2185.5,2172.25,2172.5,11451
2011-08-05 15:40:00+00:00,33,1,12038,NQZ1,2165.5,2166.0,2144.0,2144.0,48
2011-08-05 15:40:00+00:00,33,1,56972,NQU1,2172.25,2173.5,2149.5,2150.5,20876
2011-08-05 15:40:00+00:00,33,1,612349,NQU1-NQZ1,-5.5,-5.5,-5.6,-5.6,2
2011-08-05 15:50:00+00:00,33,1,12038,NQZ1,2143.75,2146.0,2126.25,2128.75,39
2011-08-05 15:50:00+00:00,33,1,56972,NQU1,2150.5,2154.0,2128.75,2137.5,28984
2011-08-05 16:00:00+00:00,33,1,12038,NQZ1,2129.75,2143.5,2128.5,2142.0,27
2011-08-05 16:00:00+00:00,33,1,56972,NQU1,2137.25,2151.5,2133.75,2151.25,16857
2011-08-05 16:10:00+00:00,33,1,12038,NQZ1,2147.0,2178.75,2145.25,2169.25,52
2011-08-05 16:10:00+00:00,33,1,56972,NQU1,2151.25,2184.5,2150.25,2172.75,30692
2011-08-05 16:10:00+00:00,33,1,612349,NQU1-NQZ1,-5.4,-5.4,-5.4,-5.4,1
2011-08-05 16:20:00+00:00,33,1,12038,NQZ1,2165.5,2171.0,2165.5,2165.75,16
2011-08-05 16:20:00+00:00,33,1,56972,NQU1,2172.75,2181.5,2166.5,2171.25,16359
2011-08-05 16:30:00+00:00,33,1,12038,NQZ1,2172.0,2191.5,2171.25,2190.75,63
2011-08-05 16:30:00+00:00,33,1,56972,NQU1,2171.25,2200.0,2168.5,2195.75,15057
2011-08-05 16:40:00+00:00,33,1,12038,NQZ1,2190.75,2213.25,2185.25,2209.5,85
2011-08-05 16:40:00+00:00,33,1,56972,NQU1,2195.5,2219.0,2185.5,2212.0,23944
2011-08-05 16:40:00+00:00,33,1,612349,NQU1-NQZ1,-5.35,-5.3,-5.6,-5.4,17
2011-08-05 16:50:00+00:00,33,1,12038,NQZ1,2214.5,2216.5,2211.0,2211.0,8
2011-08-05 16:50:00+00:00,33,1,56972,NQU1,2212.5,2222.25,2204.75,2210.0,17305
2011-08-05 16:50:00+00:00,33,1,612349,NQU1-NQZ1,-5.6,-5.6,-5.6,-5.6,1
2011-08-05 17:00:00+00:00,33,1,12038,NQZ1,2205.5,2209.75,2185.75,2197.25,37
2011-08-05 17:00:00+00:00,33,1,56972,NQU1,2210.0,2218.75,2189.25,2200.5,17260
2011-08-05 17:00:00+00:00,33,1,612349,NQU1-NQZ1,-5.4,-5.4,-5.4,-5.4,1
2011-08-05 17:10:00+00:00,33,1,12038,NQZ1,2194.75,2207.25,2194.75,2205.75,8
2011-08-05 17:10:00+00:00,33,1,56972,NQU1,2200.25,2216.75,2199.0,2216.25,8027
2011-08-05 17:20:00+00:00,33,1,12038,NQZ1,2210.5,2212.5,2210.5,2212.5,3
2011-08-05 17:20:00+00:00,33,1,56972,NQU1,2216.25,2220.5,2210.0,2213.0,6823
2011-08-05 17:30:00+00:00,33,1,12038,NQZ1,2211.0,2211.0,2199.0,2199.0,6
2011-08-05 17:30:00+00:00,33,1,56972,NQU1,2213.0,2217.0,2202.25,2205.0,5442
2011-08-05 17:40:00+00:00,33,1,12038,NQZ1,2196.5,2198.0,2196.0,2198.0,3
2011-08-05 17:40:00+00:00,33,1,56972,NQU1,2205.0,2213.25,2198.25,2211.75,6561
2011-08-05 17:40:00+00:00,33,1,612349,NQU1-NQZ1,-5.6,-5.6,-5.6,-5.6,2
2011-08-05 17:50:00+00:00,33,1,12038,NQZ1,2208.0,2217.75,2208.0,2210.25,38
2011-08-05 17:50:00+00:00,33,1,56972,NQU1,2212.0,2224.0,2210.5,2215.25,8791
2011-08-05 17:50:00+00:00,33,1,612349,NQU1-NQZ1,-5.6,-5.5,-5.6,-5.5,4
2011-08-05 18:00:00+00:00,33,1,12038,NQZ1,2210.25,2210.75,2199.0,2199.25,14
2011-08-05 18:00:00+00:00,33,1,56972,NQU1,2215.25,2217.5,2203.25,2203.75,7705
2011-08-05 18:00:00+00:00,33,1,612349,NQU1-NQZ1,-5.5,-5.5,-5.5,-5.5,2
2011-08-05 18:10:00+00:00,33,1,12038,NQZ1,2195.75,2197.75,2193.25,2197.25,7
2011-08-05 18:10:00+00:00,33,1,56972,NQU1,2203.5,2206.0,2195.75,2204.25,4900
2011-08-05 18:20:00+00:00,33,1,12038,NQZ1,2199.25,2204.5,2199.25,2204.5,5
2011-08-05 18:20:00+00:00,33,1,56972,NQU1,2204.0,2211.25,2200.75,2201.75,4284
2011-08-05 18:30:00+00:00,33,1,12038,NQZ1,2195.5,2201.5,2195.5,2201.5,4
2011-08-05 18:30:00+00:00,33,1,56972,NQU1,2201.5,2207.0,2196.75,2206.0,4799
2011-08-05 18:40:00+00:00,33,1,12038,NQZ1,2197.5,2197.5,2193.75,2193.75,3
2011-08-05 18:40:00+00:00,33,1,56972,NQU1,2206.5,2206.5,2195.0,2195.25,4498
2011-08-05 18:40:00+00:00,33,1,612349,NQU1-NQZ1,-5.5,-5.5,-5.5,-5.5,1
2011-08-05 18:50:00+00:00,33,1,12038,NQZ1,2183.75,2188.25,2181.0,2188.25,4
2011-08-05 18:50:00+00:00,33,1,56972,NQU1,2195.25,2196.0,2186.25,2192.75,7438
2011-08-05 19:00:00+00:00,33,1,12038,NQZ1,2180.0,2180.0,2165.25,2170.75,33
2011-08-05 19:00:00+00:00,33,1,56972,NQU1,2193.0,2196.75,2170.0,2176.5,12865
2011-08-05 19:00:00+00:00,33,1,612349,NQU1-NQZ1,-5.6,-5.6,-5.6,-5.6,1
2011-08-05 19:10:00+00:00,33,1,12038,NQZ1,2172.25,2178.0,2167.25,2177.5,6
2011-08-05 19:10:00+00:00,33,1,56972,NQU1,2176.5,2185.75,2172.75,2181.5,8051
2011-08-05 19:20:00+00:00,33,1,12038,NQZ1,2183.0,2183.0,2171.0,2171.0,2
2011-08-05 19:20:00+00:00,33,1,56972,NQU1,2181.25,2190.25,2172.75,2173.0,10454
2011-08-05 19:30:00+00:00,33,1,12038,NQZ1,2174.5,2174.5,2174.5,2174.5,1
2011-08-05 19:30:00+00:00,33,1,56972,NQU1,2173.25,2195.25,2172.75,2194.25,8478
2011-08-05 19:40:00+00:00,33,1,12038,NQZ1,2192.0,2192.25,2192.0,2192.25,2
2011-08-05 19:40:00+00:00,33,1,56972,NQU1,2194.5,2200.0,2189.5,2192.0,11589
2011-08-05 19:50:00+00:00,33,1,12038,NQZ1,2183.5,2191.0,2183.5,2190.5,4
2011-08-05 19:50:00+00:00,33,1,56972,NQU1,2192.0,2197.25,2188.75,2190.0,17568
2011-08-05 19:50:00+00:00,33,1,612349,NQU1-NQZ1,-5.6,-5.6,-5.6,-5.6,79
2011-08-05 20:00:00+00:00,33,1,12038,NQZ1,2183.5,2183.5,2178.5,2182.5,15
2011-08-05 20:00:00+00:00,33,1,56972,NQU1,2190.25,2190.75,2183.75,2187.25,7832
2011-08-05 20:00:00+00:00,33,1,612349,NQU1-NQZ1,-5.6,-5.6,-5.6,-5.6,1
2011-08-05 20:10:00+00:00,33,1,12038,NQZ1,2182.25,2185.75,2182.0,2185.75,8
2011-08-05 20:10:00+00:00,33,1,56972,NQU1,2187.5,2193.5,2186.25,2190.25,5071
2011-08-07 22:00:00+00:00,33,1,12038,NQZ1,2131.0,2139.0,2122.75,2133.75,39
2011-08-07 22:00:00+00:00,33,1,56972,NQU1,2145.0,2146.75,2133.0,2141.25,3241
2011-08-07 22:00:00+00:00,33,1,612349,NQU1-NQZ1,-5.6,-5.6,-5.6,-5.6,4
2011-08-07 22:10:00+00:00,33,1,12038,NQZ1,2130.0,2130.0,2130.0,2130.0,1
2011-08-07 22:10:00+00:00,33,1,56972,NQU1,2141.5,2142.5,2125.75,2138.0,1542
2011-08-07 22:10:00+00:00,33,1,612349,NQU1-NQZ1,-5.55,-5.55,-5.55,-5.55,1
2011-08-07 22:20:00+00:00,33,1,12038,NQZ1,2130.0,2134.75,2130.0,2132.75,9
2011-08-07 22:20:00+00:00,33,1,56972,NQU1,2136.25,2140.0,2130.5,2137.75,795
2011-08-07 22:30:00+00:00,33,1,12038,NQZ1,2136.0,2137.25,2136.0,2137.25,2
2011-08-07 22:30:00+00:00,33,1,56972,NQU1,2137.5,2145.0,2136.0,2144.5,1078
2011-08-07 22:40:00+00:00,33,1,12038,NQZ1,2136.5,2136.5,2134.25,2134.25,7
2011-08-07 22:40:00+00:00,33,1,56972,NQU1,2144.25,2146.5,2138.25,2140.0,626
2011-08-07 22:50:00+00:00,33,1,12038,NQZ1,2134.25,2134.25,2128.0,2128.0,19
2011-08-07 22:50:00+00:00,33,1,56972,NQU1,2139.5,2139.75,2133.5,2139.0,763
2011-08-07 23:00:00+00:00,33,1,56972,NQU1,2138.5,2146.0,2137.5,2145.75,423
2011-08-07 23:10:00+00:00,33,1,12038,NQZ1,2138.5,2140.75,2138.25,2140.75,20
2011-08-07 23:10:00+00:00,33,1,56972,NQU1,2145.75,2148.25,2142.0,2145.75,494
2011-08-07 23:20:00+00:00,33,1,12038,NQZ1,2141.75,2141.75,2141.75,2141.75,2
2011-08-07 23:20:00+00:00,33,1,56972,NQU1,2147.25,2148.75,2142.0,2147.0,484
2011-08-07 23:30:00+00:00,33,1,12038,NQZ1,2144.5,2146.5,2144.5,2146.5,31
2011-08-07 23:30:00+00:00,33,1,56972,NQU1,2147.0,2152.75,2146.0,2151.25,627
2011-08-07 23:40:00+00:00,33,1,12038,NQZ1,2143.75,2144.0,2141.25,2141.25,32
2011-08-07 23:40:00+00:00,33,1,56972,NQU1,2151.5,2152.25,2147.0,2147.0,432
2011-08-07 23:40:00+00:00,33,1,612349,NQU1-NQZ1,-5.55,-5.55,-5.55,-5.55,1
2011-08-07 23:50:00+00:00,33,1,56972,NQU1,2147.0,2148.25,2142.75,2143.0,485
2011-08-08 00:00:00+00:00,33,1,12038,NQZ1,2138.5,2143.5,2138.5,2143.5,2
2011-08-08 00:00:00+00:00,33,1,56972,NQU1,2143.0,2151.0,2142.0,2150.5,558
2011-08-08 00:00:00+00:00,33,1,612349,NQU1-NQZ1,-5.55,-5.55,-5.55,-5.55,1
2011-08-08 00:10:00+00:00,33,1,12038,NQZ1,2146.5,2146.5,2146.5,2146.5,1
2011-08-08 00:10:00+00:00,33,1,56972,NQU1,2150.5,2152.0,2147.75,2152.0,843
2011-08-08 00:20:00+00:00,33,1,12038,NQZ1,2148.0,2148.0,2148.0,2148.0,2
2011-08-08 00:20:00+00:00,33,1,56972,NQU1,2152.0,2155.0,2151.5,2151.5,533
2011-08-08 00:30:00+00:00,33,1,12038,NQZ1,2147.5,2147.5,2143.75,2143.75,2
2011-08-08 00:30:00+00:00,33,1,56972,NQU1,2151.5,2155.0,2149.0,2150.75,586
2011-08-08 00:30:00+00:00,33,1,612349,NQU1-NQZ1,-5.55,-5.55,-5.55,-5.55,1
2011-08-08 00:40:00+00:00,33,1,56972,NQU1,2150.75,2156.0,2150.75,2154.75,494
2011-08-08 00:50:00+00:00,33,1,56972,NQU1,2154.75,2155.0,2149.5,2151.75,377
2011-08-08 01:00:00+00:00,33,1,12038,NQZ1,2147.5,2147.5,2147.5,2147.5,1
2011-08-08 01:00:00+00:00,33,1,56972,NQU1,2151.75,2155.25,2147.5,2147.75,706
2011-08-08 01:10:00+00:00,33,1,56972,NQU1,2148.0,2151.25,2143.25,2149.75,1037
2011-08-08 01:20:00+00:00,33,1,12038,NQZ1,2141.0,2141.0,2141.0,2141.0,1
2011-08-08 01:20:00+00:00,33,1,56972,NQU1,2150.0,2152.75,2144.5,2148.25,924
2011-08-08 01:30:00+00:00,33,1,56972,NQU1,2148.25,2154.25,2147.75,2153.0,278
2011-08-08 01:40:00+00:00,33,1,56972,NQU1,2152.75,2156.0,2152.5,2153.5,225
2011-08-08 01:50:00+00:00,33,1,12038,NQZ1,2148.5,2148.5,2148.5,2148.5,2
2011-08-08 01:50:00+00:00,33,1,56972,NQU1,2153.5,2155.5,2153.25,2154.5,286
2011-08-08 01:50:00+00:00,33,1,612349,NQU1-NQZ1,-5.55,-5.55,-5.55,-5.55,1
2011-08-08 02:00:00+00:00,33,1,56972,NQU1,2154.5,2154.5,2146.5,2150.5,502
2011-08-08 02:10:00+00:00,33,1,56972,NQU1,2150.5,2150.5,2149.0,2149.0,76
2011-08-08 02:20:00+00:00,33,1,56972,NQU1,2149.0,2150.75,2147.25,2148.75,94
2011-08-08 02:30:00+00:00,33,1,56972,NQU1,2149.25,2149.75,2142.5,2145.0,175
2011-08-08 02:40:00+00:00,33,1,56972,NQU1,2145.0,2145.25,2143.25,2143.5,159
2011-08-08 02:50:00+00:00,33,1,12038,NQZ1,2138.0,2138.0,2138.0,2138.0,1
2011-08-08 02:50:00+00:00,33,1,56972,NQU1,2143.5,2145.5,2140.5,2142.25,227
2011-08-08 03:00:00+00:00,33,1,12038,NQZ1,2136.5,2136.5,2136.5,2136.5,1
2011-08-08 03:00:00+00:00,33,1,56972,NQU1,2142.5,2142.75,2139.5,2140.25,277
2011-08-08 03:10:00+00:00,33,1,12038,NQZ1,2138.0,2138.0,2138.0,2138.0,1
2011-08-08 03:10:00+00:00,33,1,56972,NQU1,2140.25,2144.5,2140.25,2144.25,332
2011-08-08 03:20:00+00:00,33,1,12038,NQZ1,2139.5,2139.5,2139.5,2139.5,3
2011-08-08 03:20:00+00:00,33,1,56972,NQU1,2144.0,2145.0,2143.75,2144.0,116
2011-08-08 03:30:00+00:00,33,1,56972,NQU1,2143.75,2144.0,2139.25,2139.25,267
2011-08-08 03:40:00+00:00,33,1,12038,NQZ1,2134.75,2134.75,2134.75,2134.75,2
2011-08-08 03:40:00+00:00,33,1,56972,NQU1,2139.5,2140.0,2136.5,2138.5,208
2011-08-08 03:50:00+00:00,33,1,12038,NQZ1,2128.0,2131.5,2128.0,2131.5,2
2011-08-08 03:50:00+00:00,33,1,56972,NQU1,2138.25,2138.75,2133.5,2138.25,327
2011-08-08 04:00:00+00:00,33,1,56972,NQU1,2138.25,2138.75,2135.25,2138.75,131
2011-08-08 04:10:00+00:00,33,1,56972,NQU1,2138.5,2138.75,2135.0,2135.5,156
2011-08-08 04:20:00+00:00,33,1,56972,NQU1,2135.25,2135.25,2130.75,2131.5,687
2011-08-08 04:30:00+00:00,33,1,56972,NQU1,2131.25,2135.0,2131.25,2134.75,582
2011-08-08 04:40:00+00:00,33,1,56972,NQU1,2135.0,2136.0,2133.0,2134.0,312
2011-08-08 04:50:00+00:00,33,1,12038,NQZ1,2134.5,2137.0,2133.5,2133.5,17
2011-08-08 04:50:00+00:00,33,1,56972,NQU1,2133.75,2140.0,2130.75,2139.25,546
2011-08-08 04:50:00+00:00,33,1,612349,NQU1-NQZ1,-5.3,-5.3,-5.3,-5.3,3
2011-08-08 05:00:00+00:00,33,1,56972,NQU1,2139.5,2141.0,2135.25,2138.0,376
2011-08-08 05:10:00+00:00,33,1,56972,NQU1,2138.0,2138.0,2133.5,2135.25,232
2011-08-08 05:20:00+00:00,33,1,56972,NQU1,2135.0,2135.25,2132.0,2132.5,312
2011-08-08 05:30:00+00:00,33,1,12038,NQZ1,2128.5,2128.5,2128.5,2128.5,1
2011-08-08 05:30:00+00:00,33,1,56972,NQU1,2132.5,2134.5,2132.0,2134.25,269
2011-08-08 05:40:00+00:00,33,1,12038,NQZ1,2130.0,2130.0,2123.0,2123.0,16
2011-08-08 05:40:00+00:00,33,1,56972,NQU1,2134.5,2135.75,2128.25,2128.25,382
2011-08-08 05:50:00+00:00,33,1,12038,NQZ1,2124.0,2124.0,2124.0,2124.0,1
2011-08-08 05:50:00+00:00,33,1,56972,NQU1,2128.75,2131.5,2128.0,2128.0,618
2011-08-08 06:00:00+00:00,33,1,56972,NQU1,2128.25,2131.75,2125.0,2129.75,1521
2011-08-08 06:10:00+00:00,33,1,56972,NQU1,2129.75,2131.75,2123.25,2131.75,1212
2011-08-08 06:20:00+00:00,33,1,12038,NQZ1,2131.0,2131.0,2131.0,2131.0,1
2011-08-08 06:20:00+00:00,33,1,56972,NQU1,2131.75,2137.75,2131.5,2137.75,1190
2011-08-08 06:30:00+00:00,33,1,56972,NQU1,2137.75,2144.75,2134.5,2143.0,1270
2011-08-08 06:40:00+00:00,33,1,56972,NQU1,2142.75,2144.5,2138.5,2144.0,962
2011-08-08 06:50:00+00:00,33,1,12038,NQZ1,2142.0,2142.0,2142.0,2142.0,1
2011-08-08 06:50:00+00:00,33,1,56972,NQU1,2144.0,2147.75,2142.5,2143.25,672
2011-08-08 07:00:00+00:00,33,1,12038,NQZ1,2145.0,2147.0,2145.0,2147.0,2
2011-08-08 07:00:00+00:00,33,1,56972,NQU1,2143.0,2157.75,2140.75,2156.5,3064
2011-08-08 07:10:00+00:00,33,1,12038,NQZ1,2140.5,2153.0,2140.5,2153.0,3
2011-08-08 07:10:00+00:00,33,1,56972,NQU1,2155.75,2159.0,2150.75,2157.25,1683
2011-08-08 07:20:00+00:00,33,1,12038,NQZ1,2160.0,2162.25,2160.0,2162.25,4
2011-08-08 07:20:00+00:00,33,1,56972,NQU1,2157.25,2169.75,2155.5,2168.75,2543
2011-08-08 07:30:00+00:00,33,1,56972,NQU1,2169.0,2169.25,2160.25,2163.25,1608
2011-08-08 07:40:00+00:00,33,1,12038,NQZ1,2163.75,2163.75,2163.75,2163.75,1
2011-08-08 07:40:00+00:00,33,1,56972,NQU1,2163.5,2170.75,2160.25,2164.0,1416
2011-08-08 07:50:00+00:00,33,1,56972,NQU1,2163.75,2165.75,2159.0,2159.5,716
2011-08-08 08:00:00+00:00,33,1,56972,NQU1,2159.5,2160.75,2154.5,2155.25,947
2011-08-08 08:10:00+00:00,33,1,12038,NQZ1,2149.5,2149.5,2143.0,2143.0,3
2011-08-08 08:10:00+00:00,33,1,56972,NQU1,2155.5,2156.75,2147.5,2148.75,655
2011-08-08 08:20:00+00:00,33,1,12038,NQZ1,2147.0,2147.0,2147.0,2147.0,1
2011-08-08 08:20:00+00:00,33,1,56972,NQU1,2148.75,2155.5,2145.75,2152.25,1127
2011-08-08 08:30:00+00:00,33,1,12038,NQZ1,2147.25,2147.25,2147.25,2147.25,2
2011-08-08 08:30:00+00:00,33,1,56972,NQU1,2152.0,2154.5,2148.25,2151.0,690
2011-08-08 08:40:00+00:00,33,1,56972,NQU1,2150.75,2153.5,2146.5,2147.25,416
2011-08-08 08:50:00+00:00,33,1,56972,NQU1,2147.25,2147.5,2138.75,2139.75,691
2011-08-08 09:00:00+00:00,33,1,12038,NQZ1,2134.0,2138.5,2134.0,2138.5,2
2011-08-08 09:00:00+00:00,33,1,56972,NQU1,2139.25,2144.75,2138.0,2139.0,457
2011-08-08 09:10:00+00:00,33,1,12038,NQZ1,2130.5,2130.75,2126.5,2130.75,4
2011-08-08 09:10:00+00:00,33,1,56972,NQU1,2138.75,2140.25,2129.5,2131.0,1022
2011-08-08 09:20:00+00:00,33,1,12038,NQZ1,2123.75,2123.75,2122.5,2123.75,4
2011-08-08 09:20:00+00:00,33,1,56972,NQU1,2131.0,2136.5,2124.0,2132.75,2298
2011-08-08 09:30:00+00:00,33,1,12038,NQZ1,2130.0,2130.0,2130.0,2130.0,1
2011-08-08 09:30:00+00:00,33,1,56972,NQU1,2131.75,2138.0,2127.5,2136.0,849
2011-08-08 09:40:00+00:00,33,1,12038,NQZ1,2125.0,2125.0,2125.0,2125.0,1
2011-08-08 09:40:00+00:00,33,1,56972,NQU1,2136.5,2136.5,2126.25,2128.5,873
2011-08-08 09:50:00+00:00,33,1,12038,NQZ1,2122.5,2123.0,2120.5,2123.0,3
2011-08-08 09:50:00+00:00,33,1,56972,NQU1,2128.0,2132.0,2124.5,2131.75,842
2011-08-08 10:00:00+00:00,33,1,12038,NQZ1,2127.25,2127.25,2121.75,2121.75,2
2011-08-08 10:00:00+00:00,33,1,56972,NQU1,2132.25,2133.75,2125.75,2128.0,505
2011-08-08 10:10:00+00:00,33,1,12038,NQZ1,2124.0,2124.75,2122.0,2122.0,3
2011-08-08 10:10:00+00:00,33,1,56972,NQU1,2128.0,2132.75,2125.75,2126.25,704
2011-08-08 10:20:00+00:00,33,1,12038,NQZ1,2120.5,2120.5,2120.5,2120.5,1
2011-08-08 10:20:00+00:00,33,1,56972,NQU1,2126.25,2129.0,2122.25,2126.75,524
2011-08-08 10:30:00+00:00,33,1,56972,NQU1,2126.75,2132.25,2126.75,2130.25,380
2011-08-08 10:40:00+00:00,33,1,56972,NQU1,2130.5,2137.0,2130.25,2131.75,493
2011-08-08 10:50:00+00:00,33,1,12038,NQZ1,2126.75,2131.5,2126.75,2131.5,3
2011-08-08 10:50:00+00:00,33,1,56972,NQU1,2131.75,2134.75,2127.5,2130.0,519
2011-08-08 11:00:00+00:00,33,1,12038,NQZ1,2127.75,2127.75,2127.75,2127.75,1
2011-08-08 11:00:00+00:00,33,1,56972,NQU1,2129.5,2134.0,2129.25,2132.5,854
2011-08-08 11:10:00+00:00,33,1,12038,NQZ1,2134.75,2134.75,2134.75,2134.75,1
2011-08-08 11:10:00+00:00,33,1,56972,NQU1,2132.75,2141.0,2131.0,2140.5,1002
2011-08-08 11:20:00+00:00,33,1,56972,NQU1,2140.5,2143.75,2136.25,2138.75,666
2011-08-08 11:30:00+00:00,33,1,12038,NQZ1,2133.0,2133.0,2133.0,2133.0,1
2011-08-08 11:30:00+00:00,33,1,56972,NQU1,2138.75,2140.0,2135.5,2137.75,595
2011-08-08 11:40:00+00:00,33,1,12038,NQZ1,2132.0,2132.0,2127.0,2127.0,6
2011-08-08 11:40:00+00:00,33,1,56972,NQU1,2137.25,2137.5,2131.75,2133.25,1059
2011-08-08 11:50:00+00:00,33,1,12038,NQZ1,2135.25,2135.25,2135.25,2135.25,1
2011-08-08 11:50:00+00:00,33,1,56972,NQU1,2133.75,2141.0,2133.75,2140.75,440
2011-08-08 12:00:00+00:00,33,1,12038,NQZ1,2133.5,2137.0,2133.5,2135.25,9
2011-08-08 12:00:00+00:00,33,1,56972,NQU1,2140.0,2143.0,2138.25,2139.5,980
2011-08-08 12:10:00+00:00,33,1,12038,NQZ1,2135.25,2135.25,2133.0,2133.25,3
2011-08-08 12:10:00+00:00,33,1,56972,NQU1,2140.25,2143.25,2138.0,2141.5,909
2011-08-08 12:20:00+00:00,33,1,56972,NQU1,2141.5,2144.25,2140.25,2141.5,1484
2011-08-08 12:30:00+00:00,33,1,12038,NQZ1,2132.75,2132.75,2132.0,2132.0,2
2011-08-08 12:30:00+00:00,33,1,56972,NQU1,2141.25,2143.5,2136.5,2140.75,2360
2011-08-08 12:40:00+00:00,33,1,12038,NQZ1,2135.25,2135.25,2132.0,2132.0,4
2011-08-08 12:40:00+00:00,33,1,56972,NQU1,2140.5,2140.5,2134.5,2136.25,1163
2011-08-08 12:50:00+00:00,33,1,12038,NQZ1,2130.25,2130.25,2126.5,2126.5,4
2011-08-08 12:50:00+00:00,33,1,56972,NQU1,2136.25,2137.75,2129.75,2131.0,2446
2011-08-08 13:00:00+00:00,33,1,12038,NQZ1,2128.25,2128.25,2128.25,2128.25,1
2011-08-08 13:00:00+00:00,33,1,56972,NQU1,2131.25,2137.25,2127.75,2136.5,2359
2011-08-08 13:10:00+00:00,33,1,12038,NQZ1,2129.5,2129.5,2129.5,2129.5,1
2011-08-08 13:10:00+00:00,33,1,56972,NQU1,2136.25,2139.75,2133.0,2134.25,2952
2011-08-08 13:20:00+00:00,33,1,12038,NQZ1,2128.75,2128.75,2123.25,2124.25,7
2011-08-08 13:20:00+00:00,33,1,56972,NQU1,2134.0,2134.75,2123.75,2124.0,4832
2011-08-08 13:30:00+00:00,33,1,12038,NQZ1,2119.5,2144.75,2119.25,2144.75,33
2011-08-08 13:30:00+00:00,33,1,56972,NQU1,2124.25,2156.25,2123.0,2155.25,41094
2011-08-08 13:30:00+00:00,33,1,612349,NQU1-NQZ1,-5.45,-5.45,-5.5,-5.5,2
2011-08-08 13:40:00+00:00,33,1,12038,NQZ1,2152.5,2156.25,2135.25,2135.25,26
2011-08-08 13:40:00+00:00,33,1,56972,NQU1,2155.5,2161.75,2141.25,2141.25,32465
2011-08-08 13:40:00+00:00,33,1,612349,NQU1-NQZ1,-5.35,-5.35,-5.55,-5.55,6
2011-08-08 13:50:00+00:00,33,1,12038,NQZ1,2137.0,2141.75,2133.5,2134.25,7
2011-08-08 13:50:00+00:00,33,1,56972,NQU1,2141.25,2151.0,2136.75,2144.0,22968
2011-08-08 14:00:00+00:00,33,1,12038,NQZ1,2138.0,2140.5,2130.0,2132.75,8
2011-08-08 14:00:00+00:00,33,1,56972,NQU1,2144.0,2147.75,2134.25,2138.0,20733
2011-08-08 14:00:00+00:00,33,1,612349,NQU1-NQZ1,-5.55,-5.55,-5.55,-5.55,1
2011-08-08 14:10:00+00:00,33,1,12038,NQZ1,2130.25,2130.25,2112.25,2112.25,14
2011-08-08 14:10:00+00:00,33,1,56972,NQU1,2137.75,2140.25,2117.75,2124.0,20125
2011-08-08 14:20:00+00:00,33,1,12038,NQZ1,2113.5,2116.75,2098.75,2101.25,13
2011-08-08 14:20:00+00:00,33,1,56972,NQU1,2124.0,2125.25,2103.25,2106.5,24996
2011-08-08 14:30:00+00:00,33,1,12038,NQZ1,2103.75,2105.5,2094.0,2105.5,23
2011-08-08 14:30:00+00:00,33,1,56972,NQU1,2106.25,2112.5,2098.0,2110.75,25281
2011-08-08 14:40:00+00:00,33,1,12038,NQZ1,2110.0,2117.25,2107.0,2116.75,12
2011-08-08 14:40:00+00:00,33,1,56972,NQU1,2111.0,2125.0,2108.0,2124.25,17969
2011-08-08 14:50:00+00:00,33,1,12038,NQZ1,2117.25,2118.25,2105.75,2106.0,17
2011-08-08 14:50:00+00:00,33,1,56972,NQU1,2124.25,2125.5,2110.0,2112.75,20338
2011-08-08 15:00:00+00:00,33,1,12038,NQZ1,2104.75,2128.5,2104.75,2128.5,69
2011-08-08 15:00:00+00:00,33,1,56972,NQU1,2112.5,2134.25,2108.75,2133.0,19075
2011-08-08 15:00:00+00:00,33,1,612349,NQU1-NQZ1,-5.55,-5.55,-5.6,-5.6,5
2011-08-08 15:10:00+00:00,33,1,12038,NQZ1,2128.75,2133.0,2125.0,2129.0,12
2011-08-08 15:10:00+00:00,33,1,56972,NQU1,2133.0,2141.25,2129.25,2132.75,19198
2011-08-08 15:10:00+00:00,33,1,612349,NQU1-NQZ1,-5.35,-5.35,-5.35,-5.35,1
2011-08-08 15:20:00+00:00,33,1,12038,NQZ1,2128.25,2128.25,2120.5,2120.75,48
2011-08-08 15:20:00+00:00,33,1,56972,NQU1,2133.0,2133.25,2120.5,2126.0,15862
2011-08-08 15:20:00+00:00,33,1,612349,NQU1-NQZ1,-5.6,-5.6,-5.6,-5.6,1
2011-08-08 15:30:00+00:00,33,1,12038,NQZ1,2120.25,2120.25,2111.75,2112.75,31
2011-08-08 15:30:00+00:00,33,1,56972,NQU1,2126.0,2126.5,2116.0,2120.0,24073
2011-08-08 15:30:00+00:00,33,1,612349,NQU1-NQZ1,-5.6,-5.3,-5.6,-5.3,5
2011-08-08 15:40:00+00:00,33,1,12038,NQZ1,2117.0,2117.0,2117.0,2117.0,1
2011-08-08 15:40:00+00:00,33,1,56972,NQU1,2120.0,2127.5,2116.0,2126.75,9182
2011-08-08 15:50:00+00:00,33,1,12038,NQZ1,2122.0,2124.25,2122.0,2123.75,5
2011-08-08 15:50:00+00:00,33,1,56972,NQU1,2126.75,2131.5,2122.5,2124.75,11097
2011-08-08 16:00:00+00:00,33,1,12038,NQZ1,2114.5,2114.5,2106.5,2112.0,8
2011-08-08 16:00:00+00:00,33,1,56972,NQU1,2124.5,2124.5,2111.0,2117.0,7518
2011-08-08 16:10:00+00:00,33,1,12038,NQZ1,2113.25,2113.25,2105.0,2107.5,6
2011-08-08 16:10:00+00:00,33,1,56972,NQU1,2117.0,2121.75,2109.75,2112.5,7084
2011-08-08 16:20:00+00:00,33,1,12038,NQZ1,2107.5,2107.5,2106.5,2106.75,3
2011-08-08 16:20:00+00:00,33,1,56972,NQU1,2112.25,2120.25,2109.25,2112.25,7061
2011-08-08 16:30:00+00:00,33,1,12038,NQZ1,2107.25,2109.5,2105.25,2105.25,18
2011-08-08 16:30:00+00:00,33,1,56972,NQU1,2112.25,2116.5,2110.0,2111.25,5287
2011-08-08 16:40:00+00:00,33,1,12038,NQZ1,2108.5,2117.75,2108.5,2112.75,14
2011-08-08 16:40:00+00:00,33,1,56972,NQU1,2111.25,2123.75,2110.5,2121.75,9624
2011-08-08 16:40:00+00:00,33,1,612349,NQU1-NQZ1,-5.6,-5.6,-5.6,-5.6,4
2011-08-08 16:50:00+00:00,33,1,12038,NQZ1,2111.5,2111.5,2111.5,2111.5,1
2011-08-08 16:50:00+00:00,33,1,56972,NQU1,2121.25,2124.0,2115.25,2116.5,5729
2011-08-08 17:00:00+00:00,33,1,12038,NQZ1,2113.0,2113.5,2109.75,2109.75,4
2011-08-08 17:00:00+00:00,33,1,56972,NQU1,2116.5,2124.0,2113.5,2114.5,5759
2011-08-08 17:10:00+00:00,33,1,12038,NQZ1,2105.0,2105.0,2104.75,2104.75,2
2011-08-08 17:10:00+00:00,33,1,56972,NQU1,2114.5,2117.5,2106.75,2112.5,8444
2011-08-08 17:10:00+00:00,33,1,612349,NQU1-NQZ1,-5.6,-5.6,-5.6,-5.6,1
2011-08-08 17:20:00+00:00,33,1,12038,NQZ1,2108.25,2108.75,2108.25,2108.75,8
2011-08-08 17:20:00+00:00,33,1,56972,NQU1,2112.5,2121.25,2110.75,2116.75,6392
2011-08-08 17:20:00+00:00,33,1,612349,NQU1-NQZ1,-5.6,-5.6,-5.6,-5.6,5
2011-08-08 17:30:00+00:00,33,1,12038,NQZ1,2103.75,2103.75,2099.75,2099.75,5
2011-08-08 17:30:00+00:00,33,1,56972,NQU1,2116.5,2119.0,2105.0,2106.25,7971
2011-08-08 17:30:00+00:00,33,1,612349,NQU1-NQZ1,-5.6,-5.6,-5.6,-5.6,3
2011-08-08 17:40:00+00:00,33,1,12038,NQZ1,2100.75,2101.5,2092.0,2097.75,31
2011-08-08 17:40:00+00:00,33,1,56972,NQU1,2106.5,2110.25,2096.75,2102.0,11490
2011-08-08 17:40:00+00:00,33,1,612349,NQU1-NQZ1,-5.6,-5.6,-5.6,-5.6,5
2011-08-08 17:50:00+00:00,33,1,12038,NQZ1,2098.0,2098.5,2090.25,2090.25,8
2011-08-08 17:50:00+00:00,33,1,56972,NQU1,2102.25,2111.5,2095.0,2096.25,13075
2011-08-08 17:50:00+00:00,33,1,612349,NQU1-NQZ1,-5.6,-5.6,-5.6,-5.6,1
2011-08-08 18:00:00+00:00,33,1,12038,NQZ1,2088.5,2103.25,2088.5,2091.5,15
2011-08-08 18:00:00+00:00,33,1,56972,NQU1,2096.0,2109.5,2093.25,2098.25,12943
2011-08-08 18:00:00+00:00,33,1,612349,NQU1-NQZ1,-5.6,-5.6,-5.6,-5.6,2
2011-08-08 18:10:00+00:00,33,1,12038,NQZ1,2096.75,2096.75,2076.75,2083.25,14
2011-08-08 18:10:00+00:00,33,1,56972,NQU1,2098.25,2104.25,2081.75,2088.0,13926
2011-08-08 18:10:00+00:00,33,1,612349,NQU1-NQZ1,-5.6,-5.6,-5.6,-5.6,3
2011-08-08 18:20:00+00:00,33,1,12038,NQZ1,2081.25,2081.25,2059.25,2067.75,43
2011-08-08 18:20:00+00:00,33,1,56972,NQU1,2088.0,2089.5,2059.75,2074.0,25232
2011-08-08 18:20:00+00:00,33,1,612349,NQU1-NQZ1,-5.55,-5.45,-5.55,-5.45,7
2011-08-08 18:30:00+00:00,33,1,12038,NQZ1,2069.0,2081.75,2065.0,2070.25,43
2011-08-08 18:30:00+00:00,33,1,56972,NQU1,2074.25,2087.75,2069.25,2075.75,20892
2011-08-08 18:30:00+00:00,33,1,612349,NQU1-NQZ1,-5.45,-5.3,-5.6,-5.6,17
2011-08-08 18:40:00+00:00,33,1,12038,NQZ1,2073.25,2080.25,2068.75,2071.0,12
2011-08-08 18:40:00+00:00,33,1,56972,NQU1,2076.0,2085.75,2071.5,2076.75,9546
2011-08-08 18:40:00+00:00,33,1,612349,NQU1-NQZ1,-5.6,-5.6,-5.6,-5.6,3
2011-08-08 18:50:00+00:00,33,1,12038,NQZ1,2072.75,2074.75,2065.75,2070.5,8
2011-08-08 18:50:00+00:00,33,1,56972,NQU1,2077.0,2081.75,2070.5,2076.25,9197
2011-08-08 18:50:00+00:00,33,1,612349,NQU1-NQZ1,-5.6,-5.6,-5.6,-5.6,1
2011-08-08 19:00:00+00:00,33,1,12038,NQZ1,2069.25,2087.75,2069.25,2087.75,8
2011-08-08 19:00:00+00:00,33,1,56972,NQU1,2076.25,2094.25,2073.75,2093.25,11843
2011-08-08 19:00:00+00:00,33,1,612349,NQU1-NQZ1,-5.3,-5.3,-5.3,-5.3,1
2011-08-08 19:10:00+00:00,33,1,12038,NQZ1,2092.0,2102.5,2090.0,2102.5,51
2011-08-08 19:10:00+00:00,33,1,56972,NQU1,2093.5,2111.5,2086.25,2105.25,18662
2011-08-08 19:20:00+00:00,33,1,12038,NQZ1,2096.75,2100.25,2086.5,2087.0,12
2011-08-08 19:20:00+00:00,33,1,56972,NQU1,2105.25,2107.25,2090.5,2091.5,14219
2011-08-08 19:30:00+00:00,33,1,12038,NQZ1,2086.0,2086.0,2072.75,2082.75,17
2011-08-08 19:30:00+00:00,33,1,56972,NQU1,2091.5,2095.0,2077.75,2087.75,14119
2011-08-08 19:40:00+00:00,33,1,12038,NQZ1,2084.5,2084.5,2064.5,2068.0,12
2011-08-08 19:40:00+00:00,33,1,56972,NQU1,2087.75,2091.0,2066.75,2070.25,15973
2011-08-08 19:40:00+00:00,33,1,612349,NQU1-NQZ1,-5.35,-5.35,-5.35,-5.35,1
2011-08-08 19:50:00+00:00,33,1,12038,NQZ1,2060.5,2068.5,2054.0,2054.0,12
2011-08-08 19:50:00+00:00,33,1,56972,NQU1,2069.75,2077.0,2059.0,2059.5,26239
2011-08-08 20:00:00+00:00,33,1,12038,NQZ1,2053.25,2054.5,2028.25,2041.5,113
2011-08-08 20:00:00+00:00,33,1,56972,NQU1,2059.25,2060.75,2031.5,2046.75,32920
2011-08-08 20:00:00+00:00,33,1,612349,NQU1-NQZ1,-5.55,-5.3,-5.6,-5.3,14
2011-08-08 20:10:00+00:00,33,1,12038,NQZ1,2042.75,2042.75,2036.5,2036.5,4
2011-08-08 20:10:00+00:00,33,1,56972,NQU1,2046.75,2049.25,2038.25,2039.75,4195
2011-08-08 20:30:00+00:00,33,1,12038,NQZ1,2038.5,2040.0,2038.5,2040.0,2
2011-08-08 20:30:00+00:00,33,1,56972,NQU1,2043.0,2045.5,2040.25,2041.5,1278
2011-08-08 20:40:00+00:00,33,1,56972,NQU1,2042.25,2042.75,2039.5,2040.25,544
2011-08-08 20:50:00+00:00,33,1,56972,NQU1,2040.75,2043.5,2039.5,2039.75,438
2011-08-08 21:00:00+00:00,33,1,56972,NQU1,2040.5,2041.75,2039.75,2041.5,256
2011-08-08 21:10:00+00:00,33,1,56972,NQU1,2041.75,2042.25,2037.75,2039.0,208
2011-08-08 21:20:00+00:00,33,1,56972,NQU1,2039.0,2039.0,2032.5,2033.75,271
2011-08-08 22:00:00+00:00,33,1,12038,NQZ1,2015.75,2015.75,2015.75,2015.75,1
2011-08-08 22:00:00+00:00,33,1,56972,NQU1,2034.0,2037.0,2013.0,2024.0,866
2011-08-08 22:10:00+00:00,33,1,12038,NQZ1,2015.0,2015.25,2015.0,2015.25,2
2011-08-08 22:10:00+00:00,33,1,56972,NQU1,2025.5,2026.5,2016.25,2020.75,991
2011-08-08 22:20:00+00:00,33,1,12038,NQZ1,2012.25,2012.25,2012.25,2012.25,1
2011-08-08 22:20:00+00:00,33,1,56972,NQU1,2021.0,2024.0,2017.25,2022.0,252
2011-08-08 22:30:00+00:00,33,1,56972,NQU1,2022.5,2025.0,2021.25,2021.75,155
2011-08-08 22:40:00+00:00,33,1,12038,NQZ1,2016.5,2016.5,2016.5,2016.5,1
2011-08-08 22:40:00+00:00,33,1,56972,NQU1,2021.75,2023.0,2020.25,2020.75,339
2011-08-08 22:50:00+00:00,33,1,56972,NQU1,2020.0,2020.25,2016.75,2019.5,140
2011-08-08 23:00:00+00:00,33,1,12038,NQZ1,2015.0,2015.0,2015.0,2015.0,50
2011-08-08 23:00:00+00:00,33,1,56972,NQU1,2019.5,2026.0,2019.5,2021.75,246
2011-08-08 23:00:00+00:00,33,1,612349,NQU1-NQZ1,-5.6,-5.6,-5.6,-5.6,1
2011-08-08 23:10:00+00:00,33,1,56972,NQU1,2022.25,2025.75,2021.5,2024.25,101
2011-08-08 23:20:00+00:00,33,1,56972,NQU1,2024.25,2027.5,2024.25,2027.5,151
2011-08-08 23:30:00+00:00,33,1,56972,NQU1,2027.5,2027.5,2026.0,2027.0,146
2011-08-08 23:40:00+00:00,33,1,56972,NQU1,2026.75,2027.75,2024.75,2025.5,188
2011-08-08 23:50:00+00:00,33,1,12038,NQZ1,2019.75,2021.25,2019.75,2021.25,2
2011-08-08 23:50:00+00:00,33,1,56972,NQU1,2025.25,2027.0,2023.0,2025.0,131
2011-08-09 00:00:00+00:00,33,1,12038,NQZ1,2017.0,2017.0,2017.0,2017.0,1
2011-08-09 00:00:00+00:00,33,1,56972,NQU1,2024.5,2025.0,2019.0,2022.75,420
2011-08-09 00:10:00+00:00,33,1,12038,NQZ1,2015.25,2015.25,2015.25,2015.25,1
2011-08-09 00:10:00+00:00,33,1,56972,NQU1,2023.25,2024.5,2016.75,2017.75,308
2011-08-09 00:20:00+00:00,33,1,12038,NQZ1,2016.25,2016.25,2016.25,2016.25,1
2011-08-09 00:20:00+00:00,33,1,56972,NQU1,2017.75,2026.5,2017.0,2021.75,239
2011-08-09 00:30:00+00:00,33,1,56972,NQU1,2021.25,2023.75,2019.25,2019.25,94
2011-08-09 00:40:00+00:00,33,1,56972,NQU1,2019.0,2019.0,2007.0,2013.5,890
2011-08-09 00:50:00+00:00,33,1,56972,NQU1,2013.0,2018.75,2010.75,2010.75,200
2011-08-09 01:00:00+00:00,33,1,56972,NQU1,2011.0,2014.5,2006.25,2010.0,323
2011-08-09 01:10:00+00:00,33,1,56972,NQU1,2009.25,2010.0,2002.5,2003.0,618
2011-08-09 01:20:00+00:00,33,1,56972,NQU1,2004.0,2006.75,1998.5,2000.25,552
2011-08-09 01:30:00+00:00,33,1,12038,NQZ1,1996.75,1996.75,1989.0,1989.0,2
2011-08-09 01:30:00+00:00,33,1,56972,NQU1,2000.0,2006.5,1991.5,1992.5,723
2011-08-09 01:40:00+00:00,33,1,12038,NQZ1,1976.75,1979.25,1976.75,1979.25,2
2011-08-09 01:40:00+00:00,33,1,56972,NQU1,1993.25,1993.75,1977.5,1988.0,1207
2011-08-09 01:50:00+00:00,33,1,20924,NQM2,1989.0,1989.0,1989.0,1989.0,1
2011-08-09 01:50:00+00:00,33,1,56972,NQU1,1988.0,1996.75,1987.5,1988.25,489
2011-08-09 02:00:00+00:00,33,1,12038,NQZ1,1981.75,1981.75,1976.0,1976.0,2
2011-08-09 02:00:00+00:00,33,1,56972,NQU1,1988.5,1994.0,1979.0,1980.25,706
2011-08-09 02:00:00+00:00,33,1,612349,NQU1-NQZ1,-5.6,-5.6,-5.6,-5.6,1
2011-08-09 02:10:00+00:00,33,1,12038,NQZ1,1974.0,1974.75,1964.0,1967.25,47
2011-08-09 02:10:00+00:00,33,1,56972,NQU1,1980.25,1983.5,1972.25,1977.0,910
2011-08-09 02:10:00+00:00,33,1,612349,NQU1-NQZ1,-5.6,-5.3,-5.6,-5.55,7
2011-08-09 02:20:00+00:00,33,1,56972,NQU1,1977.0,1985.75,1977.0,1985.25,530
2011-08-09 02:30:00+00:00,33,1,12038,NQZ1,1982.75,1982.75,1982.75,1982.75,1
2011-08-09 02:30:00+00:00,33,1,56972,NQU1,1985.75,1993.5,1984.75,1989.0,348
2011-08-09 02:30:00+00:00,33,1,612349,NQU1-NQZ1,-5.55,-5.55,-5.55,-5.55,1
2011-08-09 02:40:00+00:00,33,1,56972,NQU1,1988.25,1991.5,1981.75,1990.0,355
2011-08-09 02:50:00+00:00,33,1,56972,NQU1,1990.0,1994.5,1989.5,1992.25,505
2011-08-09 03:00:00+00:00,33,1,12038,NQZ1,1981.75,1982.75,1981.75,1982.75,2
2011-08-09 03:00:00+00:00,33,1,56972,NQU1,1992.25,1992.5,1986.0,1991.25,359
2011-08-09 03:00:00+00:00,33,1,612349,NQU1-NQZ1,-5.55,-5.55,-5.55,-5.55,1
2011-08-09 03:10:00+00:00,33,1,12038,NQZ1,1979.25,1979.25,1979.25,1979.25,1
2011-08-09 03:10:00+00:00,33,1,56972,NQU1,1991.25,1992.5,1983.25,1985.25,456
2011-08-09 03:20:00+00:00,33,1,56972,NQU1,1985.0,1992.25,1982.25,1991.0,454
2011-08-09 03:30:00+00:00,33,1,12038,NQZ1,1983.75,1995.0,1983.5,1995.0,20
2011-08-09 03:30:00+00:00,33,1,56972,NQU1,1991.0,2002.0,1988.5,2001.75,662
2011-08-09 03:30:00+00:00,33,1,612349,NQU1-NQZ1,-5.55,-5.55,-5.55,-5.55,1
2011-08-09 03:40:00+00:00,33,1,12038,NQZ1,1992.25,1992.25,1988.5,1988.5,25
2011-08-09 03:40:00+00:00,33,1,56972,NQU1,2001.25,2001.75,1991.0,1996.0,682
2011-08-09 03:50:00+00:00,33,1,12038,NQZ1,1983.5,1983.5,1981.75,1981.75,15
2011-08-09 03:50:00+00:00,33,1,56972,NQU1,1996.0,1996.75,1986.5,1989.75,341
2011-08-09 04:00:00+00:00,33,1,12038,NQZ1,1983.0,1983.0,1983.0,1983.0,1
2011-08-09 04:00:00+00:00,33,1,56972,NQU1,1990.75,1991.75,1987.75,1987.75,70
2011-08-09 04:10:00+00:00,33,1,56972,NQU1,1988.25,2000.25,1987.25,1997.25,315
2011-08-09 04:20:00+00:00,33,1,56972,NQU1,1996.0,2005.25,1994.5,2002.5,451
2011-08-09 04:30:00+00:00,33,1,12038,NQZ1,2000.5,2006.0,2000.5,2006.0,20
2011-08-09 04:30:00+00:00,33,1,56972,NQU1,2002.5,2012.5,2002.0,2009.75,904
2011-08-09 04:40:00+00:00,33,1,12038,NQZ1,2005.0,2005.0,2005.0,2005.0,5
2011-08-09 04:40:00+00:00,33,1,56972,NQU1,2010.0,2011.5,2006.75,2007.25,363
2011-08-09 04:50:00+00:00,33,1,56972,NQU1,2008.0,2015.25,2005.5,2012.5,425
2011-08-09 05:00:00+00:00,33,1,56972,NQU1,2013.25,2013.25,2007.75,2008.75,133
2011-08-09 05:10:00+00:00,33,1,56972,NQU1,2008.5,2013.25,2006.0,2012.75,731
2011-08-09 05:20:00+00:00,33,1,56972,NQU1,2013.0,2013.5,2010.5,2010.75,160
2011-08-09 05:30:00+00:00,33,1,12038,NQZ1,2011.0,2011.0,2011.0,2011.0,1
2011-08-09 05:30:00+00:00,33,1,56972,NQU1,2010.75,2017.0,2010.5,2017.0,401
2011-08-09 05:40:00+00:00,33,1,12038,NQZ1,2014.75,2017.5,2014.75,2017.5,11
2011-08-09 05:40:00+00:00,33,1,56972,NQU1,2016.5,2023.0,2016.0,2022.0,872
2011-08-09 05:50:00+00:00,33,1,12038,NQZ1,2021.0,2027.5,2021.0,2027.5,22
2011-08-09 05:50:00+00:00,33,1,56972,NQU1,2022.0,2033.75,2020.75,2032.0,761
2011-08-09 06:00:00+00:00,33,1,12038,NQZ1,2031.0,2036.5,2024.0,2024.0,10
2011-08-09 06:00:00+00:00,33,1,56972,NQU1,2032.0,2040.0,2028.25,2033.75,1856
2011-08-09 06:10:00+00:00,33,1,12038,NQZ1,2034.75,2034.75,2031.75,2031.75,2
2011-08-09 06:10:00+00:00,33,1,56972,NQU1,2033.75,2041.0,2033.0,2039.75,854
2011-08-09 06:20:00+00:00,33,1,56972,NQU1,2040.0,2044.5,2039.5,2044.5,962
2011-08-09 06:30:00+00:00,33,1,12038,NQZ1,2042.0,2046.75,2042.0,2045.0,3
2011-08-09 06:30:00+00:00,33,1,56972,NQU1,2044.25,2055.25,2044.25,2051.0,1236
2011-08-09 06:40:00+00:00,33,1,12038,NQZ1,2046.5,2052.0,2046.5,2048.0,5
2011-08-09 06:40:00+00:00,33,1,56972,NQU1,2050.75,2061.75,2050.0,2058.0,2467
2011-08-09 06:50:00+00:00,33,1,12038,NQZ1,2058.75,2058.75,2058.75,2058.75,1
2011-08-09 06:50:00+00:00,33,1,56972,NQU1,2057.75,2066.75,2057.25,2066.5,842
2011-08-09 07:00:00+00:00,33,1,12038,NQZ1,2068.0,2090.5,2067.25,2090.5,44
2011-08-09 07:00:00+00:00,33,1,56972,NQU1,2066.25,2098.0,2065.5,2097.25,5759
2011-08-09 07:10:00+00:00,33,1,12038,NQZ1,2090.75,2101.0,2082.75,2082.75,9
2011-08-09 07:10:00+00:00,33,1,56972,NQU1,2097.0,2109.0,2086.5,2087.75,4227
2011-08-09 07:20:00+00:00,33,1,12038,NQZ1,2085.75,2085.75,2073.25,2073.25,6
2011-08-09 07:20:00+00:00,33,1,56972,NQU1,2088.5,2099.25,2082.75,2085.0,1550
2011-08-09 07:30:00+00:00,33,1,12038,NQZ1,2079.0,2079.0,2062.5,2062.5,4
2011-08-09 07:30:00+00:00,33,1,56972,NQU1,2085.25,2086.75,2066.5,2068.25,2076
2011-08-09 07:40:00+00:00,33,1,12038,NQZ1,2061.0,2061.0,2057.25,2057.25,11
2011-08-09 07:40:00+00:00,33,1,56972,NQU1,2067.25,2068.25,2053.5,2059.75,2435
2011-08-09 07:50:00+00:00,33,1,12038,NQZ1,2052.25,2052.25,2043.25,2043.25,7
2011-08-09 07:50:00+00:00,33,1,56972,NQU1,2059.75,2063.75,2041.5,2044.0,1759
2011-08-09 08:00:00+00:00,33,1,12038,NQZ1,2043.25,2055.25,2043.25,2055.0,6
2011-08-09 08:00:00+00:00,33,1,56972,NQU1,2044.25,2064.0,2040.25,2063.0,1355
2011-08-09 08:10:00+00:00,33,1,12038,NQZ1,2060.25,2060.75,2046.75,2047.5,22
2011-08-09 08:10:00+00:00,33,1,56972,NQU1,2062.5,2066.75,2051.0,2053.0,1496
2011-08-09 08:10:00+00:00,33,1,612349,NQU1-NQZ1,-5.4,-5.4,-5.4,-5.4,1
2011-08-09 08:20:00+00:00,33,1,12038,NQZ1,2035.5,2051.25,2033.75,2051.25,18
2011-08-09 08:20:00+00:00,33,1,56972,NQU1,2052.75,2058.75,2036.75,2046.0,3031
2011-08-09 08:30:00+00:00,33,1,12038,NQZ1,2034.25,2034.25,2015.25,2024.25,12
2011-08-09 08:30:00+00:00,33,1,56972,NQU1,2045.5,2050.25,2021.0,2028.0,2630
2011-08-09 08:30:00+00:00,33,1,612349,NQU1-NQZ1,-5.3,-5.3,-5.3,-5.3,2
2011-08-09 08:40:00+00:00,33,1,12038,NQZ1,2027.5,2039.0,2027.5,2027.75,5
2011-08-09 08:40:00+00:00,33,1,56972,NQU1,2028.0,2043.75,2025.25,2028.75,1699
2011-08-09 08:50:00+00:00,33,1,12038,NQZ1,2028.25,2028.25,2028.25,2028.25,3
2011-08-09 08:50:00+00:00,33,1,56972,NQU1,2029.0,2047.0,2029.0,2040.75,899
2011-08-09 09:00:00+00:00,33,1,12038,NQZ1,2008.5,2021.0,2008.25,2015.75,10
2011-08-09 09:00:00+00:00,33,1,56972,NQU1,2041.0,2041.0,2013.0,2030.25,1616
2011-08-09 09:10:00+00:00,33,1,12038,NQZ1,2022.25,2024.5,2009.25,2010.5,19
2011-08-09 09:10:00+00:00,33,1,56972,NQU1,2030.25,2031.0,2014.25,2018.25,1575
2011-08-09 09:20:00+00:00,33,1,12038,NQZ1,2012.5,2012.5,2012.5,2012.5,1
2011-08-09 09:20:00+00:00,33,1,56972,NQU1,2017.0,2022.25,2011.0,2016.25,637
2011-08-09 09:30:00+00:00,33,1,12038,NQZ1,2026.75,2031.0,2026.75,2031.0,2
2011-08-09 09:30:00+00:00,33,1,56972,NQU1,2019.25,2037.25,2018.75,2032.5,817
2011-08-09 09:40:00+00:00,33,1,12038,NQZ1,2045.25,2045.25,2043.0,2044.5,6
2011-08-09 09:40:00+00:00,33,1,56972,NQU1,2032.0,2052.25,2029.25,2044.5,1593
2011-08-09 09:50:00+00:00,33,1,12038,NQZ1,2039.5,2044.5,2034.25,2040.0,8
2011-08-09 09:50:00+00:00,33,1,56972,NQU1,2045.25,2051.75,2035.5,2044.5,1917
2011-08-09 10:00:00+00:00,33,1,12038,NQZ1,2042.5,2042.5,2042.5,2042.5,1
2011-08-09 10:00:00+00:00,33,1,56972,NQU1,2044.0,2050.75,2042.5,2045.75,800
2011-08-09 10:10:00+00:00,33,1,56972,NQU1,2044.5,2045.75,2038.25,2039.5,450
2011-08-09 10:20:00+00:00,33,1,56972,NQU1,2040.0,2048.75,2038.5,2047.5,586
2011-08-09 10:30:00+00:00,33,1,56972,NQU1,2047.75,2053.75,2042.0,2043.0,599
2011-08-09 10:40:00+00:00,33,1,12038,NQZ1,2054.75,2054.75,2054.75,2054.75,1
2011-08-09 10:40:00+00:00,33,1,56972,NQU1,2043.5,2062.0,2043.5,2060.0,867
2011-08-09 10:50:00+00:00,33,1,56972,NQU1,2060.75,2063.75,2053.5,2060.5,945
2011-08-09 11:00:00+00:00,33,1,12038,NQZ1,2063.0,2063.0,2062.0,2063.0,7
2011-08-09 11:00:00+00:00,33,1,56972,NQU1,2060.5,2069.75,2059.5,2061.25,1250
2011-08-09 11:10:00+00:00,33,1,12038,NQZ1,2054.0,2065.5,2054.0,2065.5,10
2011-08-09 11:10:00+00:00,33,1,56972,NQU1,2060.75,2077.0,2057.75,2075.25,2074
2011-08-09 11:10:00+00:00,33,1,612349,NQU1-NQZ1,-5.45,-5.45,-5.45,-5.45,1
2011-08-09 11:20:00+00:00,33,1,12038,NQZ1,2072.25,2072.25,2067.25,2068.0,16
2011-08-09 11:20:00+00:00,33,1,56972,NQU1,2074.75,2084.5,2071.25,2075.0,1962
2011-08-09 11:30:00+00:00,33,1,12038,NQZ1,2070.25,2070.25,2070.25,2070.25,1
2011-08-09 11:30:00+00:00,33,1,56972,NQU1,2075.25,2081.0,2070.5,2072.0,870
2011-08-09 11:40:00+00:00,33,1,12038,NQZ1,2063.5,2064.0,2053.5,2053.75,8
2011-08-09 11:40:00+00:00,33,1,56972,NQU1,2072.25,2072.25,2057.25,2062.0,1140
2011-08-09 11:50:00+00:00,33,1,12038,NQZ1,2058.5,2065.0,2058.5,2065.0,9
2011-08-09 11:50:00+00:00,33,1,56972,NQU1,2061.75,2073.75,2060.75,2073.0,1660
2011-08-09 11:50:00+00:00,33,1,612349,NQU1-NQZ1,-5.35,-5.35,-5.35,-5.35,1
2011-08-09 12:00:00+00:00,33,1,12038,NQZ1,2062.75,2063.75,2062.75,2063.75,6
2011-08-09 12:00:00+00:00,33,1,56972,NQU1,2072.0,2072.25,2063.25,2071.25,1023
2011-08-09 12:10:00+00:00,33,1,12038,NQZ1,2065.5,2065.5,2065.5,2065.5,1
2011-08-09 12:10:00+00:00,33,1,56972,NQU1,2070.75,2076.0,2068.0,2070.5,1863
2011-08-09 12:20:00+00:00,33,1,12038,NQZ1,2063.75,2063.75,2063.75,2063.75,1
2011-08-09 12:20:00+00:00,33,1,56972,NQU1,2070.5,2071.75,2062.25,2062.25,1311
2011-08-09 12:30:00+00:00,33,1,12038,NQZ1,2060.0,2069.5,2060.0,2069.5,3
2011-08-09 12:30:00+00:00,33,1,56972,NQU1,2062.25,2076.5,2058.25,2074.0,2780
2011-08-09 12:40:00+00:00,33,1,12038,NQZ1,2066.5,2066.5,2066.5,2066.5,1
2011-08-09 12:40:00+00:00,33,1,56972,NQU1,2074.25,2077.25,2068.25,2073.75,1857
2011-08-09 12:50:00+00:00,33,1,12038,NQZ1,2065.25,2065.25,2065.25,2065.25,1
2011-08-09 12:50:00+00:00,33,1,56972,NQU1,2073.0,2075.25,2066.5,2070.5,1395
2011-08-09 13:00:00+00:00,33,1,12038,NQZ1,2060.75,2062.5,2060.75,2062.5,3
2011-08-09 13:00:00+00:00,33,1,56972,NQU1,2070.5,2071.75,2063.0,2066.0,3167
2011-08-09 13:10:00+00:00,33,1,12038,NQZ1,2061.25,2066.75,2061.25,2066.75,2
2011-08-09 13:10:00+00:00,33,1,56972,NQU1,2066.0,2077.0,2064.0,2074.75,2163
2011-08-09 13:20:00+00:00,33,1,12038,NQZ1,2069.25,2083.0,2069.25,2083.0,4
2011-08-09 13:20:00+00:00,33,1,56972,NQU1,2074.75,2089.5,2074.0,2086.75,4623
2011-08-09 13:30:00+00:00,33,1,12038,NQZ1,2086.25,2087.5,2076.25,2087.5,13
2011-08-09 13:30:00+00:00,33,1,56972,NQU1,2086.75,2096.0,2079.75,2082.75,35248
2011-08-09 13:40:00+00:00,33,1,12038,NQZ1,2080.25,2080.25,2058.25,2066.75,19
2011-08-09 13:40:00+00:00,33,1,56972,NQU1,2082.75,2086.5,2061.75,2075.5,30546
2011-08-09 13:50:00+00:00,33,1,12038,NQZ1,2076.25,2095.0,2076.25,2095.0,31
2011-08-09 13:50:00+00:00,33,1,56972,NQU1,2075.5,2103.25,2075.0,2102.5,26769
2011-08-09 14:00:00+00:00,33,1,12038,NQZ1,2098.25,2108.75,2098.25,2100.25,15
2011-08-09 14:00:00+00:00,33,1,56972,NQU1,2102.75,2115.75,2100.25,2107.25,27661
2011-08-09 14:10:00+00:00,33,1,12038,NQZ1,2099.25,2108.75,2099.25,2108.75,7
2011-08-09 14:10:00+00:00,33,1,56972,NQU1,2107.25,2116.25,2102.5,2112.75,21050
2011-08-09 14:20:00+00:00,33,1,12038,NQZ1,2098.25,2109.0,2098.25,2109.0,18
2011-08-09 14:20:00+00:00,33,1,56972,NQU1,2112.75,2119.5,2103.25,2118.75,23980
2011-08-09 14:30:00+00:00,33,1,12038,NQZ1,2115.75,2116.75,2112.75,2116.25,34
2011-08-09 14:30:00+00:00,33,1,56972,NQU1,2119.0,2124.75,2113.5,2113.5,15739
2011-08-09 14:30:00+00:00,33,1,612349,NQU1-NQZ1,-5.5,-5.5,-5.5,-5.5,2
2011-08-09 14:40:00+00:00,33,1,12038,NQZ1,2108.75,2108.75,2106.0,2106.0,2
2011-08-09 14:40:00+00:00,33,1,56972,NQU1,2113.5,2123.25,2107.25,2117.5,16482
2011-08-09 14:40:00+00:00,33,1,612349,NQU1-NQZ1,-5.6,-5.6,-5.6,-5.6,30
2011-08-09 14:50:00+00:00,33,1,12038,NQZ1,2116.0,2116.75,2115.0,2115.5,8
2011-08-09 14:50:00+00:00,33,1,56972,NQU1,2117.5,2124.0,2115.75,2118.25,14092
2011-08-09 15:00:00+00:00,33,1,12038,NQZ1,2104.75,2106.75,2103.5,2106.0,4
2011-08-09 15:00:00+00:00,33,1,56972,NQU1,2118.0,2118.25,2105.0,2107.5,15698
2011-08-09 15:10:00+00:00,33,1,12038,NQZ1,2096.25,2099.25,2096.25,2099.25,4
2011-08-09 15:10:00+00:00,33,1,56972,NQU1,2107.5,2111.75,2099.25,2108.5,14543
2011-08-09 15:20:00+00:00,33,1,12038,NQZ1,2108.0,2112.25,2108.0,2112.25,3
2011-08-09 15:20:00+00:00,33,1,56972,NQU1,2108.25,2120.0,2107.25,2119.5,8512
2011-08-09 15:30:00+00:00,33,1,12038,NQZ1,2114.0,2114.0,2108.75,2108.75,4
2011-08-09 15:30:00+00:00,33,1,56972,NQU1,2119.5,2121.75,2113.5,2114.75,11169
2011-08-09 15:40:00+00:00,33,1,56972,NQU1,2114.75,2120.0,2113.0,2114.0,7702
2011-08-09 15:50:00+00:00,33,1,12038,NQZ1,2122.0,2122.0,2122.0,2122.0,1
2011-08-09 15:50:00+00:00,33,1,56972,NQU1,2114.0,2127.75,2114.0,2124.25,7196
2011-08-09 16:00:00+00:00,33,1,12038,NQZ1,2119.75,2123.0,2116.75,2123.0,5
2011-08-09 16:00:00+00:00,33,1,56972,NQU1,2124.5,2129.0,2119.75,2126.25,10150
2011-08-09 16:10:00+00:00,33,1,56972,NQU1,2126.25,2127.25,2121.75,2124.5,7773
2011-08-09 16:10:00+00:00,33,1,612349,NQU1-NQZ1,-5.6,-5.6,-5.6,-5.6,70
2011-08-09 16:20:00+00:00,33,1,56972,NQU1,2124.0,2128.75,2122.25,2125.5,4475
2011-08-09 16:30:00+00:00,33,1,12038,NQZ1,2118.75,2121.0,2118.75,2121.0,4
2011-08-09 16:30:00+00:00,33,1,56972,NQU1,2125.25,2130.75,2124.75,2127.75,5504
2011-08-09 16:40:00+00:00,33,1,12038,NQZ1,2120.0,2120.25,2120.0,2120.25,2
2011-08-09 16:40:00+00:00,33,1,56972,NQU1,2128.0,2128.25,2120.0,2120.75,3304
2011-08-09 16:50:00+00:00,33,1,12038,NQZ1,2113.0,2113.0,2113.0,2113.0,1
2011-08-09 16:50:00+00:00,33,1,56972,NQU1,2120.5,2121.5,2114.25,2114.5,7831
2011-08-09 17:00:00+00:00,33,1,12038,NQZ1,2108.25,2108.25,2108.25,2108.25,1
2011-08-09 17:00:00+00:00,33,1,56972,NQU1,2114.5,2119.75,2109.5,2118.25,8610
2011-08-09 17:10:00+00:00,33,1,56972,NQU1,2118.0,2120.0,2115.75,2116.25,3790
2011-08-09 17:20:00+00:00,33,1,56972,NQU1,2116.25,2118.5,2112.75,2113.5,4673
2011-08-09 17:30:00+00:00,33,1,12038,NQZ1,2098.0,2098.0,2098.0,2098.0,1
2011-08-09 17:30:00+00:00,33,1,56972,NQU1,2113.25,2115.75,2104.5,2105.5,8145
2011-08-09 17:40:00+00:00,33,1,12038,NQZ1,2096.25,2096.25,2096.25,2096.25,1
2011-08-09 17:40:00+00:00,33,1,56972,NQU1,2105.0,2108.5,2098.5,2101.5,6818
2011-08-09 17:50:00+00:00,33,1,12038,NQZ1,2094.5,2094.5,2092.25,2093.5,3
2011-08-09 17:50:00+00:00,33,1,56972,NQU1,2102.0,2104.0,2091.5,2101.5,9344
2011-08-09 18:00:00+00:00,33,1,12038,NQZ1,2092.5,2093.0,2091.25,2091.25,26
2011-08-09 18:00:00+00:00,33,1,56972,NQU1,2101.5,2106.5,2095.0,2097.5,9009
2011-08-09 18:10:00+00:00,33,1,12038,NQZ1,2091.25,2099.5,2091.25,2099.5,9
2011-08-09 18:10:00+00:00,33,1,56972,NQU1,2097.75,2120.25,2094.5,2099.75,11493
2011-08-09 18:10:00+00:00,33,1,612349,NQU1-NQZ1,-6.7,-6.7,-6.7,-6.7,4
2011-08-09 18:20:00+00:00,33,1,12038,NQZ1,2089.5,2089.5,2065.75,2084.0,31
2011-08-09 18:20:00+00:00,33,1,56972,NQU1,2099.75,2099.75,2068.0,2097.0,34393
2011-08-09 18:30:00+00:00,33,1,12038,NQZ1,2070.25,2070.25,2066.75,2066.75,2
2011-08-09 18:30:00+00:00,33,1,56972,NQU1,2097.25,2098.0,2061.0,2061.75,17375
2011-08-09 18:30:00+00:00,33,1,612349,NQU1-NQZ1,-6.25,-6.25,-6.25,-6.25,1
2011-08-09 18:40:00+00:00,33,1,12038,NQZ1,2037.25,2057.25,2031.0,2057.25,21
2011-08-09 18:40:00+00:00,33,1,56972,NQU1,2061.5,2064.5,2031.75,2056.75,31754
2011-08-09 18:50:00+00:00,33,1,12038,NQZ1,2071.0,2071.0,2071.0,2071.0,1
2011-08-09 18:50:00+00:00,33,1,56972,NQU1,2056.25,2081.75,2055.0,2067.5,23755
2011-08-09 19:00:00+00:00,33,1,12038,NQZ1,2069.25,2069.25,2068.5,2068.5,10
2011-08-09 19:00:00+00:00,33,1,56972,NQU1,2067.5,2082.25,2055.5,2074.25,15537
2011-08-09 19:00:00+00:00,33,1,612349,NQU1-NQZ1,-5.55,-5.55,-5.55,-5.55,5
2011-08-09 19:10:00+00:00,33,1,12038,NQZ1,2082.75,2097.25,2076.5,2095.5,54
2011-08-09 19:10:00+00:00,33,1,56972,NQU1,2074.25,2109.5,2072.25,2101.25,16222
2011-08-09 19:20:00+00:00,33,1,12038,NQZ1,2092.75,2092.75,2091.75,2091.75,2
2011-08-09 19:20:00+00:00,33,1,56972,NQU1,2101.25,2107.5,2092.0,2103.75,14794
2011-08-09 19:30:00+00:00,33,1,12038,NQZ1,2090.25,2090.25,2090.25,2090.25,1
2011-08-09 19:30:00+00:00,33,1,56972,NQU1,2104.0,2106.25,2093.25,2105.0,10367
2011-08-09 19:30:00+00:00,33,1,612349,NQU1-NQZ1,-5.5,-5.5,-5.5,-5.5,59
2011-08-09 19:40:00+00:00,33,1,12038,NQZ1,2110.0,2124.25,2109.75,2122.25,9
2011-08-09 19:40:00+00:00,33,1,56972,NQU1,2105.25,2133.25,2103.5,2129.5,17353
2011-08-09 19:50:00+00:00,33,1,12038,NQZ1,2129.25,2152.75,2129.0,2152.75,53
2011-08-09 19:50:00+00:00,33,1,56972,NQU1,2130.0,2159.75,2128.25,2158.0,25842
2011-08-09 20:00:00+00:00,33,1,12038,NQZ1,2152.25,2155.0,2148.75,2151.25,21
2011-08-09 20:00:00+00:00,33,1,56972,NQU1,2158.0,2161.25,2151.5,2153.5,24387
2011-08-09 20:00:00+00:00,33,1,612349,NQU1-NQZ1,-5.5,-5.3,-5.5,-5.3,3
2011-08-09 20:10:00+00:00,33,1,12038,NQZ1,2148.0,2148.0,2148.0,2148.0,5
2011-08-09 20:10:00+00:00,33,1,56972,NQU1,2153.75,2155.5,2151.25,2154.0,2933
2011-08-09 20:30:00+00:00,33,1,56972,NQU1,2154.0,2154.0,2148.25,2150.5,688
2011-08-09 20:40:00+00:00,33,1,56972,NQU1,2150.5,2155.75,2150.0,2154.5,487
2011-08-09 20:50:00+00:00,33,1,56972,NQU1,2154.25,2158.5,2152.5,2158.5,434
2011-08-09 21:00:00+00:00,33,1,56972,NQU1,2158.5,2160.0,2157.75,2160.0,169
2011-08-09 21:10:00+00:00,33,1,56972,NQU1,2159.5,2163.5,2158.5,2162.5,239
2011-08-09 21:20:00+00:00,33,1,12038,NQZ1,2163.0,2163.0,2163.0,2163.0,1
2011-08-09 21:20:00+00:00,33,1,56972,NQU1,2163.0,2168.25,2163.0,2167.5,293
2011-08-09 22:00:00+00:00,33,1,56972,NQU1,2167.5,2167.5,2163.0,2166.0,256
2011-08-09 22:10:00+00:00,33,1,56972,NQU1,2166.0,2167.0,2165.5,2166.25,135
2011-08-09 22:20:00+00:00,33,1,56972,NQU1,2166.75,2167.0,2164.75,2166.5,75
2011-08-09 22:30:00+00:00,33,1,56972,NQU1,2166.0,2166.5,2165.5,2166.25,32
2011-08-09 22:40:00+00:00,33,1,56972,NQU1,2166.5,2166.5,2165.75,2166.0,46
2011-08-09 22:50:00+00:00,33,1,56972,NQU1,2166.0,2166.5,2165.25,2166.25,49
2011-08-09 23:00:00+00:00,33,1,12038,NQZ1,2160.0,2160.0,2160.0,2160.0,1
2011-08-09 23:00:00+00:00,33,1,56972,NQU1,2166.5,2166.75,2164.75,2165.0,26
2011-08-09 23:10:00+00:00,33,1,56972,NQU1,2165.0,2166.0,2164.5,2165.5,23
2011-08-09 23:20:00+00:00,33,1,12038,NQZ1,2159.75,2159.75,2159.75,2159.75,1
2011-08-09 23:20:00+00:00,33,1,56972,NQU1,2165.25,2165.25,2162.5,2163.5,75
2011-08-09 23:30:00+00:00,33,1,56972,NQU1,2163.0,2164.25,2163.0,2163.25,53
2011-08-09 23:40:00+00:00,33,1,12038,NQZ1,2157.25,2157.25,2157.25,2157.25,1
2011-08-09 23:40:00+00:00,33,1,56972,NQU1,2163.0,2164.25,2162.5,2164.0,92
2011-08-09 23:50:00+00:00,33,1,56972,NQU1,2163.5,2163.5,2161.5,2161.75,185
2011-08-10 00:00:00+00:00,33,1,56972,NQU1,2161.5,2162.0,2149.75,2150.0,553
2011-08-10 00:10:00+00:00,33,1,12038,NQZ1,2147.0,2147.0,2147.0,2147.0,1
2011-08-10 00:10:00+00:00,33,1,56972,NQU1,2150.0,2153.0,2149.5,2149.75,557
2011-08-10 00:20:00+00:00,33,1,56972,NQU1,2149.5,2155.0,2149.25,2155.0,260
2011-08-10 00:30:00+00:00,33,1,56972,NQU1,2155.0,2158.75,2152.75,2155.0,451
2011-08-10 00:40:00+00:00,33,1,12038,NQZ1,2145.25,2145.25,2145.25,2145.25,1
2011-08-10 00:40:00+00:00,33,1,56972,NQU1,2154.5,2157.0,2149.0,2155.25,436
2011-08-10 00:50:00+00:00,33,1,56972,NQU1,2155.5,2160.0,2155.5,2159.75,232
2011-08-10 01:00:00+00:00,33,1,56972,NQU1,2160.25,2162.0,2158.75,2161.0,172
2011-08-10 01:10:00+00:00,33,1,56972,NQU1,2160.75,2165.0,2160.75,2164.5,169
2011-08-10 01:20:00+00:00,33,1,56972,NQU1,2164.75,2164.75,2158.0,2158.0,431
2011-08-10 01:30:00+00:00,33,1,56972,NQU1,2158.5,2163.25,2158.5,2163.0,353
2011-08-10 01:40:00+00:00,33,1,56972,NQU1,2163.0,2163.75,2155.25,2158.25,240
2011-08-10 01:50:00+00:00,33,1,56972,NQU1,2158.0,2158.0,2151.5,2152.5,345
2011-08-10 02:00:00+00:00,33,1,56972,NQU1,2152.25,2156.25,2151.0,2155.0,263
2011-08-10 02:10:00+00:00,33,1,56972,NQU1,2155.0,2155.0,2150.75,2152.25,165
2011-08-10 02:20:00+00:00,33,1,56972,NQU1,2152.5,2155.75,2151.25,2153.25,120
2011-08-10 02:30:00+00:00,33,1,56972,NQU1,2154.0,2155.5,2153.25,2155.0,73
2011-08-10 02:40:00+00:00,33,1,56972,NQU1,2155.5,2156.0,2153.75,2155.25,57
2011-08-10 02:50:00+00:00,33,1,56972,NQU1,2154.75,2157.0,2154.5,2156.0,109
2011-08-10 03:00:00+00:00,33,1,56972,NQU1,2156.0,2156.0,2154.0,2154.75,84
2011-08-10 03:10:00+00:00,33,1,56972,NQU1,2154.75,2154.75,2151.25,2152.25,205
2011-08-10 03:20:00+00:00,33,1,56972,NQU1,2152.25,2152.75,2150.75,2151.5,74
2011-08-10 03:30:00+00:00,33,1,56972,NQU1,2151.25,2151.5,2150.0,2151.0,103
2011-08-10 03:40:00+00:00,33,1,56972,NQU1,2151.25,2153.25,2150.75,2151.0,79
2011-08-10 03:50:00+00:00,33,1,56972,NQU1,2150.25,2150.75,2146.5,2148.5,203
2011-08-10 04:00:00+00:00,33,1,56972,NQU1,2148.0,2148.0,2143.5,2144.0,176
2011-08-10 04:10:00+00:00,33,1,56972,NQU1,2143.75,2146.0,2143.25,2144.75,156
2011-08-10 04:20:00+00:00,33,1,56972,NQU1,2144.25,2145.25,2142.75,2145.25,102
2011-08-10 04:30:00+00:00,33,1,56972,NQU1,2145.75,2147.25,2143.0,2145.25,94
2011-08-10 04:40:00+00:00,33,1,56972,NQU1,2145.25,2146.25,2143.0,2144.0,159
2011-08-10 04:50:00+00:00,33,1,56972,NQU1,2143.5,2148.75,2143.25,2148.5,149
2011-08-10 05:00:00+00:00,33,1,56972,NQU1,2148.25,2150.5,2145.5,2146.75,108
2011-08-10 05:10:00+00:00,33,1,56972,NQU1,2146.75,2149.25,2143.25,2144.0,111
2011-08-10 05:20:00+00:00,33,1,56972,NQU1,2144.0,2146.0,2143.25,2144.25,188
2011-08-10 05:30:00+00:00,33,1,56972,NQU1,2144.5,2151.75,2144.25,2151.5,210
2011-08-10 05:40:00+00:00,33,1,56972,NQU1,2151.75,2153.5,2147.75,2148.5,354
2011-08-10 05:50:00+00:00,33,1,56972,NQU1,2148.75,2149.25,2146.75,2148.0,125
2011-08-10 06:00:00+00:00,33,1,56972,NQU1,2148.0,2154.0,2144.5,2144.5,625
2011-08-10 06:10:00+00:00,33,1,12038,NQZ1,2143.0,2144.25,2143.0,2144.25,2
2011-08-10 06:10:00+00:00,33,1,56972,NQU1,2144.75,2151.5,2144.25,2147.75,729
2011-08-10 06:20:00+00:00,33,1,56972,NQU1,2147.5,2147.75,2139.5,2139.75,635
2011-08-10 06:30:00+00:00,33,1,56972,NQU1,2140.0,2140.75,2137.5,2137.75,424
2011-08-10 06:40:00+00:00,33,1,56972,NQU1,2138.0,2145.5,2138.0,2144.75,426
2011-08-10 06:50:00+00:00,33,1,56972,NQU1,2145.0,2155.0,2144.25,2155.0,724
2011-08-10 07:00:00+00:00,33,1,12038,NQZ1,2152.0,2152.0,2140.5,2140.5,6
2011-08-10 07:00:00+00:00,33,1,56972,NQU1,2155.0,2161.75,2146.25,2147.25,1761
2011-08-10 07:10:00+00:00,33,1,12038,NQZ1,2137.75,2145.0,2137.75,2145.0,3
2011-08-10 07:10:00+00:00,33,1,56972,NQU1,2146.5,2150.5,2142.75,2148.75,491
2011-08-10 07:20:00+00:00,33,1,12038,NQZ1,2140.0,2140.0,2140.0,2140.0,1
2011-08-10 07:20:00+00:00,33,1,56972,NQU1,2149.0,2152.25,2143.5,2149.25,964
2011-08-10 07:30:00+00:00,33,1,56972,NQU1,2150.25,2153.25,2145.0,2149.75,579
2011-08-10 07:40:00+00:00,33,1,56972,NQU1,2149.75,2151.0,2146.5,2150.5,501
2011-08-10 07:50:00+00:00,33,1,56972,NQU1,2151.0,2151.25,2143.0,2144.75,603
2011-08-10 08:00:00+00:00,33,1,12038,NQZ1,2138.25,2138.25,2138.25,2138.25,1
2011-08-10 08:00:00+00:00,33,1,56972,NQU1,2144.75,2145.5,2139.0,2140.0,926
2011-08-10 08:10:00+00:00,33,1,12038,NQZ1,2133.5,2136.25,2127.0,2127.0,10
2011-08-10 08:10:00+00:00,33,1,56972,NQU1,2140.25,2142.0,2130.5,2131.5,1067
2011-08-10 08:20:00+00:00,33,1,12038,NQZ1,2131.5,2131.5,2130.25,2130.25,2
2011-08-10 08:20:00+00:00,33,1,56972,NQU1,2131.5,2138.0,2130.75,2133.75,701
2011-08-10 08:30:00+00:00,33,1,12038,NQZ1,2133.0,2133.25,2133.0,2133.25,2
2011-08-10 08:30:00+00:00,33,1,56972,NQU1,2133.5,2141.0,2132.0,2135.0,460
2011-08-10 08:40:00+00:00,33,1,12038,NQZ1,2136.5,2136.5,2136.5,2136.5,1
2011-08-10 08:40:00+00:00,33,1,56972,NQU1,2134.5,2142.75,2134.25,2142.75,401
2011-08-10 08:50:00+00:00,33,1,56972,NQU1,2142.75,2143.75,2138.25,2141.75,236
2011-08-10 09:00:00+00:00,33,1,12038,NQZ1,2142.0,2147.5,2140.75,2147.5,3
2011-08-10 09:00:00+00:00,33,1,56972,NQU1,2141.5,2154.25,2140.75,2152.0,610
2011-08-10 09:10:00+00:00,33,1,12038,NQZ1,2148.0,2148.25,2147.25,2148.25,4
2011-08-10 09:10:00+00:00,33,1,56972,NQU1,2152.0,2155.5,2149.0,2149.75,589
2011-08-10 09:20:00+00:00,33,1,56972,NQU1,2151.0,2157.5,2149.25,2157.5,345
2011-08-10 09:30:00+00:00,33,1,12038,NQZ1,2150.0,2150.0,2150.0,2150.0,1
2011-08-10 09:30:00+00:00,33,1,56972,NQU1,2157.25,2157.25,2151.75,2153.75,439
2011-08-10 09:40:00+00:00,33,1,56972,NQU1,2153.0,2154.5,2148.75,2153.0,264
2011-08-10 09:50:00+00:00,33,1,56972,NQU1,2153.25,2153.75,2147.0,2147.5,291
2011-08-10 10:00:00+00:00,33,1,56972,NQU1,2147.75,2147.75,2143.0,2145.0,548
2011-08-10 10:10:00+00:00,33,1,12038,NQZ1,2140.0,2140.0,2140.0,2140.0,1
2011-08-10 10:10:00+00:00,33,1,56972,NQU1,2143.75,2147.0,2142.5,2146.5,458
2011-08-10 10:20:00+00:00,33,1,56972,NQU1,2146.25,2152.0,2146.0,2149.5,293
2011-08-10 10:30:00+00:00,33,1,56972,NQU1,2149.5,2151.5,2148.75,2149.0,189
2011-08-10 10:40:00+00:00,33,1,56972,NQU1,2148.25,2150.5,2146.25,2148.75,133
2011-08-10 10:50:00+00:00,33,1,56972,NQU1,2148.75,2148.75,2145.0,2146.5,152
2011-08-10 11:00:00+00:00,33,1,12038,NQZ1,2136.5,2136.5,2136.5,2136.5,2
2011-08-10 11:00:00+00:00,33,1,56972,NQU1,2147.0,2151.25,2137.75,2138.75,1306
2011-08-10 11:10:00+00:00,33,1,56972,NQU1,2137.75,2141.0,2136.25,2140.0,661
2011-08-10 11:20:00+00:00,33,1,12038,NQZ1,2131.0,2131.0,2127.75,2127.75,4
2011-08-10 11:20:00+00:00,33,1,56972,NQU1,2140.0,2140.5,2131.5,2133.25,1347
2011-08-10 11:30:00+00:00,33,1,12038,NQZ1,2130.0,2130.0,2130.0,2130.0,1
2011-08-10 11:30:00+00:00,33,1,56972,NQU1,2133.25,2139.25,2133.25,2137.25,1252
2011-08-10 11:40:00+00:00,33,1,56972,NQU1,2137.0,2140.25,2135.0,2135.0,1337
2011-08-10 11:50:00+00:00,33,1,12038,NQZ1,2130.5,2130.5,2127.0,2127.0,4
2011-08-10 11:50:00+00:00,33,1,56972,NQU1,2135.25,2136.5,2132.0,2133.25,575
2011-08-10 12:00:00+00:00,33,1,12038,NQZ1,2126.25,2126.25,2119.0,2122.75,9
2011-08-10 12:00:00+00:00,33,1,56972,NQU1,2133.25,2133.75,2124.75,2127.5,2768
2011-08-10 12:10:00+00:00,33,1,12038,NQZ1,2128.25,2128.25,2128.25,2128.25,1
2011-08-10 12:10:00+00:00,33,1,56972,NQU1,2127.75,2134.25,2127.5,2129.5,923
2011-08-10 12:20:00+00:00,33,1,12038,NQZ1,2125.0,2125.0,2121.25,2121.25,3
2011-08-10 12:20:00+00:00,33,1,56972,NQU1,2129.5,2130.25,2126.0,2127.25,873
2011-08-10 12:30:00+00:00,33,1,12038,NQZ1,2118.5,2119.0,2115.75,2116.0,4
2011-08-10 12:30:00+00:00,33,1,56972,NQU1,2127.5,2128.25,2119.5,2120.25,1753
2011-08-10 12:40:00+00:00,33,1,12038,NQZ1,2114.75,2117.0,2110.75,2115.25,7
2011-08-10 12:40:00+00:00,33,1,56972,NQU1,2120.0,2124.75,2115.75,2119.75,3129
2011-08-10 12:50:00+00:00,33,1,12038,NQZ1,2111.0,2115.5,2109.75,2115.5,5
2011-08-10 12:50:00+00:00,33,1,56972,NQU1,2119.75,2121.0,2112.0,2113.25,4004
2011-08-10 13:00:00+00:00,33,1,12038,NQZ1,2112.25,2112.25,2101.5,2101.5,7
2011-08-10 13:00:00+00:00,33,1,56972,NQU1,2112.75,2118.25,2105.5,2105.75,4559
2011-08-10 13:10:00+00:00,33,1,12038,NQZ1,2102.75,2102.75,2102.75,2102.75,1
2011-08-10 13:10:00+00:00,33,1,56972,NQU1,2105.5,2111.25,2103.0,2110.0,3222
2011-08-10 13:20:00+00:00,33,1,12038,NQZ1,2103.5,2108.0,2102.25,2102.25,6
2011-08-10 13:20:00+00:00,33,1,56972,NQU1,2109.75,2112.75,2107.0,2108.25,3968
2011-08-10 13:30:00+00:00,33,1,12038,NQZ1,2094.25,2096.75,2088.75,2094.0,17
2011-08-10 13:30:00+00:00,33,1,56972,NQU1,2108.25,2110.0,2090.0,2102.5,32910
2011-08-10 13:40:00+00:00,33,1,12038,NQZ1,2090.25,2106.5,2090.25,2106.5,8
2011-08-10 13:40:00+00:00,33,1,56972,NQU1,2102.25,2113.75,2094.5,2111.0,22516
2011-08-10 13:50:00+00:00,33,1,12038,NQZ1,2107.0,2107.0,2091.0,2091.0,11
2011-08-10 13:50:00+00:00,33,1,56972,NQU1,2111.0,2113.75,2094.25,2095.0,22378
2011-08-10 14:00:00+00:00,33,1,12038,NQZ1,2085.25,2097.25,2084.75,2090.25,7
2011-08-10 14:00:00+00:00,33,1,56972,NQU1,2094.75,2104.75,2089.0,2090.75,24683
2011-08-10 14:10:00+00:00,33,1,12038,NQZ1,2076.25,2086.75,2076.25,2084.25,7
2011-08-10 14:10:00+00:00,33,1,56972,NQU1,2090.5,2093.75,2080.0,2086.0,22109
2011-08-10 14:20:00+00:00,33,1,12038,NQZ1,2073.5,2079.75,2073.5,2079.0,5
2011-08-10 14:20:00+00:00,33,1,56972,NQU1,2086.0,2092.25,2076.0,2085.75,17750
2011-08-10 14:30:00+00:00,33,1,12038,NQZ1,2082.5,2100.75,2082.5,2094.0,10
2011-08-10 14:30:00+00:00,33,1,56972,NQU1,2086.0,2107.25,2082.5,2099.0,17087
2011-08-10 14:40:00+00:00,33,1,12038,NQZ1,2096.0,2097.25,2082.75,2082.75,22
2011-08-10 14:40:00+00:00,33,1,56972,NQU1,2099.0,2105.25,2086.25,2090.0,13255
2011-08-10 14:40:00+00:00,33,1,612349,NQU1-NQZ1,-5.15,-5.15,-5.15,-5.15,2
2011-08-10 14:50:00+00:00,33,1,12038,NQZ1,2084.75,2084.75,2075.0,2084.0,10
2011-08-10 14:50:00+00:00,33,1,56972,NQU1,2090.25,2093.75,2077.5,2089.0,10471
2011-08-10 15:00:00+00:00,33,1,12038,NQZ1,2077.0,2077.0,2068.25,2071.25,17
2011-08-10 15:00:00+00:00,33,1,56972,NQU1,2089.0,2090.0,2073.25,2082.5,12899
2011-08-10 15:10:00+00:00,33,1,12038,NQZ1,2076.75,2087.5,2076.75,2087.5,4
2011-08-10 15:10:00+00:00,33,1,56972,NQU1,2081.75,2095.0,2080.25,2089.25,8115
2011-08-10 15:20:00+00:00,33,1,12038,NQZ1,2076.25,2076.25,2074.0,2074.0,2
2011-08-10 15:20:00+00:00,33,1,56972,NQU1,2088.75,2090.75,2078.25,2081.75,8464
2011-08-10 15:30:00+00:00,33,1,12038,NQZ1,2075.5,2086.5,2074.5,2078.25,23
2011-08-10 15:30:00+00:00,33,1,56972,NQU1,2081.75,2092.5,2079.5,2086.75,12230
2011-08-10 15:40:00+00:00,33,1,12038,NQZ1,2088.0,2088.0,2083.75,2083.75,2
2011-08-10 15:40:00+00:00,33,1,56972,NQU1,2087.0,2096.0,2083.0,2086.25,8573
2011-08-10 15:50:00+00:00,33,1,12038,NQZ1,2084.5,2100.75,2084.5,2094.25,18
2011-08-10 15:50:00+00:00,33,1,56972,NQU1,2086.25,2106.25,2086.25,2099.5,10409
2011-08-10 16:00:00+00:00,33,1,12038,NQZ1,2093.75,2105.0,2093.75,2101.25,18
2011-08-10 16:00:00+00:00,33,1,56972,NQU1,2099.25,2111.5,2095.25,2103.5,10743
2011-08-10 16:10:00+00:00,33,1,12038,NQZ1,2102.0,2102.0,2100.5,2100.5,3
2011-08-10 16:10:00+00:00,33,1,56972,NQU1,2104.0,2110.5,2100.0,2109.75,4323
2011-08-10 16:10:00+00:00,33,1,612349,NQU1-NQZ1,-5.15,-5.15,-5.15,-5.15,1
2011-08-10 16:20:00+00:00,33,1,12038,NQZ1,2102.25,2102.25,2093.75,2093.75,4
2011-08-10 16:20:00+00:00,33,1,56972,NQU1,2110.0,2110.5,2094.75,2095.0,6705
2011-08-10 16:30:00+00:00,33,1,12038,NQZ1,2091.5,2091.5,2085.25,2085.25,2
2011-08-10 16:30:00+00:00,33,1,56972,NQU1,2095.0,2101.0,2088.25,2091.5,5673
2011-08-10 16:40:00+00:00,33,1,12038,NQZ1,2093.75,2093.75,2093.75,2093.75,2
2011-08-10 16:40:00+00:00,33,1,56972,NQU1,2091.25,2100.75,2087.25,2096.0,6694
2011-08-10 16:50:00+00:00,33,1,12038,NQZ1,2094.0,2100.5,2094.0,2100.5,3
2011-08-10 16:50:00+00:00,33,1,56972,NQU1,2096.0,2106.75,2094.75,2104.5,5879
2011-08-10 16:50:00+00:00,33,1,612349,NQU1-NQZ1,-5.15,-5.15,-5.15,-5.15,2
2011-08-10 17:00:00+00:00,33,1,12038,NQZ1,2099.5,2103.75,2096.0,2098.25,11
2011-08-10 17:00:00+00:00,33,1,56972,NQU1,2104.25,2109.75,2100.25,2105.5,8567
2011-08-10 17:10:00+00:00,33,1,12038,NQZ1,2100.0,2100.0,2094.25,2094.25,4
2011-08-10 17:10:00+00:00,33,1,56972,NQU1,2105.5,2109.0,2094.75,2095.0,6297
2011-08-10 17:20:00+00:00,33,1,12038,NQZ1,2085.25,2098.0,2085.25,2098.0,4
2011-08-10 17:20:00+00:00,33,1,56972,NQU1,2094.5,2104.25,2089.5,2099.75,7035
2011-08-10 17:30:00+00:00,33,1,12038,NQZ1,2092.75,2099.5,2092.25,2099.5,3
2011-08-10 17:30:00+00:00,33,1,56972,NQU1,2099.5,2105.5,2095.75,2101.0,5903
2011-08-10 17:40:00+00:00,33,1,12038,NQZ1,2108.5,2108.5,2108.5,2108.5,1
2011-08-10 17:40:00+00:00,33,1,56972,NQU1,2100.75,2116.5,2097.75,2112.0,7716
2011-08-10 17:50:00+00:00,33,1,12038,NQZ1,2116.5,2116.5,2115.0,2115.0,3
2011-08-10 17:50:00+00:00,33,1,56972,NQU1,2112.0,2124.0,2111.25,2123.5,8365
2011-08-10 17:50:00+00:00,33,1,612349,NQU1-NQZ1,-5.15,-5.15,-5.15,-5.15,5
2011-08-10 18:00:00+00:00,33,1,12038,NQZ1,2117.5,2117.5,2113.25,2113.25,5
2011-08-10 18:00:00+00:00,33,1,56972,NQU1,2123.75,2130.75,2116.5,2129.75,8604
2011-08-10 18:10:00+00:00,33,1,12038,NQZ1,2128.75,2133.0,2120.75,2120.75,8
2011-08-10 18:10:00+00:00,33,1,56972,NQU1,2129.75,2139.75,2123.75,2128.25,13461
2011-08-10 18:20:00+00:00,33,1,56972,NQU1,2128.5,2138.5,2127.0,2128.25,9686
2011-08-10 18:30:00+00:00,33,1,12038,NQZ1,2126.75,2126.75,2116.75,2116.75,3
2011-08-10 18:30:00+00:00,33,1,56972,NQU1,2128.0,2135.0,2118.75,2120.0,8038
2011-08-10 18:40:00+00:00,33,1,12038,NQZ1,2119.25,2124.75,2115.0,2119.5,7
2011-08-10 18:40:00+00:00,33,1,56972,NQU1,2120.0,2133.25,2119.75,2123.5,9535
2011-08-10 18:50:00+00:00,33,1,12038,NQZ1,2112.0,2112.0,2106.75,2107.25,4
2011-08-10 18:50:00+00:00,33,1,56972,NQU1,2123.75,2124.25,2107.5,2107.75,8954
2011-08-10 19:00:00+00:00,33,1,12038,NQZ1,2091.5,2091.5,2091.5,2091.5,1
2011-08-10 19:00:00+00:00,33,1,56972,NQU1,2108.0,2114.5,2095.0,2096.75,10122
2011-08-10 19:10:00+00:00,33,1,56972,NQU1,2096.75,2102.5,2089.0,2097.0,10962
2011-08-10 19:20:00+00:00,33,1,12038,NQZ1,2096.5,2096.5,2088.5,2088.5,7
2011-08-10 19:20:00+00:00,33,1,56972,NQU1,2097.0,2111.75,2092.75,2095.75,11124
2011-08-10 19:30:00+00:00,33,1,12038,NQZ1,2082.0,2082.25,2076.5,2082.25,3
2011-08-10 19:30:00+00:00,33,1,56972,NQU1,2095.75,2097.75,2082.25,2092.25,11046
2011-08-10 19:40:00+00:00,33,1,12038,NQZ1,2088.0,2092.0,2085.0,2085.0,6
2011-08-10 19:40:00+00:00,33,1,56972,NQU1,2091.75,2102.5,2088.0,2091.25,14251
2011-08-10 19:50:00+00:00,33,1,12038,NQZ1,2076.0,2078.0,2065.75,2066.0,8
2011-08-10 19:50:00+00:00,33,1,56972,NQU1,2091.25,2092.0,2066.5,2069.25,21096
2011-08-10 20:00:00+00:00,33,1,12038,NQZ1,2063.5,2063.5,2063.5,2063.5,1
2011-08-10 20:00:00+00:00,33,1,56972,NQU1,2069.25,2081.75,2065.75,2080.75,15037
2011-08-10 20:10:00+00:00,33,1,12038,NQZ1,2079.25,2083.25,2078.5,2078.5,21
2011-08-10 20:10:00+00:00,33,1,56972,NQU1,2080.75,2090.25,2080.75,2085.25,4329
2011-08-10 20:10:00+00:00,33,1,612349,NQU1-NQZ1,-5.45,-5.2,-5.45,-5.2,2
2011-08-10 20:30:00+00:00,33,1,56972,NQU1,2082.75,2084.5,2075.5,2084.25,749
2011-08-10 20:40:00+00:00,33,1,56972,NQU1,2084.25,2086.75,2080.25,2083.25,456
2011-08-10 20:50:00+00:00,33,1,12038,NQZ1,2086.5,2086.5,2086.5,2086.5,1
2011-08-10 20:50:00+00:00,33,1,56972,NQU1,2085.0,2092.75,2085.0,2090.5,383
2011-08-10 21:00:00+00:00,33,1,56972,NQU1,2090.0,2090.0,2086.0,2086.5,403
2011-08-10 21:10:00+00:00,33,1,12038,NQZ1,2078.25,2078.25,2078.25,2078.25,1
2011-08-10 21:10:00+00:00,33,1,56972,NQU1,2086.5,2086.75,2083.0,2083.0,67
2011-08-10 21:20:00+00:00,33,1,56972,NQU1,2083.25,2083.75,2079.75,2080.25,97
2011-08-10 22:00:00+00:00,33,1,56972,NQU1,2079.0,2080.0,2072.75,2073.0,459
2011-08-10 22:10:00+00:00,33,1,56972,NQU1,2072.75,2078.25,2072.75,2078.0,105
2011-08-10 22:20:00+00:00,33,1,56972,NQU1,2078.25,2081.75,2076.75,2076.75,96
2011-08-10 22:30:00+00:00,33,1,56972,NQU1,2077.25,2078.5,2072.75,2077.75,89
2011-08-10 22:40:00+00:00,33,1,56972,NQU1,2077.75,2079.0,2073.5,2073.5,127
2011-08-10 22:50:00+00:00,33,1,12038,NQZ1,2068.5,2068.5,2068.5,2068.5,1
2011-08-10 22:50:00+00:00,33,1,56972,NQU1,2073.25,2080.5,2070.5,2074.5,399
2011-08-10 23:00:00+00:00,33,1,12038,NQZ1,2073.25,2073.25,2073.25,2073.25,1
2011-08-10 23:00:00+00:00,33,1,56972,NQU1,2074.0,2087.25,2074.0,2086.5,252
2011-08-10 23:10:00+00:00,33,1,56972,NQU1,2087.0,2087.25,2081.0,2081.0,153
2011-08-10 23:20:00+00:00,33,1,56972,NQU1,2081.0,2081.5,2078.25,2080.0,48
2011-08-10 23:30:00+00:00,33,1,56972,NQU1,2081.25,2084.5,2080.0,2083.5,136
2011-08-10 23:40:00+00:00,33,1,56972,NQU1,2083.25,2088.0,2080.5,2088.0,176
2011-08-10 23:50:00+00:00,33,1,56972,NQU1,2088.0,2089.25,2085.25,2087.5,195
2011-08-11 00:00:00+00:00,33,1,56972,NQU1,2087.25,2095.5,2085.0,2087.25,613
2011-08-11 00:10:00+00:00,33,1,56972,NQU1,2087.0,2097.0,2087.0,2097.0,334
2011-08-11 00:20:00+00:00,33,1,56972,NQU1,2096.0,2100.5,2095.25,2098.75,399
2011-08-11 00:30:00+00:00,33,1,12038,NQZ1,2094.75,2094.75,2094.75,2094.75,1
2011-08-11 00:30:00+00:00,33,1,56972,NQU1,2098.5,2101.25,2090.25,2101.25,236
2011-08-11 00:40:00+00:00,33,1,12038,NQZ1,2096.0,2096.0,2096.0,2096.0,25
2011-08-11 00:40:00+00:00,33,1,56972,NQU1,2100.5,2101.75,2095.5,2096.0,204
2011-08-11 00:50:00+00:00,33,1,56972,NQU1,2096.25,2102.5,2095.0,2101.25,262
2011-08-11 01:00:00+00:00,33,1,56972,NQU1,2101.5,2101.5,2096.25,2097.25,156
2011-08-11 01:10:00+00:00,33,1,56972,NQU1,2097.0,2099.75,2094.25,2098.25,205
2011-08-11 01:20:00+00:00,33,1,56972,NQU1,2098.75,2101.25,2097.75,2101.25,162
2011-08-11 01:30:00+00:00,33,1,56972,NQU1,2100.25,2104.75,2095.75,2103.5,264
2011-08-11 01:40:00+00:00,33,1,56972,NQU1,2103.5,2110.0,2103.5,2108.0,254
2011-08-11 01:50:00+00:00,33,1,12038,NQZ1,2105.5,2107.5,2105.5,2107.5,2
2011-08-11 01:50:00+00:00,33,1,56972,NQU1,2108.75,2114.75,2108.75,2114.25,790
2011-08-11 02:00:00+00:00,33,1,56972,NQU1,2114.5,2115.0,2109.75,2115.0,205
2011-08-11 02:10:00+00:00,33,1,56972,NQU1,2115.0,2121.0,2114.0,2119.75,272
2011-08-11 02:20:00+00:00,33,1,56972,NQU1,2120.25,2120.25,2114.75,2116.0,147
2011-08-11 02:30:00+00:00,33,1,56972,NQU1,2116.0,2121.75,2116.0,2120.25,187
2011-08-11 02:40:00+00:00,33,1,56972,NQU1,2121.0,2122.0,2115.25,2116.0,219
2011-08-11 02:50:00+00:00,33,1,56972,NQU1,2115.75,2121.0,2115.25,2117.5,183
2011-08-11 03:00:00+00:00,33,1,56972,NQU1,2116.75,2121.5,2115.75,2117.0,129
2011-08-11 03:10:00+00:00,33,1,56972,NQU1,2117.5,2121.25,2117.0,2118.5,112
2011-08-11 03:20:00+00:00,33,1,12038,NQZ1,2113.75,2113.75,2113.75,2113.75,1
2011-08-11 03:20:00+00:00,33,1,56972,NQU1,2118.0,2119.0,2116.0,2116.0,54
2011-08-11 03:30:00+00:00,33,1,12038,NQZ1,2108.0,2115.25,2102.0,2104.75,46
2011-08-11 03:30:00+00:00,33,1,56972,NQU1,2115.75,2115.75,2107.25,2107.25,261
2011-08-11 03:30:00+00:00,33,1,612349,NQU1-NQZ1,-5.55,-5.55,-5.55,-5.55,1
2011-08-11 03:40:00+00:00,33,1,56972,NQU1,2107.5,2112.25,2106.0,2107.75,228
2011-08-11 03:50:00+00:00,33,1,56972,NQU1,2108.25,2111.0,2106.75,2110.75,109
2011-08-11 04:00:00+00:00,33,1,56972,NQU1,2111.0,2117.0,2109.75,2115.5,86
2011-08-11 04:10:00+00:00,33,1,56972,NQU1,2114.75,2115.75,2109.0,2109.5,175
2011-08-11 04:20:00+00:00,33,1,56972,NQU1,2111.5,2112.75,2108.5,2112.75,141
2011-08-11 04:30:00+00:00,33,1,56972,NQU1,2112.5,2112.5,2109.25,2112.0,57
2011-08-11 04:40:00+00:00,33,1,56972,NQU1,2112.5,2113.75,2112.25,2113.5,37
2011-08-11 04:50:00+00:00,33,1,56972,NQU1,2112.75,2114.75,2110.5,2113.5,61
2011-08-11 05:00:00+00:00,33,1,56972,NQU1,2113.25,2116.75,2113.0,2116.25,66
2011-08-11 05:10:00+00:00,33,1,56972,NQU1,2116.5,2119.25,2110.5,2111.0,399
2011-08-11 05:20:00+00:00,33,1,56972,NQU1,2112.75,2117.0,2111.0,2116.0,99
2011-08-11 05:30:00+00:00,33,1,56972,NQU1,2115.75,2118.75,2113.75,2118.75,144
2011-08-11 05:40:00+00:00,33,1,56972,NQU1,2119.0,2119.0,2117.75,2117.75,43
2011-08-11 05:50:00+00:00,33,1,56972,NQU1,2118.5,2121.5,2117.25,2120.75,106
2011-08-11 06:00:00+00:00,33,1,12038,NQZ1,2118.5,2118.5,2118.5,2118.5,1
2011-08-11 06:00:00+00:00,33,1,56972,NQU1,2121.25,2125.0,2116.0,2122.5,685
2011-08-11 06:10:00+00:00,33,1,56972,NQU1,2122.75,2123.5,2118.75,2119.75,354
2011-08-11 06:20:00+00:00,33,1,56972,NQU1,2120.0,2123.75,2115.25,2123.75,609
2011-08-11 06:30:00+00:00,33,1,12038,NQZ1,2122.0,2122.0,2122.0,2122.0,1
2011-08-11 06:30:00+00:00,33,1,56972,NQU1,2123.75,2128.5,2123.75,2127.75,454
2011-08-11 06:40:00+00:00,33,1,56972,NQU1,2127.25,2127.75,2121.0,2121.0,323
2011-08-11 06:50:00+00:00,33,1,56972,NQU1,2121.0,2128.0,2121.0,2127.5,310
2011-08-11 07:00:00+00:00,33,1,56972,NQU1,2128.5,2128.5,2116.0,2119.75,511
2011-08-11 07:10:00+00:00,33,1,56972,NQU1,2119.0,2123.0,2111.25,2114.75,565
2011-08-11 07:20:00+00:00,33,1,56972,NQU1,2112.0,2117.5,2106.5,2108.5,724
2011-08-11 07:30:00+00:00,33,1,56972,NQU1,2109.25,2113.25,2104.25,2113.0,859
2011-08-11 07:40:00+00:00,33,1,12038,NQZ1,2113.75,2113.75,2112.0,2112.0,2
2011-08-11 07:40:00+00:00,33,1,56972,NQU1,2112.75,2123.0,2112.5,2122.25,1146
2011-08-11 07:50:00+00:00,33,1,56972,NQU1,2122.0,2123.25,2114.75,2120.5,545
2011-08-11 08:00:00+00:00,33,1,12038,NQZ1,2118.0,2118.0,2118.0,2118.0,1
2011-08-11 08:00:00+00:00,33,1,56972,NQU1,2120.75,2125.5,2118.5,2119.5,404
2011-08-11 08:10:00+00:00,33,1,56972,NQU1,2120.5,2121.5,2115.25,2118.5,325
2011-08-11 08:20:00+00:00,33,1,56972,NQU1,2118.25,2122.0,2115.25,2122.0,411
2011-08-11 08:30:00+00:00,33,1,56972,NQU1,2121.25,2128.5,2120.25,2128.5,361
2011-08-11 08:40:00+00:00,33,1,12038,NQZ1,2120.0,2120.0,2120.0,2120.0,1
2011-08-11 08:40:00+00:00,33,1,56972,NQU1,2128.25,2130.0,2119.0,2120.5,553
2011-08-11 08:50:00+00:00,33,1,56972,NQU1,2120.75,2123.75,2120.5,2123.25,98
2011-08-11 09:00:00+00:00,33,1,56972,NQU1,2123.0,2124.25,2116.0,2116.0,175
2011-08-11 09:10:00+00:00,33,1,56972,NQU1,2115.75,2119.0,2111.75,2118.5,459
2011-08-11 09:20:00+00:00,33,1,56972,NQU1,2118.0,2120.75,2116.5,2119.5,131
2011-08-11 09:30:00+00:00,33,1,12038,NQZ1,2110.0,2110.0,2110.0,2110.0,1
2011-08-11 09:30:00+00:00,33,1,56972,NQU1,2119.25,2119.25,2113.5,2114.75,148
2011-08-11 09:40:00+00:00,33,1,56972,NQU1,2113.75,2115.5,2105.75,2106.0,396
2011-08-11 09:50:00+00:00,33,1,12038,NQZ1,2102.0,2102.0,2102.0,2102.0,2
2011-08-11 09:50:00+00:00,33,1,56972,NQU1,2106.0,2109.5,2100.25,2100.5,501
2011-08-11 10:00:00+00:00,33,1,12038,NQZ1,2089.0,2089.0,2089.0,2089.0,2
2011-08-11 10:00:00+00:00,33,1,56972,NQU1,2100.5,2103.5,2093.25,2096.0,1115
2011-08-11 10:10:00+00:00,33,1,12038,NQZ1,2091.5,2098.0,2091.5,2098.0,3
2011-08-11 10:10:00+00:00,33,1,56972,NQU1,2096.5,2105.25,2093.25,2104.25,650
2011-08-11 10:20:00+00:00,33,1,56972,NQU1,2104.0,2106.75,2098.75,2105.75,489
2011-08-11 10:30:00+00:00,33,1,56972,NQU1,2105.0,2107.0,2101.75,2104.5,294
2011-08-11 10:40:00+00:00,33,1,56972,NQU1,2104.5,2104.75,2100.25,2103.25,455
2011-08-11 10:50:00+00:00,33,1,56972,NQU1,2104.5,2113.5,2104.25,2109.75,567
2011-08-11 11:00:00+00:00,33,1,56972,NQU1,2109.25,2110.0,2102.5,2104.0,248
2011-08-11 11:10:00+00:00,33,1,56972,NQU1,2103.25,2106.25,2093.25,2105.5,995
2011-08-11 11:20:00+00:00,33,1,12038,NQZ1,2084.0,2084.0,2084.0,2084.0,1
2011-08-11 11:20:00+00:00,33,1,56972,NQU1,2106.0,2107.5,2090.25,2090.5,1010
2011-08-11 11:30:00+00:00,33,1,12038,NQZ1,2080.0,2080.0,2063.75,2063.75,3
2011-08-11 11:30:00+00:00,33,1,56972,NQU1,2091.25,2094.25,2070.75,2075.5,2541
2011-08-11 11:40:00+00:00,33,1,12038,NQZ1,2071.25,2071.25,2063.0,2064.5,3
2011-08-11 11:40:00+00:00,33,1,56972,NQU1,2076.0,2078.5,2065.25,2070.0,3055
2011-08-11 11:50:00+00:00,33,1,12038,NQZ1,2069.25,2069.25,2069.25,2069.25,1
2011-08-11 11:50:00+00:00,33,1,56972,NQU1,2069.25,2079.25,2067.25,2075.5,1746
2011-08-11 12:00:00+00:00,33,1,56972,NQU1,2076.75,2088.5,2075.75,2085.25,1465
2011-08-11 12:10:00+00:00,33,1,12038,NQZ1,2076.0,2076.0,2076.0,2076.0,25
2011-08-11 12:10:00+00:00,33,1,56972,NQU1,2085.25,2085.25,2057.5,2059.5,3701
2011-08-11 12:20:00+00:00,33,1,12038,NQZ1,2058.5,2060.0,2056.25,2060.0,5
2011-08-11 12:20:00+00:00,33,1,56972,NQU1,2059.5,2071.25,2058.25,2062.5,2586
2011-08-11 12:30:00+00:00,33,1,12038,NQZ1,2056.25,2061.0,2055.25,2058.0,6
2011-08-11 12:30:00+00:00,33,1,56972,NQU1,2064.75,2073.0,2059.0,2069.75,3135
2011-08-11 12:40:00+00:00,33,1,12038,NQZ1,2071.25,2071.25,2071.25,2071.25,2
2011-08-11 12:40:00+00:00,33,1,56972,NQU1,2070.25,2079.5,2069.5,2072.0,2390
2011-08-11 12:50:00+00:00,33,1,12038,NQZ1,2089.0,2089.0,2089.0,2089.0,1
2011-08-11 12:50:00+00:00,33,1,56972,NQU1,2071.5,2096.25,2070.0,2091.75,2987
2011-08-11 13:00:00+00:00,33,1,12038,NQZ1,2089.75,2089.75,2082.0,2082.0,4
2011-08-11 13:00:00+00:00,33,1,56972,NQU1,2091.75,2102.75,2085.0,2089.75,3189
2011-08-11 13:10:00+00:00,33,1,12038,NQZ1,2092.75,2092.75,2092.75,2092.75,1
2011-08-11 13:10:00+00:00,33,1,56972,NQU1,2089.0,2107.75,2088.5,2097.0,2370
2011-08-11 13:20:00+00:00,33,1,12038,NQZ1,2088.75,2088.75,2088.75,2088.75,3
2011-08-11 13:20:00+00:00,33,1,56972,NQU1,2097.5,2099.5,2090.75,2098.0,5473
2011-08-11 13:30:00+00:00,33,1,12038,NQZ1,2098.0,2113.0,2098.0,2113.0,5
2011-08-11 13:30:00+00:00,33,1,56972,NQU1,2098.0,2118.5,2096.25,2112.5,27637
2011-08-11 13:40:00+00:00,33,1,56972,NQU1,2112.5,2114.5,2096.0,2098.5,18641
2011-08-11 13:50:00+00:00,33,1,56972,NQU1,2098.0,2107.0,2088.0,2103.75,15452
2011-08-11 14:00:00+00:00,33,1,56972,NQU1,2104.0,2115.25,2102.0,2111.25,14986
2011-08-11 14:10:00+00:00,33,1,12038,NQZ1,2121.5,2121.5,2121.5,2121.5,1
2011-08-11 14:10:00+00:00,33,1,56972,NQU1,2111.5,2129.75,2103.25,2124.5,14297
2011-08-11 14:20:00+00:00,33,1,12038,NQZ1,2118.0,2126.75,2118.0,2121.0,33
2011-08-11 14:20:00+00:00,33,1,56972,NQU1,2124.75,2134.5,2117.75,2125.25,16641
2011-08-11 14:30:00+00:00,33,1,12038,NQZ1,2125.25,2125.25,2125.25,2125.25,1
2011-08-11 14:30:00+00:00,33,1,56972,NQU1,2125.25,2134.25,2122.25,2133.0,14651
2011-08-11 14:40:00+00:00,33,1,12038,NQZ1,2125.0,2130.5,2125.0,2130.5,28
2011-08-11 14:40:00+00:00,33,1,56972,NQU1,2133.0,2148.0,2127.5,2147.0,11119
2011-08-11 14:50:00+00:00,33,1,12038,NQZ1,2139.0,2139.0,2133.25,2133.25,12
2011-08-11 14:50:00+00:00,33,1,56972,NQU1,2147.25,2148.5,2135.25,2136.25,12468
2011-08-11 15:00:00+00:00,33,1,12038,NQZ1,2131.5,2131.5,2131.5,2131.5,1
2011-08-11 15:00:00+00:00,33,1,56972,NQU1,2136.5,2143.75,2134.5,2138.75,6267
2011-08-11 15:10:00+00:00,33,1,56972,NQU1,2138.75,2140.75,2127.5,2133.5,8720
2011-08-11 15:20:00+00:00,33,1,12038,NQZ1,2123.75,2123.75,2120.0,2120.0,3
2011-08-11 15:20:00+00:00,33,1,56972,NQU1,2133.75,2136.75,2125.25,2135.0,5800
2011-08-11 15:30:00+00:00,33,1,12038,NQZ1,2126.5,2126.5,2126.5,2126.5,1
2011-08-11 15:30:00+00:00,33,1,56972,NQU1,2135.25,2141.0,2129.25,2133.0,6208
2011-08-11 15:40:00+00:00,33,1,56972,NQU1,2133.25,2139.5,2131.5,2134.75,4192
2011-08-11 15:50:00+00:00,33,1,56972,NQU1,2134.75,2142.5,2133.25,2136.5,4637
2011-08-11 15:50:00+00:00,33,1,612349,NQU1-NQZ1,-5.95,-5.95,-6.5,-6.5,12
2011-08-11 16:00:00+00:00,33,1,56972,NQU1,2136.5,2140.0,2130.75,2135.5,5631
2011-08-11 16:10:00+00:00,33,1,56972,NQU1,2135.25,2138.5,2130.25,2134.25,6028
2011-08-11 16:20:00+00:00,33,1,56972,NQU1,2134.25,2137.5,2128.75,2131.75,3543
2011-08-11 16:30:00+00:00,33,1,12038,NQZ1,2129.0,2132.75,2129.0,2132.75,2
2011-08-11 16:30:00+00:00,33,1,56972,NQU1,2131.75,2140.75,2130.75,2139.75,4276
2011-08-11 16:40:00+00:00,33,1,12038,NQZ1,2144.5,2148.0,2144.5,2148.0,3
2011-08-11 16:40:00+00:00,33,1,56972,NQU1,2140.0,2155.0,2139.75,2150.0,7634
2011-08-11 16:50:00+00:00,33,1,12038,NQZ1,2146.25,2153.0,2146.25,2153.0,4
2011-08-11 16:50:00+00:00,33,1,56972,NQU1,2149.75,2161.0,2147.25,2158.5,5444
2011-08-11 17:00:00+00:00,33,1,56972,NQU1,2158.25,2158.75,2147.25,2150.75,10133
2011-08-11 17:10:00+00:00,33,1,12038,NQZ1,2147.25,2147.25,2147.25,2147.25,2
2011-08-11 17:10:00+00:00,33,1,56972,NQU1,2150.75,2157.0,2148.75,2149.0,3614
2011-08-11 17:20:00+00:00,33,1,56972,NQU1,2149.0,2157.0,2146.0,2154.75,4525
2011-08-11 17:30:00+00:00,33,1,56972,NQU1,2154.75,2159.0,2151.5,2153.5,4520
2011-08-11 17:40:00+00:00,33,1,56972,NQU1,2153.0,2156.0,2144.25,2149.25,3751
2011-08-11 17:50:00+00:00,33,1,56972,NQU1,2149.25,2157.25,2146.25,2156.5,3340
2011-08-11 18:00:00+00:00,33,1,56972,NQU1,2156.25,2158.5,2153.0,2156.5,3223
2011-08-11 18:10:00+00:00,33,1,12038,NQZ1,2158.0,2158.0,2158.0,2158.0,2
2011-08-11 18:10:00+00:00,33,1,56972,NQU1,2156.75,2165.5,2156.75,2162.0,5724
2011-08-11 18:20:00+00:00,33,1,56972,NQU1,2162.25,2168.0,2161.75,2165.75,7032
2011-08-11 18:30:00+00:00,33,1,12038,NQZ1,2153.25,2153.25,2153.25,2153.25,1
2011-08-11 18:30:00+00:00,33,1,56972,NQU1,2166.0,2166.5,2154.5,2158.5,5721
2011-08-11 18:40:00+00:00,33,1,12038,NQZ1,2149.25,2149.25,2149.25,2149.25,1
2011-08-11 18:40:00+00:00,33,1,56972,NQU1,2158.5,2160.5,2153.25,2156.0,4866
2011-08-11 18:50:00+00:00,33,1,56972,NQU1,2156.0,2167.25,2154.0,2165.0,5713
2011-08-11 19:00:00+00:00,33,1,12038,NQZ1,2161.5,2163.0,2161.5,2163.0,3
2011-08-11 19:00:00+00:00,33,1,56972,NQU1,2165.0,2175.5,2163.0,2168.25,8446
2011-08-11 19:10:00+00:00,33,1,56972,NQU1,2168.5,2176.75,2167.75,2173.5,5392
2011-08-11 19:20:00+00:00,33,1,56972,NQU1,2173.5,2177.75,2169.25,2173.25,8067
2011-08-11 19:30:00+00:00,33,1,12038,NQZ1,2171.25,2173.0,2171.25,2173.0,2
2011-08-11 19:30:00+00:00,33,1,56972,NQU1,2173.25,2181.5,2171.5,2177.25,11212
2011-08-11 19:40:00+00:00,33,1,12038,NQZ1,2177.25,2177.25,2175.5,2175.5,2
2011-08-11 19:40:00+00:00,33,1,56972,NQU1,2177.5,2184.5,2176.0,2177.25,10541
2011-08-11 19:50:00+00:00,33,1,12038,NQZ1,2169.0,2169.0,2153.5,2153.5,8
2011-08-11 19:50:00+00:00,33,1,56972,NQU1,2177.25,2179.75,2155.25,2159.5,22891
2011-08-11 20:00:00+00:00,33,1,56972,NQU1,2159.75,2163.75,2151.0,2152.75,12067
2011-08-11 20:10:00+00:00,33,1,56972,NQU1,2152.5,2159.0,2151.0,2158.25,3021
2011-08-11 20:30:00+00:00,33,1,56972,NQU1,2158.0,2160.5,2156.5,2160.25,538
2011-08-11 20:40:00+00:00,33,1,56972,NQU1,2160.25,2161.25,2158.75,2161.0,348
2011-08-11 20:50:00+00:00,33,1,56972,NQU1,2161.0,2161.5,2160.0,2161.5,43
2011-08-11 21:00:00+00:00,33,1,56972,NQU1,2161.5,2161.5,2153.75,2155.0,233
2011-08-11 21:10:00+00:00,33,1,56972,NQU1,2156.0,2160.75,2156.0,2158.75,187
2011-08-11 21:20:00+00:00,33,1,56972,NQU1,2157.25,2158.5,2156.25,2158.25,127
2011-08-11 22:00:00+00:00,33,1,56972,NQU1,2156.25,2157.75,2150.75,2151.75,288
2011-08-11 22:10:00+00:00,33,1,56972,NQU1,2151.0,2152.25,2148.25,2152.25,73
2011-08-11 22:20:00+00:00,33,1,12038,NQZ1,2146.0,2146.25,2146.0,2146.25,2
2011-08-11 22:20:00+00:00,33,1,56972,NQU1,2151.25,2156.0,2151.25,2155.75,62
2011-08-11 22:30:00+00:00,33,1,56972,NQU1,2155.75,2157.25,2154.75,2155.0,59
2011-08-11 22:40:00+00:00,33,1,56972,NQU1,2156.5,2157.5,2153.75,2153.75,59
2011-08-11 22:50:00+00:00,33,1,12038,NQZ1,2158.5,2158.5,2158.5,2158.5,1
2011-08-11 22:50:00+00:00,33,1,56972,NQU1,2154.0,2157.75,2154.0,2154.5,50
2011-08-11 23:00:00+00:00,33,1,56972,NQU1,2155.75,2156.75,2154.75,2156.0,43
2011-08-11 23:10:00+00:00,33,1,56972,NQU1,2156.25,2156.5,2156.0,2156.0,12
2011-08-11 23:20:00+00:00,33,1,56972,NQU1,2156.0,2156.5,2156.0,2156.5,6
2011-08-11 23:30:00+00:00,33,1,12038,NQZ1,2148.25,2148.25,2148.25,2148.25,1
2011-08-11 23:30:00+00:00,33,1,56972,NQU1,2156.5,2156.5,2155.0,2156.5,25
2011-08-11 23:40:00+00:00,33,1,56972,NQU1,2156.0,2157.75,2156.0,2157.0,40
2011-08-11 23:50:00+00:00,33,1,56972,NQU1,2156.75,2157.75,2156.0,2157.0,117
2011-08-12 00:00:00+00:00,33,1,56972,NQU1,2157.25,2157.25,2152.25,2152.25,133
2011-08-12 00:10:00+00:00,33,1,56972,NQU1,2152.5,2154.75,2150.75,2150.75,110
2011-08-12 00:20:00+00:00,33,1,56972,NQU1,2151.25,2153.25,2151.0,2153.25,53
2011-08-12 00:30:00+00:00,33,1,56972,NQU1,2153.0,2153.5,2148.75,2151.5,128
2011-08-12 00:40:00+00:00,33,1,56972,NQU1,2152.25,2157.25,2150.75,2156.0,88
2011-08-12 00:50:00+00:00,33,1,56972,NQU1,2155.75,2157.5,2153.75,2155.0,133
2011-08-12 01:00:00+00:00,33,1,56972,NQU1,2155.0,2155.25,2150.0,2150.0,239
2011-08-12 01:10:00+00:00,33,1,56972,NQU1,2150.0,2150.5,2145.25,2147.0,255
2011-08-12 01:20:00+00:00,33,1,56972,NQU1,2147.5,2147.5,2143.5,2145.75,152
2011-08-12 01:30:00+00:00,33,1,56972,NQU1,2146.0,2147.75,2144.75,2145.5,101
2011-08-12 01:40:00+00:00,33,1,56972,NQU1,2145.75,2147.25,2144.25,2146.5,61
2011-08-12 01:50:00+00:00,33,1,56972,NQU1,2146.75,2150.75,2146.75,2149.25,77
2011-08-12 02:00:00+00:00,33,1,56972,NQU1,2149.25,2151.5,2149.25,2151.5,27
2011-08-12 02:10:00+00:00,33,1,56972,NQU1,2151.5,2155.75,2151.5,2152.25,132
2011-08-12 02:20:00+00:00,33,1,56972,NQU1,2153.25,2153.25,2148.5,2148.75,105
2011-08-12 02:30:00+00:00,33,1,56972,NQU1,2149.0,2149.5,2146.25,2146.25,74
2011-08-12 02:40:00+00:00,33,1,56972,NQU1,2146.0,2149.0,2144.75,2148.25,99
2011-08-12 02:50:00+00:00,33,1,56972,NQU1,2148.25,2149.75,2146.75,2147.0,81
2011-08-12 03:00:00+00:00,33,1,56972,NQU1,2146.75,2146.75,2143.75,2144.25,65
2011-08-12 03:10:00+00:00,33,1,56972,NQU1,2144.25,2144.25,2137.75,2138.25,348
2011-08-12 03:20:00+00:00,33,1,56972,NQU1,2138.0,2142.5,2138.0,2142.25,146
2011-08-12 03:30:00+00:00,33,1,56972,NQU1,2142.25,2142.5,2136.5,2137.25,192
2011-08-12 03:40:00+00:00,33,1,12038,NQZ1,2132.25,2132.25,2132.25,2132.25,1
2011-08-12 03:40:00+00:00,33,1,56972,NQU1,2137.25,2137.25,2135.0,2137.0,160
2011-08-12 03:50:00+00:00,33,1,56972,NQU1,2137.5,2140.75,2137.5,2140.0,91
2011-08-12 04:00:00+00:00,33,1,56972,NQU1,2139.5,2139.75,2135.25,2137.25,72
2011-08-12 04:10:00+00:00,33,1,56972,NQU1,2137.5,2141.75,2136.25,2141.25,112
2011-08-12 04:20:00+00:00,33,1,56972,NQU1,2141.25,2142.5,2140.0,2140.25,36
2011-08-12 04:30:00+00:00,33,1,56972,NQU1,2139.75,2140.5,2137.25,2138.25,31
2011-08-12 04:40:00+00:00,33,1,56972,NQU1,2138.5,2138.5,2136.75,2137.25,23
2011-08-12 04:50:00+00:00,33,1,56972,NQU1,2137.0,2137.0,2135.25,2135.75,35
2011-08-12 05:00:00+00:00,33,1,56972,NQU1,2136.0,2139.25,2135.25,2136.5,89
2011-08-12 05:10:00+00:00,33,1,56972,NQU1,2137.25,2140.5,2135.5,2136.75,251
2011-08-12 05:20:00+00:00,33,1,56972,NQU1,2137.5,2139.0,2135.5,2138.75,69
2011-08-12 05:30:00+00:00,33,1,56972,NQU1,2138.75,2139.0,2134.5,2135.75,52
2011-08-12 05:40:00+00:00,33,1,56972,NQU1,2136.25,2136.75,2133.5,2134.5,50
2011-08-12 05:50:00+00:00,33,1,56972,NQU1,2134.5,2139.0,2134.5,2138.25,71
2011-08-12 06:00:00+00:00,33,1,56972,NQU1,2137.25,2142.25,2137.25,2141.25,549
2011-08-12 06:10:00+00:00,33,1,56972,NQU1,2141.25,2145.0,2140.75,2144.5,236
2011-08-12 06:20:00+00:00,33,1,56972,NQU1,2144.5,2144.75,2141.5,2141.75,366
2011-08-12 06:30:00+00:00,33,1,56972,NQU1,2141.5,2142.0,2137.0,2137.75,686
2011-08-12 06:40:00+00:00,33,1,56972,NQU1,2137.75,2137.75,2130.5,2131.25,894
2011-08-12 06:50:00+00:00,33,1,56972,NQU1,2131.75,2135.0,2130.5,2134.5,644
2011-08-12 07:00:00+00:00,33,1,12038,NQZ1,2125.0,2125.0,2117.0,2117.0,2
2011-08-12 07:00:00+00:00,33,1,56972,NQU1,2134.5,2134.5,2121.25,2127.75,2023
2011-08-12 07:10:00+00:00,33,1,12038,NQZ1,2113.0,2113.0,2110.0,2111.25,11
2011-08-12 07:10:00+00:00,33,1,56972,NQU1,2127.5,2127.5,2114.0,2121.75,2407
2011-08-12 07:20:00+00:00,33,1,56972,NQU1,2122.0,2134.75,2121.5,2132.25,1551
2011-08-12 07:30:00+00:00,33,1,56972,NQU1,2130.5,2138.0,2127.0,2136.5,1042
2011-08-12 07:40:00+00:00,33,1,56972,NQU1,2138.25,2143.75,2132.5,2140.5,1023
2011-08-12 07:50:00+00:00,33,1,56972,NQU1,2140.0,2140.75,2134.0,2137.25,848
2011-08-12 08:00:00+00:00,33,1,56972,NQU1,2137.25,2141.5,2133.75,2135.5,631
2011-08-12 08:10:00+00:00,33,1,56972,NQU1,2136.0,2144.25,2135.5,2143.0,670
2011-08-12 08:20:00+00:00,33,1,56972,NQU1,2143.5,2144.25,2137.0,2140.5,661
2011-08-12 08:30:00+00:00,33,1,56972,NQU1,2140.25,2144.75,2137.75,2144.75,450
2011-08-12 08:40:00+00:00,33,1,12038,NQZ1,2145.0,2149.25,2145.0,2149.25,2
2011-08-12 08:40:00+00:00,33,1,56972,NQU1,2144.75,2154.25,2144.5,2152.0,800
2011-08-12 08:50:00+00:00,33,1,12038,NQZ1,2141.5,2141.5,2140.0,2140.0,4
2011-08-12 08:50:00+00:00,33,1,56972,NQU1,2152.0,2153.0,2144.5,2146.25,333
2011-08-12 09:00:00+00:00,33,1,56972,NQU1,2146.25,2153.75,2143.75,2152.25,540
2011-08-12 09:10:00+00:00,33,1,56972,NQU1,2152.75,2155.0,2146.75,2149.75,319
2011-08-12 09:20:00+00:00,33,1,12038,NQZ1,2150.5,2150.5,2150.5,2150.5,1
2011-08-12 09:20:00+00:00,33,1,56972,NQU1,2150.0,2157.25,2150.0,2157.25,717
2011-08-12 09:30:00+00:00,33,1,56972,NQU1,2157.25,2163.0,2156.75,2162.0,1083
2011-08-12 09:40:00+00:00,33,1,56972,NQU1,2162.25,2165.0,2157.25,2162.25,951
2011-08-12 09:50:00+00:00,33,1,56972,NQU1,2162.25,2164.25,2160.5,2162.75,817
2011-08-12 10:00:00+00:00,33,1,12038,NQZ1,2159.5,2159.5,2159.5,2159.5,1
2011-08-12 10:00:00+00:00,33,1,56972,NQU1,2162.75,2165.0,2161.5,2162.0,382
2011-08-12 10:10:00+00:00,33,1,56972,NQU1,2162.5,2163.25,2159.5,2160.75,675
2011-08-12 10:20:00+00:00,33,1,56972,NQU1,2161.0,2161.25,2152.0,2153.0,638
2011-08-12 10:30:00+00:00,33,1,56972,NQU1,2153.0,2161.5,2152.5,2157.0,505
2011-08-12 10:40:00+00:00,33,1,56972,NQU1,2156.5,2157.0,2149.0,2151.0,566
2011-08-12 10:50:00+00:00,33,1,12038,NQZ1,2147.75,2147.75,2147.75,2147.75,1
2011-08-12 10:50:00+00:00,33,1,56972,NQU1,2151.0,2157.0,2150.75,2152.5,634
2011-08-12 11:00:00+00:00,33,1,56972,NQU1,2153.0,2157.75,2153.0,2157.0,739
2011-08-12 11:10:00+00:00,33,1,12038,NQZ1,2150.5,2150.5,2150.5,2150.5,1
2011-08-12 11:10:00+00:00,33,1,56972,NQU1,2157.75,2159.75,2155.75,2159.75,449
2011-08-12 11:20:00+00:00,33,1,56972,NQU1,2159.5,2161.0,2158.5,2159.75,931
2011-08-12 11:30:00+00:00,33,1,56972,NQU1,2160.0,2161.0,2158.0,2158.75,506
2011-08-12 11:40:00+00:00,33,1,56972,NQU1,2158.75,2165.5,2158.75,2165.25,753
2011-08-12 11:50:00+00:00,33,1,12038,NQZ1,2160.0,2161.0,2160.0,2161.0,2
2011-08-12 11:50:00+00:00,33,1,56972,NQU1,2165.5,2167.75,2162.75,2162.75,721
2011-08-12 12:00:00+00:00,33,1,56972,NQU1,2163.0,2164.5,2161.25,2162.25,687
2011-08-12 12:10:00+00:00,33,1,12038,NQZ1,2155.0,2155.0,2155.0,2155.0,1
2011-08-12 12:10:00+00:00,33,1,56972,NQU1,2162.5,2164.5,2160.5,2164.25,562
2011-08-12 12:10:00+00:00,33,1,612349,NQU1-NQZ1,-6.3,-6.3,-6.3,-6.3,1
2011-08-12 12:20:00+00:00,33,1,56972,NQU1,2164.25,2164.25,2155.0,2158.0,2404
2011-08-12 12:30:00+00:00,33,1,12038,NQZ1,2159.5,2167.0,2159.5,2167.0,5
2011-08-12 12:30:00+00:00,33,1,56972,NQU1,2159.25,2174.75,2159.25,2172.5,4331
2011-08-12 12:40:00+00:00,33,1,56972,NQU1,2172.5,2172.75,2167.25,2168.25,955
2011-08-12 12:50:00+00:00,33,1,56972,NQU1,2168.0,2172.25,2167.5,2169.5,1226
2011-08-12 13:00:00+00:00,33,1,56972,NQU1,2169.25,2171.75,2167.25,2171.75,1437
2011-08-12 13:10:00+00:00,33,1,56972,NQU1,2172.0,2178.5,2170.75,2177.75,2830
2011-08-12 13:20:00+00:00,33,1,12038,NQZ1,2169.25,2169.25,2169.25,2169.25,1
2011-08-12 13:20:00+00:00,33,1,56972,NQU1,2177.5,2179.0,2172.75,2173.0,4266
2011-08-12 13:30:00+00:00,33,1,12038,NQZ1,2173.0,2173.0,2173.0,2173.0,1
2011-08-12 13:30:00+00:00,33,1,56972,NQU1,2172.75,2180.25,2161.0,2166.75,23532
2011-08-12 13:40:00+00:00,33,1,56972,NQU1,2167.0,2177.0,2162.5,2175.25,12524
2011-08-12 13:50:00+00:00,33,1,12038,NQZ1,2153.25,2153.25,2153.0,2153.0,3
2011-08-12 13:50:00+00:00,33,1,56972,NQU1,2175.0,2176.0,2153.5,2162.25,17074
2011-08-12 14:00:00+00:00,33,1,12038,NQZ1,2152.5,2152.5,2150.25,2150.25,4
2011-08-12 14:00:00+00:00,33,1,56972,NQU1,2162.5,2165.25,2151.75,2159.0,14577
2011-08-12 14:10:00+00:00,33,1,12038,NQZ1,2159.5,2159.5,2159.5,2159.5,1
2011-08-12 14:10:00+00:00,33,1,56972,NQU1,2159.0,2168.75,2151.25,2167.25,10617
2011-08-12 14:20:00+00:00,33,1,12038,NQZ1,2156.75,2164.0,2156.5,2164.0,17
2011-08-12 14:20:00+00:00,33,1,56972,NQU1,2167.5,2175.5,2162.75,2173.0,6345
2011-08-12 14:30:00+00:00,33,1,12038,NQZ1,2166.0,2175.25,2166.0,2175.25,4
2011-08-12 14:30:00+00:00,33,1,56972,NQU1,2172.5,2183.25,2170.5,2183.25,7669
2011-08-12 14:40:00+00:00,33,1,12038,NQZ1,2177.0,2177.0,2168.5,2168.5,4
2011-08-12 14:40:00+00:00,33,1,56972,NQU1,2183.0,2183.5,2170.0,2171.5,7842
2011-08-12 14:50:00+00:00,33,1,12038,NQZ1,2166.0,2166.0,2166.0,2166.0,1
2011-08-12 14:50:00+00:00,33,1,56972,NQU1,2171.5,2175.75,2167.5,2174.75,6213
2011-08-12 15:00:00+00:00,33,1,12038,NQZ1,2169.75,2169.75,2169.75,2169.75,1
2011-08-12 15:00:00+00:00,33,1,56972,NQU1,2174.75,2177.75,2169.0,2174.25,4492
2011-08-12 15:10:00+00:00,33,1,12038,NQZ1,2171.0,2172.0,2171.0,2172.0,2
2011-08-12 15:10:00+00:00,33,1,56972,NQU1,2174.5,2179.75,2173.0,2177.0,3913
2011-08-12 15:20:00+00:00,33,1,56972,NQU1,2176.5,2179.0,2172.75,2177.5,5492
2011-08-12 15:30:00+00:00,33,1,12038,NQZ1,2177.0,2177.0,2177.0,2177.0,1
2011-08-12 15:30:00+00:00,33,1,56972,NQU1,2177.25,2185.0,2175.75,2183.0,5665
2011-08-12 15:40:00+00:00,33,1,12038,NQZ1,2183.0,2184.0,2181.5,2181.5,4
2011-08-12 15:40:00+00:00,33,1,56972,NQU1,2183.0,2191.0,2181.0,2187.0,7588
2011-08-12 15:50:00+00:00,33,1,12038,NQZ1,2185.75,2185.75,2185.0,2185.0,2
2011-08-12 15:50:00+00:00,33,1,56972,NQU1,2187.5,2192.5,2186.0,2189.0,5591
2011-08-12 16:00:00+00:00,33,1,12038,NQZ1,2180.75,2182.5,2180.75,2182.5,4
2011-08-12 16:00:00+00:00,33,1,56972,NQU1,2188.75,2190.5,2185.75,2186.5,2699
2011-08-12 16:10:00+00:00,33,1,56972,NQU1,2186.75,2186.75,2182.5,2184.75,3316
2011-08-12 16:20:00+00:00,33,1,12038,NQZ1,2174.5,2174.5,2174.5,2174.5,1
2011-08-12 16:20:00+00:00,33,1,56972,NQU1,2184.75,2185.0,2178.0,2182.25,3988
2011-08-12 16:30:00+00:00,33,1,56972,NQU1,2182.0,2183.5,2177.25,2178.25,4419
2011-08-12 16:40:00+00:00,33,1,12038,NQZ1,2174.5,2175.0,2174.5,2175.0,2
2011-08-12 16:40:00+00:00,33,1,56972,NQU1,2178.0,2182.25,2175.5,2176.0,2624
2011-08-12 16:50:00+00:00,33,1,56972,NQU1,2175.75,2180.25,2174.25,2179.5,2355
2011-08-12 17:00:00+00:00,33,1,12038,NQZ1,2177.5,2178.0,2177.0,2177.0,3
2011-08-12 17:00:00+00:00,33,1,56972,NQU1,2179.75,2184.25,2179.25,2180.5,2180
2011-08-12 17:10:00+00:00,33,1,56972,NQU1,2180.5,2184.0,2180.25,2182.5,1238
2011-08-12 17:20:00+00:00,33,1,56972,NQU1,2182.5,2185.0,2179.0,2183.5,2655
2011-08-12 17:30:00+00:00,33,1,56972,NQU1,2183.5,2186.75,2180.5,2185.25,2259
2011-08-12 17:40:00+00:00,33,1,8870,NQH2,2178.0,2178.0,2178.0,2178.0,1
2011-08-12 17:40:00+00:00,33,1,12038,NQZ1,2183.75,2183.75,2183.75,2183.75,1
2011-08-12 17:40:00+00:00,33,1,56972,NQU1,2185.25,2190.25,2184.75,2189.75,3088
2011-08-12 17:50:00+00:00,33,1,12038,NQZ1,2183.25,2183.25,2183.25,2183.25,1
2011-08-12 17:50:00+00:00,33,1,56972,NQU1,2189.75,2190.5,2188.0,2189.25,2955
2011-08-12 18:00:00+00:00,33,1,12038,NQZ1,2185.0,2185.0,2185.0,2185.0,2
2011-08-12 18:00:00+00:00,33,1,56972,NQU1,2189.0,2192.25,2189.0,2191.75,1620
2011-08-12 18:10:00+00:00,33,1,12038,NQZ1,2179.75,2179.75,2179.75,2179.75,1
2011-08-12 18:10:00+00:00,33,1,56972,NQU1,2191.75,2192.0,2180.0,2183.0,5764
2011-08-12 18:20:00+00:00,33,1,56972,NQU1,2183.0,2183.75,2174.25,2180.5,5773
2011-08-12 18:30:00+00:00,33,1,12038,NQZ1,2176.0,2176.0,2171.25,2171.25,2
2011-08-12 18:30:00+00:00,33,1,56972,NQU1,2180.25,2182.75,2174.75,2175.0,4424
2011-08-12 18:40:00+00:00,33,1,12038,NQZ1,2170.5,2175.0,2170.5,2175.0,2
2011-08-12 18:40:00+00:00,33,1,56972,NQU1,2174.75,2182.5,2173.25,2179.5,4172
2011-08-12 18:50:00+00:00,33,1,56972,NQU1,2179.5,2180.25,2175.75,2179.0,3274
2011-08-12 19:00:00+00:00,33,1,56972,NQU1,2178.75,2186.0,2178.75,2180.0,3420
2011-08-12 19:10:00+00:00,33,1,56972,NQU1,2180.25,2183.25,2178.25,2180.25,2498
2011-08-12 19:20:00+00:00,33,1,56972,NQU1,2180.25,2185.0,2179.75,2180.75,3040
2011-08-12 19:30:00+00:00,33,1,56972,NQU1,2180.75,2181.5,2172.75,2176.75,7904
2011-08-12 19:40:00+00:00,33,1,12038,NQZ1,2169.25,2169.25,2169.0,2169.0,2
2011-08-12 19:40:00+00:00,33,1,56972,NQU1,2176.75,2180.0,2174.5,2176.75,6719
2011-08-12 19:50:00+00:00,33,1,12038,NQZ1,2173.5,2174.0,2173.0,2173.75,5
2011-08-12 19:50:00+00:00,33,1,56972,NQU1,2176.75,2180.25,2176.75,2179.25,10826
2011-08-12 20:00:00+00:00,33,1,12038,NQZ1,2174.5,2174.5,2174.5,2174.5,1
2011-08-12 20:00:00+00:00,33,1,56972,NQU1,2179.0,2180.25,2177.5,2178.75,4418
2011-08-12 20:10:00+00:00,33,1,56972,NQU1,2179.0,2184.5,2177.25,2177.75,2354
2011-08-14 22:00:00+00:00,33,1,56972,NQU1,2183.75,2184.75,2177.0,2180.25,856
2011-08-14 22:10:00+00:00,33,1,56972,NQU1,2180.5,2181.5,2178.25,2181.5,297
2011-08-14 22:20:00+00:00,33,1,56972,NQU1,2181.5,2182.25,2178.75,2179.0,336
2011-08-14 22:30:00+00:00,33,1,56972,NQU1,2179.5,2180.0,2179.0,2179.0,106
2011-08-14 22:40:00+00:00,33,1,56972,NQU1,2178.25,2182.5,2177.5,2181.25,49
2011-08-14 22:50:00+00:00,33,1,56972,NQU1,2180.0,2180.0,2178.0,2179.0,18
2011-08-14 23:00:00+00:00,33,1,56972,NQU1,2178.75,2179.75,2178.75,2179.75,21
2011-08-14 23:10:00+00:00,33,1,56972,NQU1,2179.75,2181.75,2179.25,2179.5,29
2011-08-14 23:20:00+00:00,33,1,56972,NQU1,2180.75,2181.25,2179.5,2180.5,8
2011-08-14 23:30:00+00:00,33,1,56972,NQU1,2179.5,2182.75,2179.5,2182.0,69
2011-08-14 23:40:00+00:00,33,1,12038,NQZ1,2175.75,2175.75,2175.75,2175.75,1
2011-08-14 23:40:00+00:00,33,1,56972,NQU1,2182.0,2191.75,2180.25,2187.5,374
2011-08-14 23:50:00+00:00,33,1,56972,NQU1,2187.75,2189.25,2186.0,2189.25,104
2011-08-15 00:00:00+00:00,33,1,56972,NQU1,2189.75,2194.5,2189.25,2190.25,323
2011-08-15 00:10:00+00:00,33,1,56972,NQU1,2190.0,2192.5,2189.5,2190.75,81
2011-08-15 00:20:00+00:00,33,1,56972,NQU1,2190.0,2190.5,2187.25,2188.0,111
2011-08-15 00:30:00+00:00,33,1,56972,NQU1,2188.5,2193.0,2188.5,2193.0,173
2011-08-15 00:40:00+00:00,33,1,56972,NQU1,2192.75,2194.0,2191.75,2192.25,97
2011-08-15 00:50:00+00:00,33,1,56972,NQU1,2192.25,2193.25,2191.5,2191.5,23
2011-08-15 01:00:00+00:00,33,1,12038,NQZ1,2188.25,2188.25,2187.75,2187.75,2
2011-08-15 01:00:00+00:00,33,1,56972,NQU1,2191.5,2193.25,2191.5,2192.0,37
2011-08-15 01:10:00+00:00,33,1,56972,NQU1,2191.75,2193.25,2191.75,2193.25,18
2011-08-15 01:20:00+00:00,33,1,56972,NQU1,2192.75,2193.25,2190.5,2190.5,69
2011-08-15 01:30:00+00:00,33,1,56972,NQU1,2190.75,2191.0,2188.25,2189.25,51
2011-08-15 01:40:00+00:00,33,1,56972,NQU1,2189.25,2190.0,2187.5,2187.5,51
2011-08-15 01:50:00+00:00,33,1,56972,NQU1,2188.0,2190.0,2187.75,2188.5,32
2011-08-15 02:00:00+00:00,33,1,56972,NQU1,2188.5,2189.0,2188.25,2189.0,35
2011-08-15 02:10:00+00:00,33,1,12038,NQZ1,2184.5,2184.5,2184.5,2184.5,1
2011-08-15 02:10:00+00:00,33,1,56972,NQU1,2189.0,2190.75,2188.0,2188.0,93
2011-08-15 02:20:00+00:00,33,1,56972,NQU1,2188.25,2188.5,2187.0,2188.0,92
2011-08-15 02:30:00+00:00,33,1,12038,NQZ1,2182.5,2182.5,2173.5,2181.25,18
2011-08-15 02:30:00+00:00,33,1,56972,NQU1,2188.0,2189.0,2187.75,2188.5,88
2011-08-15 02:40:00+00:00,33,1,56972,NQU1,2188.5,2189.0,2188.0,2189.0,81
2011-08-15 02:50:00+00:00,33,1,56972,NQU1,2188.5,2189.0,2188.25,2188.5,62
2011-08-15 03:00:00+00:00,33,1,56972,NQU1,2188.5,2188.75,2185.25,2186.0,171
2011-08-15 03:10:00+00:00,33,1,56972,NQU1,2185.5,2186.5,2185.5,2186.25,69
2011-08-15 03:20:00+00:00,33,1,12038,NQZ1,2180.0,2180.5,2179.5,2180.25,30
2011-08-15 03:20:00+00:00,33,1,56972,NQU1,2186.5,2188.5,2186.0,2188.25,88
2011-08-15 03:30:00+00:00,33,1,56972,NQU1,2188.75,2191.0,2188.5,2190.0,87
2011-08-15 03:40:00+00:00,33,1,56972,NQU1,2189.5,2190.0,2187.5,2189.0,81
2011-08-15 03:50:00+00:00,33,1,56972,NQU1,2189.0,2189.5,2188.25,2189.0,46
2011-08-15 04:00:00+00:00,33,1,56972,NQU1,2188.75,2190.25,2188.5,2190.25,19
2011-08-15 04:10:00+00:00,33,1,56972,NQU1,2190.5,2190.75,2189.75,2190.0,19
2011-08-15 04:20:00+00:00,33,1,56972,NQU1,2190.25,2192.5,2190.25,2192.5,335
2011-08-15 04:30:00+00:00,33,1,56972,NQU1,2192.75,2195.0,2192.5,2195.0,220
2011-08-15 04:40:00+00:00,33,1,56972,NQU1,2194.75,2195.0,2192.5,2192.75,59
2011-08-15 04:50:00+00:00,33,1,56972,NQU1,2193.0,2195.0,2192.5,2194.0,67
2011-08-15 05:00:00+00:00,33,1,56972,NQU1,2193.75,2194.5,2191.75,2192.5,45
2011-08-15 05:10:00+00:00,33,1,56972,NQU1,2192.25,2192.75,2192.0,2192.25,20
2011-08-15 05:20:00+00:00,33,1,56972,NQU1,2192.25,2192.25,2190.25,2191.75,38
2011-08-15 05:30:00+00:00,33,1,12038,NQZ1,2188.0,2188.0,2188.0,2188.0,6
2011-08-15 05:30:00+00:00,33,1,56972,NQU1,2192.0,2195.25,2191.75,2195.0,191
2011-08-15 05:40:00+00:00,33,1,12038,NQZ1,2189.0,2189.0,2189.0,2189.0,1
2011-08-15 05:40:00+00:00,33,1,56972,NQU1,2196.0,2196.5,2193.0,2193.25,79
2011-08-15 05:50:00+00:00,33,1,56972,NQU1,2193.75,2195.75,2193.75,2195.75,33
2011-08-15 06:00:00+00:00,33,1,56972,NQU1,2195.5,2195.75,2190.75,2191.0,112
2011-08-15 06:10:00+00:00,33,1,56972,NQU1,2191.0,2194.25,2190.75,2194.25,49
2011-08-15 06:20:00+00:00,33,1,56972,NQU1,2194.25,2196.75,2193.75,2195.75,85
2011-08-15 06:30:00+00:00,33,1,56972,NQU1,2197.0,2197.5,2192.5,2193.25,222
2011-08-15 06:40:00+00:00,33,1,56972,NQU1,2193.5,2195.0,2192.5,2193.0,78
2011-08-15 06:50:00+00:00,33,1,56972,NQU1,2193.25,2193.75,2190.25,2190.5,133
2011-08-15 07:00:00+00:00,33,1,56972,NQU1,2190.5,2194.75,2186.5,2193.0,299
2011-08-15 07:10:00+00:00,33,1,56972,NQU1,2192.5,2194.5,2192.0,2192.0,234
2011-08-15 07:20:00+00:00,33,1,12038,NQZ1,2186.0,2186.0,2181.0,2181.0,5
2011-08-15 07:20:00+00:00,33,1,56972,NQU1,2191.75,2192.0,2184.5,2186.75,429
2011-08-15 07:30:00+00:00,33,1,56972,NQU1,2186.5,2191.0,2185.75,2188.5,277
2011-08-15 07:40:00+00:00,33,1,56972,NQU1,2188.25,2190.0,2184.75,2188.25,474
2011-08-15 07:50:00+00:00,33,1,56972,NQU1,2188.25,2190.5,2186.75,2189.5,243
2011-08-15 08:00:00+00:00,33,1,56972,NQU1,2189.75,2190.5,2186.75,2186.75,486
2011-08-15 08:10:00+00:00,33,1,56972,NQU1,2186.5,2190.25,2185.5,2189.25,303
2011-08-15 08:20:00+00:00,33,1,56972,NQU1,2189.0,2190.0,2187.0,2189.0,531
2011-08-15 08:30:00+00:00,33,1,56972,NQU1,2189.0,2189.5,2186.75,2187.5,442
2011-08-15 08:40:00+00:00,33,1,56972,NQU1,2188.0,2190.5,2188.0,2189.75,421
2011-08-15 08:50:00+00:00,33,1,56972,NQU1,2189.5,2192.25,2189.25,2191.0,151
2011-08-15 09:00:00+00:00,33,1,56972,NQU1,2191.0,2193.5,2190.5,2191.0,181
2011-08-15 09:10:00+00:00,33,1,56972,NQU1,2191.0,2192.75,2190.75,2192.25,179
2011-08-15 09:20:00+00:00,33,1,56972,NQU1,2192.0,2192.0,2187.75,2189.0,226
2011-08-15 09:30:00+00:00,33,1,56972,NQU1,2189.0,2189.5,2186.5,2186.5,348
2011-08-15 09:40:00+00:00,33,1,12038,NQZ1,2181.0,2181.0,2181.0,2181.0,1
2011-08-15 09:40:00+00:00,33,1,56972,NQU1,2186.25,2186.75,2182.75,2186.5,605
2011-08-15 09:50:00+00:00,33,1,12038,NQZ1,2181.25,2181.25,2179.75,2179.75,2
2011-08-15 09:50:00+00:00,33,1,56972,NQU1,2186.25,2186.75,2184.75,2184.75,378
2011-08-15 10:00:00+00:00,33,1,12038,NQZ1,2179.0,2179.0,2179.0,2179.0,1
2011-08-15 10:00:00+00:00,33,1,56972,NQU1,2185.5,2186.0,2183.0,2183.25,211
2011-08-15 10:10:00+00:00,33,1,56972,NQU1,2183.25,2184.0,2180.5,2182.0,389
2011-08-15 10:20:00+00:00,33,1,56972,NQU1,2182.25,2185.25,2181.5,2185.0,182
2011-08-15 10:30:00+00:00,33,1,56972,NQU1,2185.5,2186.25,2181.25,2182.0,349
2011-08-15 10:40:00+00:00,33,1,56972,NQU1,2182.0,2184.25,2180.5,2181.25,361
2011-08-15 10:50:00+00:00,33,1,56972,NQU1,2181.75,2187.5,2181.5,2187.25,297
2011-08-15 11:00:00+00:00,33,1,56972,NQU1,2186.75,2188.0,2185.5,2187.75,166
2011-08-15 11:10:00+00:00,33,1,56972,NQU1,2187.75,2188.0,2185.5,2186.0,172
2011-08-15 11:20:00+00:00,33,1,56972,NQU1,2185.75,2187.25,2185.25,2186.5,94
2011-08-15 11:30:00+00:00,33,1,56972,NQU1,2186.75,2188.5,2183.75,2183.75,764
2011-08-15 11:40:00+00:00,33,1,56972,NQU1,2183.5,2184.25,2181.0,2182.25,583
2011-08-15 11:50:00+00:00,33,1,56972,NQU1,2182.25,2184.75,2182.0,2183.75,609
2011-08-15 12:00:00+00:00,33,1,12038,NQZ1,2177.25,2177.25,2177.25,2177.25,2
2011-08-15 12:00:00+00:00,33,1,56972,NQU1,2183.75,2186.75,2183.0,2184.5,491
2011-08-15 12:10:00+00:00,33,1,56972,NQU1,2184.5,2185.0,2183.0,2184.0,295
2011-08-15 12:20:00+00:00,33,1,56972,NQU1,2184.0,2185.0,2181.75,2181.75,456
2011-08-15 12:30:00+00:00,33,1,56972,NQU1,2181.75,2185.0,2179.0,2181.75,872
2011-08-15 12:40:00+00:00,33,1,56972,NQU1,2181.75,2182.5,2177.75,2178.5,514
2011-08-15 12:50:00+00:00,33,1,56972,NQU1,2178.5,2181.75,2176.5,2180.0,779
2011-08-15 13:00:00+00:00,33,1,56972,NQU1,2180.0,2186.75,2180.0,2186.25,1485
2011-08-15 13:10:00+00:00,33,1,12038,NQZ1,2181.75,2181.75,2181.75,2181.75,1
2011-08-15 13:10:00+00:00,33,1,56972,NQU1,2186.25,2188.0,2185.75,2187.25,1194
2011-08-15 13:20:00+00:00,33,1,12038,NQZ1,2180.5,2180.5,2180.5,2180.5,15
2011-08-15 13:20:00+00:00,33,1,56972,NQU1,2187.25,2191.0,2185.5,2187.25,2161
2011-08-15 13:30:00+00:00,33,1,12038,NQZ1,2184.75,2187.0,2184.75,2187.0,4
2011-08-15 13:30:00+00:00,33,1,56972,NQU1,2187.5,2199.75,2185.5,2199.0,16878
2011-08-15 13:40:00+00:00,33,1,12038,NQZ1,2195.5,2200.0,2195.5,2199.25,8
2011-08-15 13:40:00+00:00,33,1,56972,NQU1,2199.0,2205.5,2197.5,2203.25,10285
2011-08-15 13:50:00+00:00,33,1,12038,NQZ1,2198.0,2198.0,2191.25,2191.25,7
2011-08-15 13:50:00+00:00,33,1,56972,NQU1,2203.5,2204.75,2194.75,2197.0,8480
2011-08-15 14:00:00+00:00,33,1,12038,NQZ1,2195.0,2195.0,2191.75,2193.0,3
2011-08-15 14:00:00+00:00,33,1,56972,NQU1,2197.0,2202.75,2194.5,2198.0,8128
2011-08-15 14:10:00+00:00,33,1,56972,NQU1,2198.25,2203.5,2197.0,2202.25,6453
2011-08-15 14:20:00+00:00,33,1,12038,NQZ1,2197.25,2202.0,2197.25,2202.0,10
2011-08-15 14:20:00+00:00,33,1,56972,NQU1,2202.75,2207.5,2202.0,2206.25,8151
2011-08-15 14:30:00+00:00,33,1,56972,NQU1,2206.25,2208.25,2202.0,2202.0,5307
2011-08-15 14:40:00+00:00,33,1,12038,NQZ1,2195.75,2195.75,2195.75,2195.75,1
2011-08-15 14:40:00+00:00,33,1,56972,NQU1,2202.0,2202.75,2199.5,2201.0,6817
2011-08-15 14:50:00+00:00,33,1,12038,NQZ1,2192.75,2195.0,2192.75,2195.0,2
2011-08-15 14:50:00+00:00,33,1,56972,NQU1,2201.0,2203.75,2198.25,2198.5,6091
2011-08-15 15:00:00+00:00,33,1,12038,NQZ1,2191.0,2191.5,2190.5,2191.5,9
2011-08-15 15:00:00+00:00,33,1,56972,NQU1,2198.25,2200.75,2190.75,2191.25,6203
2011-08-15 15:10:00+00:00,33,1,12038,NQZ1,2185.25,2185.25,2180.0,2180.0,8
2011-08-15 15:10:00+00:00,33,1,56972,NQU1,2191.25,2192.25,2183.0,2184.0,4403
2011-08-15 15:20:00+00:00,33,1,12038,NQZ1,2178.75,2178.75,2177.0,2177.0,7
2011-08-15 15:20:00+00:00,33,1,56972,NQU1,2184.0,2185.75,2181.25,2184.0,4263
2011-08-15 15:30:00+00:00,33,1,12038,NQZ1,2176.25,2176.25,2176.25,2176.25,1
2011-08-15 15:30:00+00:00,33,1,56972,NQU1,2184.0,2184.0,2177.75,2180.5,4484
2011-08-15 15:40:00+00:00,33,1,56972,NQU1,2180.75,2188.25,2180.75,2186.5,3459
2011-08-15 15:50:00+00:00,33,1,12038,NQZ1,2180.5,2180.5,2180.5,2180.5,1
2011-08-15 15:50:00+00:00,33,1,56972,NQU1,2186.75,2189.25,2185.5,2186.25,2687
2011-08-15 16:00:00+00:00,33,1,12038,NQZ1,2181.0,2185.25,2181.0,2185.25,3
2011-08-15 16:00:00+00:00,33,1,56972,NQU1,2186.75,2192.0,2184.5,2185.5,4130
2011-08-15 16:10:00+00:00,33,1,56972,NQU1,2185.5,2187.75,2184.75,2187.25,2486
2011-08-15 16:20:00+00:00,33,1,56972,NQU1,2187.25,2189.0,2185.25,2188.25,1910
2011-08-15 16:30:00+00:00,33,1,12038,NQZ1,2182.5,2182.5,2182.5,2182.5,1
2011-08-15 16:30:00+00:00,33,1,56972,NQU1,2188.25,2189.0,2185.25,2189.0,2108
2011-08-15 16:40:00+00:00,33,1,56972,NQU1,2188.75,2192.75,2188.75,2191.25,2477
2011-08-15 16:50:00+00:00,33,1,12038,NQZ1,2189.0,2189.0,2189.0,2189.0,2
2011-08-15 16:50:00+00:00,33,1,56972,NQU1,2191.0,2196.0,2190.75,2194.5,1910
2011-08-15 17:00:00+00:00,33,1,12038,NQZ1,2188.5,2188.5,2188.5,2188.5,1
2011-08-15 17:00:00+00:00,33,1,56972,NQU1,2194.5,2197.5,2192.25,2194.75,3188
2011-08-15 17:10:00+00:00,33,1,56972,NQU1,2194.75,2194.75,2187.75,2190.5,2969
2011-08-15 17:20:00+00:00,33,1,56972,NQU1,2190.5,2194.25,2190.0,2193.5,1434
2011-08-15 17:30:00+00:00,33,1,12038,NQZ1,2189.0,2190.5,2189.0,2190.5,2
2011-08-15 17:30:00+00:00,33,1,56972,NQU1,2193.5,2195.75,2190.0,2192.25,2661
2011-08-15 17:40:00+00:00,33,1,56972,NQU1,2192.0,2195.75,2191.5,2191.75,2155
2011-08-15 17:50:00+00:00,33,1,56972,NQU1,2191.5,2196.25,2191.25,2194.5,2620
2011-08-15 18:00:00+00:00,33,1,12038,NQZ1,2188.5,2192.0,2188.5,2192.0,2
2011-08-15 18:00:00+00:00,33,1,56972,NQU1,2194.75,2198.25,2194.5,2196.0,2805
2011-08-15 18:00:00+00:00,33,1,612349,NQU1-NQZ1,-5.5,-5.5,-5.5,-5.5,1
2011-08-15 18:10:00+00:00,33,1,56972,NQU1,2196.25,2198.0,2194.5,2196.25,1955
2011-08-15 18:20:00+00:00,33,1,12038,NQZ1,2193.75,2193.75,2193.75,2193.75,1
2011-08-15 18:20:00+00:00,33,1,56972,NQU1,2196.5,2201.5,2196.0,2199.75,4401
2011-08-15 18:30:00+00:00,33,1,12038,NQZ1,2195.0,2195.0,2190.75,2190.75,3
2011-08-15 18:30:00+00:00,33,1,56972,NQU1,2199.75,2201.5,2194.75,2196.0,5397
2011-08-15 18:40:00+00:00,33,1,56972,NQU1,2196.0,2202.0,2195.75,2201.25,3321
2011-08-15 18:50:00+00:00,33,1,56972,NQU1,2201.0,2203.0,2199.0,2202.75,3331
2011-08-15 19:00:00+00:00,33,1,56972,NQU1,2202.75,2204.5,2201.5,2204.0,2570
2011-08-15 19:10:00+00:00,33,1,12038,NQZ1,2197.0,2198.0,2197.0,2198.0,2
2011-08-15 19:10:00+00:00,33,1,56972,NQU1,2204.0,2204.5,2201.75,2203.0,2901
2011-08-15 19:20:00+00:00,33,1,12038,NQZ1,2200.5,2200.5,2200.5,2200.5,2
2011-08-15 19:20:00+00:00,33,1,56972,NQU1,2203.0,2206.5,2198.5,2199.75,5524
2011-08-15 19:30:00+00:00,33,1,56972,NQU1,2199.75,2206.0,2199.5,2205.25,6638
2011-08-15 19:40:00+00:00,33,1,12038,NQZ1,2201.25,2201.25,2200.5,2200.5,2
2011-08-15 19:40:00+00:00,33,1,56972,NQU1,2205.0,2208.5,2204.25,2206.75,5892
2011-08-15 19:50:00+00:00,33,1,12038,NQZ1,2202.0,2203.5,2201.75,2203.5,4
2011-08-15 19:50:00+00:00,33,1,56972,NQU1,2207.0,2211.5,2206.5,2211.0,13281
2011-08-15 20:00:00+00:00,33,1,56972,NQU1,2211.0,2211.25,2207.25,2208.5,7398
2011-08-15 20:10:00+00:00,33,1,56972,NQU1,2208.5,2208.5,2203.0,2203.5,1968
2011-08-15 20:30:00+00:00,33,1,56972,NQU1,2204.5,2206.0,2202.75,2205.5,457
2011-08-15 20:40:00+00:00,33,1,12038,NQZ1,2199.5,2199.5,2199.5,2199.5,1
2011-08-15 20:40:00+00:00,33,1,56972,NQU1,2206.0,2207.5,2206.0,2206.0,61
2011-08-15 20:50:00+00:00,33,1,56972,NQU1,2206.0,2207.75,2206.0,2206.75,44
2011-08-15 21:00:00+00:00,33,1,56972,NQU1,2207.0,2207.0,2205.5,2206.25,55
2011-08-15 21:10:00+00:00,33,1,56972,NQU1,2206.5,2206.5,2206.0,2206.5,9
2011-08-15 21:20:00+00:00,33,1,56972,NQU1,2206.0,2206.0,2206.0,2206.0,1
2011-08-15 22:00:00+00:00,33,1,56972,NQU1,2206.0,2206.0,2203.25,2203.75,62
2011-08-15 22:10:00+00:00,33,1,56972,NQU1,2203.5,2204.75,2203.0,2204.0,36
2011-08-15 22:20:00+00:00,33,1,56972,NQU1,2204.0,2204.5,2203.0,2203.75,26
2011-08-15 22:30:00+00:00,33,1,56972,NQU1,2203.75,2204.5,2203.75,2204.5,6
2011-08-15 22:40:00+00:00,33,1,56972,NQU1,2204.0,2204.5,2203.25,2204.25,8
2011-08-15 22:50:00+00:00,33,1,56972,NQU1,2204.5,2205.0,2204.0,2204.5,11
2011-08-15 23:00:00+00:00,33,1,56972,NQU1,2204.25,2205.0,2204.0,2204.75,20
2011-08-15 23:10:00+00:00,33,1,56972,NQU1,2204.75,2205.0,2204.25,2205.0,13
2011-08-15 23:20:00+00:00,33,1,56972,NQU1,2204.75,2204.75,2203.25,2203.75,39
2011-08-15 23:30:00+00:00,33,1,56972,NQU1,2204.0,2204.0,2203.5,2204.0,15
2011-08-15 23:40:00+00:00,33,1,56972,NQU1,2204.25,2204.75,2203.5,2203.5,49
2011-08-15 23:50:00+00:00,33,1,56972,NQU1,2203.5,2203.5,2202.25,2203.0,73
2011-08-16 00:00:00+00:00,33,1,56972,NQU1,2203.25,2204.5,2203.25,2204.5,55
2011-08-16 00:10:00+00:00,33,1,56972,NQU1,2204.25,2204.25,2202.25,2203.75,35
2011-08-16 00:20:00+00:00,33,1,56972,NQU1,2203.0,2203.0,2201.25,2202.25,96
2011-08-16 00:30:00+00:00,33,1,56972,NQU1,2201.75,2204.75,2201.5,2204.25,77
2011-08-16 00:40:00+00:00,33,1,56972,NQU1,2204.75,2204.75,2203.0,2203.5,40
2011-08-16 00:50:00+00:00,33,1,56972,NQU1,2203.75,2204.25,2202.0,2202.75,191
2011-08-16 01:00:00+00:00,33,1,56972,NQU1,2203.0,2203.0,2201.25,2201.5,48
2011-08-16 01:10:00+00:00,33,1,56972,NQU1,2201.25,2201.75,2199.75,2201.25,118
2011-08-16 01:20:00+00:00,33,1,56972,NQU1,2201.25,2201.75,2200.75,2200.75,65
2011-08-16 01:30:00+00:00,33,1,56972,NQU1,2201.0,2203.5,2200.5,2202.75,107
2011-08-16 01:40:00+00:00,33,1,56972,NQU1,2202.75,2203.25,2202.25,2203.0,27
2011-08-16 01:50:00+00:00,33,1,12038,NQZ1,2196.75,2196.75,2196.75,2196.75,2
2011-08-16 01:50:00+00:00,33,1,56972,NQU1,2203.0,2203.25,2201.25,2202.75,80
2011-08-16 02:00:00+00:00,33,1,56972,NQU1,2203.0,2203.5,2202.75,2203.0,38
2011-08-16 02:10:00+00:00,33,1,56972,NQU1,2203.0,2204.75,2203.0,2203.25,87
2011-08-16 02:20:00+00:00,33,1,56972,NQU1,2203.5,2204.0,2203.5,2203.75,17
2011-08-16 02:30:00+00:00,33,1,56972,NQU1,2203.75,2203.75,2201.0,2201.5,41
2011-08-16 02:40:00+00:00,33,1,56972,NQU1,2201.5,2203.75,2201.0,2203.25,50
2011-08-16 02:50:00+00:00,33,1,56972,NQU1,2203.25,2203.25,2200.5,2200.75,40
2011-08-16 03:00:00+00:00,33,1,56972,NQU1,2200.5,2201.75,2200.5,2201.75,22
2011-08-16 03:10:00+00:00,33,1,56972,NQU1,2201.25,2201.25,2199.0,2199.0,56
2011-08-16 03:20:00+00:00,33,1,56972,NQU1,2198.75,2200.0,2198.25,2200.0,81
2011-08-16 03:30:00+00:00,33,1,56972,NQU1,2200.0,2200.25,2198.5,2198.5,93
2011-08-16 03:40:00+00:00,33,1,12038,NQZ1,2193.5,2193.5,2193.25,2193.25,6
2011-08-16 03:40:00+00:00,33,1,56972,NQU1,2198.0,2199.75,2197.25,2198.5,103
2011-08-16 03:50:00+00:00,33,1,56972,NQU1,2198.75,2199.0,2198.25,2198.25,80
2011-08-16 04:00:00+00:00,33,1,56972,NQU1,2198.25,2198.75,2197.75,2197.75,30
2011-08-16 04:10:00+00:00,33,1,56972,NQU1,2198.0,2198.0,2196.75,2196.75,13
2011-08-16 04:20:00+00:00,33,1,56972,NQU1,2196.75,2198.5,2196.75,2197.5,35
2011-08-16 04:30:00+00:00,33,1,56972,NQU1,2197.5,2197.75,2197.25,2197.5,10
2011-08-16 04:40:00+00:00,33,1,56972,NQU1,2197.5,2198.25,2197.25,2198.25,16
2011-08-16 04:50:00+00:00,33,1,56972,NQU1,2198.5,2198.5,2197.0,2197.25,92
2011-08-16 05:00:00+00:00,33,1,12038,NQZ1,2192.25,2192.25,2192.25,2192.25,7
2011-08-16 05:00:00+00:00,33,1,56972,NQU1,2198.0,2198.0,2196.25,2196.25,54
2011-08-16 05:10:00+00:00,33,1,56972,NQU1,2196.0,2197.25,2195.75,2196.25,34
2011-08-16 05:20:00+00:00,33,1,56972,NQU1,2196.0,2196.0,2195.25,2195.75,57
2011-08-16 05:30:00+00:00,33,1,56972,NQU1,2196.0,2196.0,2195.0,2195.0,119
2011-08-16 05:40:00+00:00,33,1,56972,NQU1,2195.5,2196.0,2194.5,2195.25,57
2011-08-16 05:50:00+00:00,33,1,56972,NQU1,2195.0,2195.25,2194.0,2195.25,51
2011-08-16 06:00:00+00:00,33,1,56972,NQU1,2195.5,2195.75,2192.25,2192.75,176
2011-08-16 06:10:00+00:00,33,1,56972,NQU1,2192.5,2192.5,2190.0,2190.5,353
2011-08-16 06:20:00+00:00,33,1,12038,NQZ1,2185.0,2185.0,2185.0,2185.0,1
2011-08-16 06:20:00+00:00,33,1,56972,NQU1,2190.75,2192.25,2189.25,2191.5,222
2011-08-16 06:30:00+00:00,33,1,12038,NQZ1,2184.0,2184.0,2184.0,2184.0,1
2011-08-16 06:30:00+00:00,33,1,56972,NQU1,2191.75,2191.75,2187.75,2188.75,302
2011-08-16 06:40:00+00:00,33,1,56972,NQU1,2188.25,2188.75,2186.75,2187.25,173
2011-08-16 06:50:00+00:00,33,1,56972,NQU1,2187.25,2190.5,2187.25,2189.0,590
2011-08-16 07:00:00+00:00,33,1,56972,NQU1,2189.0,2190.5,2187.0,2189.75,844
2011-08-16 07:10:00+00:00,33,1,56972,NQU1,2189.5,2189.5,2182.5,2183.0,735
2011-08-16 07:20:00+00:00,33,1,56972,NQU1,2183.0,2183.25,2179.25,2179.75,617
2011-08-16 07:30:00+00:00,33,1,56972,NQU1,2179.75,2185.0,2178.75,2182.0,798
2011-08-16 07:40:00+00:00,33,1,56972,NQU1,2182.0,2185.75,2180.5,2184.75,521
2011-08-16 07:50:00+00:00,33,1,56972,NQU1,2184.25,2187.25,2183.0,2187.0,397
2011-08-16 08:00:00+00:00,33,1,56972,NQU1,2187.25,2187.5,2179.0,2181.5,679
2011-08-16 08:10:00+00:00,33,1,56972,NQU1,2181.0,2181.25,2175.0,2177.25,924
2011-08-16 08:20:00+00:00,33,1,56972,NQU1,2177.0,2177.5,2174.0,2175.5,578
2011-08-16 08:30:00+00:00,33,1,56972,NQU1,2175.5,2180.0,2175.0,2178.25,806
2011-08-16 08:40:00+00:00,33,1,56972,NQU1,2178.5,2179.0,2175.25,2176.5,565
2011-08-16 08:50:00+00:00,33,1,56972,NQU1,2176.75,2179.0,2176.0,2178.0,242
2011-08-16 09:00:00+00:00,33,1,56972,NQU1,2178.25,2181.25,2178.0,2181.0,234
2011-08-16 09:10:00+00:00,33,1,56972,NQU1,2181.25,2183.5,2181.25,2182.75,281
2011-08-16 09:20:00+00:00,33,1,56972,NQU1,2182.5,2182.5,2180.5,2181.25,186
2011-08-16 09:30:00+00:00,33,1,56972,NQU1,2181.5,2184.25,2178.5,2183.0,435
2011-08-16 09:40:00+00:00,33,1,56972,NQU1,2183.25,2185.25,2182.25,2184.75,364
2011-08-16 09:50:00+00:00,33,1,56972,NQU1,2184.75,2185.0,2181.5,2181.75,312
2011-08-16 10:00:00+00:00,33,1,56972,NQU1,2182.0,2183.75,2180.75,2182.75,191
2011-08-16 10:10:00+00:00,33,1,12038,NQZ1,2178.0,2178.0,2178.0,2178.0,1
2011-08-16 10:10:00+00:00,33,1,56972,NQU1,2182.0,2183.5,2181.5,2182.5,164
2011-08-16 10:20:00+00:00,33,1,56972,NQU1,2182.0,2182.5,2180.25,2181.5,300
2011-08-16 10:30:00+00:00,33,1,12038,NQZ1,2174.75,2174.75,2174.75,2174.75,1
2011-08-16 10:30:00+00:00,33,1,56972,NQU1,2182.25,2183.5,2178.75,2179.25,559
2011-08-16 10:40:00+00:00,33,1,56972,NQU1,2179.0,2180.25,2178.0,2179.25,383
2011-08-16 10:50:00+00:00,33,1,56972,NQU1,2179.5,2179.5,2176.0,2178.0,319
2011-08-16 11:00:00+00:00,33,1,56972,NQU1,2177.5,2179.75,2176.5,2178.75,633
2011-08-16 11:10:00+00:00,33,1,56972,NQU1,2179.25,2181.75,2179.0,2179.5,295
2011-08-16 11:20:00+00:00,33,1,12038,NQZ1,2177.25,2177.25,2177.25,2177.25,1
2011-08-16 11:20:00+00:00,33,1,56972,NQU1,2179.5,2182.75,2179.0,2181.0,394
2011-08-16 11:30:00+00:00,33,1,56972,NQU1,2181.25,2182.0,2178.25,2178.75,276
2011-08-16 11:40:00+00:00,33,1,56972,NQU1,2178.75,2179.25,2176.5,2176.5,331
2011-08-16 11:50:00+00:00,33,1,56972,NQU1,2176.5,2181.25,2176.5,2180.0,613
2011-08-16 12:00:00+00:00,33,1,12038,NQZ1,2172.0,2172.0,2172.0,2172.0,1
2011-08-16 12:00:00+00:00,33,1,56972,NQU1,2180.25,2180.25,2177.25,2177.25,610
2011-08-16 12:10:00+00:00,33,1,56972,NQU1,2178.0,2179.75,2175.5,2179.0,868
2011-08-16 12:20:00+00:00,33,1,12038,NQZ1,2174.75,2174.75,2174.75,2174.75,1
2011-08-16 12:20:00+00:00,33,1,56972,NQU1,2178.75,2181.0,2178.0,2179.75,856
2011-08-16 12:30:00+00:00,33,1,12038,NQZ1,2172.75,2172.75,2172.75,2172.75,1
2011-08-16 12:30:00+00:00,33,1,56972,NQU1,2179.25,2184.25,2178.0,2182.5,1741
2011-08-16 12:40:00+00:00,33,1,56972,NQU1,2182.25,2182.5,2179.75,2180.75,1194
2011-08-16 12:50:00+00:00,33,1,56972,NQU1,2181.0,2183.5,2180.0,2183.0,803
2011-08-16 13:00:00+00:00,33,1,56972,NQU1,2183.0,2184.5,2182.5,2183.75,920
2011-08-16 13:10:00+00:00,33,1,12038,NQZ1,2180.0,2183.5,2180.0,2183.5,7
2011-08-16 13:10:00+00:00,33,1,56972,NQU1,2183.75,2192.75,2183.25,2192.5,3733
2011-08-16 13:20:00+00:00,33,1,12038,NQZ1,2187.0,2187.0,2184.25,2184.25,7
2011-08-16 13:20:00+00:00,33,1,56972,NQU1,2192.5,2193.75,2187.75,2189.75,3249
2011-08-16 13:30:00+00:00,33,1,12038,NQZ1,2184.5,2184.5,2184.5,2184.5,1
2011-08-16 13:30:00+00:00,33,1,56972,NQU1,2189.5,2195.75,2186.0,2193.25,14463
2011-08-16 13:40:00+00:00,33,1,12038,NQZ1,2185.0,2185.0,2185.0,2185.0,1
2011-08-16 13:40:00+00:00,33,1,56972,NQU1,2193.5,2194.25,2186.75,2187.0,8714
2011-08-16 13:50:00+00:00,33,1,12038,NQZ1,2179.25,2179.25,2179.25,2179.25,1
2011-08-16 13:50:00+00:00,33,1,56972,NQU1,2187.25,2188.75,2182.75,2185.75,8283
2011-08-16 14:00:00+00:00,33,1,12038,NQZ1,2186.0,2186.0,2186.0,2186.0,1
2011-08-16 14:00:00+00:00,33,1,56972,NQU1,2185.5,2194.25,2183.75,2186.25,7469
2011-08-16 14:10:00+00:00,33,1,56972,NQU1,2186.25,2190.5,2184.25,2189.5,5693
2011-08-16 14:20:00+00:00,33,1,56972,NQU1,2189.5,2198.5,2189.0,2198.25,5367
2011-08-16 14:30:00+00:00,33,1,12038,NQZ1,2194.25,2195.25,2190.0,2195.25,7
2011-08-16 14:30:00+00:00,33,1,56972,NQU1,2198.5,2200.0,2194.5,2199.25,4327
2011-08-16 14:40:00+00:00,33,1,12038,NQZ1,2192.5,2192.5,2192.5,2192.5,5
2011-08-16 14:40:00+00:00,33,1,56972,NQU1,2199.25,2202.25,2194.75,2201.25,6496
2011-08-16 14:50:00+00:00,33,1,12038,NQZ1,2200.0,2200.0,2200.0,2200.0,1
2011-08-16 14:50:00+00:00,33,1,56972,NQU1,2201.25,2206.25,2198.75,2205.75,4728
2011-08-16 15:00:00+00:00,33,1,56972,NQU1,2205.5,2205.75,2199.5,2200.25,3521
2011-08-16 15:10:00+00:00,33,1,12038,NQZ1,2191.0,2191.0,2191.0,2191.0,1
2011-08-16 15:10:00+00:00,33,1,56972,NQU1,2200.25,2201.5,2195.0,2195.75,4010
2011-08-16 15:20:00+00:00,33,1,12038,NQZ1,2192.0,2192.0,2192.0,2192.0,5
2011-08-16 15:20:00+00:00,33,1,56972,NQU1,2195.5,2201.25,2195.25,2200.0,2073
2011-08-16 15:30:00+00:00,33,1,56972,NQU1,2200.0,2200.5,2196.0,2199.25,2040
2011-08-16 15:40:00+00:00,33,1,56972,NQU1,2199.25,2204.5,2198.25,2202.75,2500
2011-08-16 15:50:00+00:00,33,1,56972,NQU1,2203.0,2203.5,2200.75,2201.75,2426
2011-08-16 16:00:00+00:00,33,1,12038,NQZ1,2195.75,2202.0,2195.75,2202.0,5
2011-08-16 16:00:00+00:00,33,1,56972,NQU1,2201.75,2208.25,2199.5,2208.0,4841
2011-08-16 16:10:00+00:00,33,1,12038,NQZ1,2205.0,2205.0,2193.5,2199.25,7
2011-08-16 16:10:00+00:00,33,1,56972,NQU1,2207.75,2211.25,2196.25,2201.25,15881
2011-08-16 16:20:00+00:00,33,1,12038,NQZ1,2181.0,2181.0,2180.0,2180.0,2
2011-08-16 16:20:00+00:00,33,1,56972,NQU1,2201.25,2203.5,2184.75,2187.0,11173
2011-08-16 16:30:00+00:00,33,1,12038,NQZ1,2182.25,2185.0,2182.0,2185.0,7
2011-08-16 16:30:00+00:00,33,1,56972,NQU1,2187.0,2191.5,2182.75,2188.75,10856
2011-08-16 16:40:00+00:00,33,1,56972,NQU1,2189.0,2191.5,2181.75,2184.0,5789
2011-08-16 16:50:00+00:00,33,1,56972,NQU1,2184.0,2185.5,2178.0,2179.25,8196
2011-08-16 17:00:00+00:00,33,1,12038,NQZ1,2169.75,2169.75,2160.0,2164.25,3
2011-08-16 17:00:00+00:00,33,1,56972,NQU1,2179.25,2179.5,2163.5,2169.25,12775
2011-08-16 17:10:00+00:00,33,1,12038,NQZ1,2167.75,2167.75,2165.75,2165.75,2
2011-08-16 17:10:00+00:00,33,1,56972,NQU1,2168.75,2174.25,2167.25,2171.0,8124
2011-08-16 17:20:00+00:00,33,1,12038,NQZ1,2165.75,2165.75,2165.75,2165.75,2
2011-08-16 17:20:00+00:00,33,1,56972,NQU1,2171.25,2175.25,2166.75,2173.5,5699
2011-08-16 17:30:00+00:00,33,1,56972,NQU1,2173.5,2179.5,2171.75,2176.25,4142
2011-08-16 17:40:00+00:00,33,1,12038,NQZ1,2173.0,2173.0,2173.0,2173.0,1
2011-08-16 17:40:00+00:00,33,1,56972,NQU1,2176.25,2179.25,2174.25,2178.25,2625
2011-08-16 17:50:00+00:00,33,1,12038,NQZ1,2180.0,2181.75,2178.25,2178.25,26
2011-08-16 17:50:00+00:00,33,1,56972,NQU1,2178.25,2187.25,2178.0,2184.0,7514
2011-08-16 18:00:00+00:00,33,1,56972,NQU1,2184.0,2190.5,2183.5,2185.0,7337
2011-08-16 18:10:00+00:00,33,1,12038,NQZ1,2182.0,2182.5,2182.0,2182.5,4
2011-08-16 18:10:00+00:00,33,1,56972,NQU1,2185.25,2190.75,2185.25,2188.0,5356
2011-08-16 18:20:00+00:00,33,1,12038,NQZ1,2179.0,2179.0,2179.0,2179.0,1
2011-08-16 18:20:00+00:00,33,1,56972,NQU1,2188.0,2189.25,2183.0,2186.0,4012
2011-08-16 18:30:00+00:00,33,1,12038,NQZ1,2178.0,2178.0,2178.0,2178.0,1
2011-08-16 18:30:00+00:00,33,1,56972,NQU1,2186.0,2187.25,2179.25,2181.5,4398
2011-08-16 18:40:00+00:00,33,1,56972,NQU1,2181.25,2186.75,2180.75,2186.5,3074
2011-08-16 18:40:00+00:00,33,1,612349,NQU1-NQZ1,-5.15,-5.15,-5.15,-5.15,17
2011-08-16 18:50:00+00:00,33,1,56972,NQU1,2186.5,2187.0,2178.5,2179.5,4768
2011-08-16 19:00:00+00:00,33,1,12038,NQZ1,2174.75,2179.75,2174.75,2179.75,2
2011-08-16 19:00:00+00:00,33,1,56972,NQU1,2179.5,2188.0,2178.5,2187.75,4073
2011-08-16 19:10:00+00:00,33,1,56972,NQU1,2187.75,2191.25,2185.0,2191.0,3651
2011-08-16 19:20:00+00:00,33,1,12038,NQZ1,2184.25,2189.5,2184.0,2189.5,5
2011-08-16 19:20:00+00:00,33,1,56972,NQU1,2191.0,2201.5,2188.5,2201.25,6800
2011-08-16 19:20:00+00:00,33,1,612349,NQU1-NQZ1,-5.15,-5.15,-5.15,-5.15,65
2011-08-16 19:30:00+00:00,33,1,12038,NQZ1,2195.0,2195.5,2195.0,2195.5,2
2011-08-16 19:30:00+00:00,33,1,56972,NQU1,2201.5,2201.5,2197.5,2199.5,6178
2011-08-16 19:40:00+00:00,33,1,12038,NQZ1,2197.0,2197.0,2197.0,2197.0,1
2011-08-16 19:40:00+00:00,33,1,56972,NQU1,2199.25,2203.25,2194.0,2197.0,8905
2011-08-16 19:50:00+00:00,33,1,56972,NQU1,2197.0,2197.5,2190.5,2192.25,11518
2011-08-16 20:00:00+00:00,33,1,56972,NQU1,2192.5,2197.75,2191.5,2196.0,9293
2011-08-16 20:00:00+00:00,33,1,612349,NQU1-NQZ1,-5.15,-5.15,-5.15,-5.15,20
2011-08-16 20:10:00+00:00,33,1,56972,NQU1,2196.25,2200.75,2196.0,2199.25,2778
2011-08-16 20:30:00+00:00,33,1,56972,NQU1,2198.0,2198.0,2195.75,2195.75,904
2011-08-16 20:40:00+00:00,33,1,56972,NQU1,2195.75,2196.5,2193.5,2193.75,830
2011-08-16 20:50:00+00:00,33,1,56972,NQU1,2193.75,2194.0,2193.0,2193.0,710
2011-08-16 21:00:00+00:00,33,1,56972,NQU1,2193.25,2194.5,2193.0,2194.5,131
2011-08-16 21:10:00+00:00,33,1,56972,NQU1,2194.0,2194.0,2192.0,2192.0,124
2011-08-16 21:20:00+00:00,33,1,56972,NQU1,2192.0,2194.0,2191.5,2194.0,37
2011-08-16 22:00:00+00:00,33,1,12038,NQZ1,2186.0,2186.0,2186.0,2186.0,1
2011-08-16 22:00:00+00:00,33,1,56972,NQU1,2193.0,2193.0,2190.75,2191.25,145
2011-08-16 22:10:00+00:00,33,1,56972,NQU1,2192.0,2192.5,2192.0,2192.25,23
2011-08-16 22:20:00+00:00,33,1,56972,NQU1,2191.25,2191.5,2190.75,2190.75,42
2011-08-16 22:30:00+00:00,33,1,56972,NQU1,2191.25,2191.5,2190.0,2190.5,80
2011-08-16 22:40:00+00:00,33,1,56972,NQU1,2190.5,2190.5,2188.0,2188.0,55
2011-08-16 22:50:00+00:00,33,1,56972,NQU1,2188.75,2188.75,2187.0,2187.0,48
2011-08-16 23:00:00+00:00,33,1,12038,NQZ1,2182.5,2182.5,2182.5,2182.5,1
2011-08-16 23:00:00+00:00,33,1,56972,NQU1,2187.25,2188.25,2187.25,2187.25,30
2011-08-16 23:10:00+00:00,33,1,56972,NQU1,2187.25,2189.0,2186.5,2188.5,62
2011-08-16 23:20:00+00:00,33,1,56972,NQU1,2187.75,2188.0,2186.0,2186.25,116
2011-08-16 23:30:00+00:00,33,1,12038,NQZ1,2179.0,2179.0,2179.0,2179.0,3
2011-08-16 23:30:00+00:00,33,1,56972,NQU1,2185.75,2185.75,2183.0,2184.0,301
2011-08-16 23:40:00+00:00,33,1,56972,NQU1,2184.25,2185.75,2184.25,2185.75,47
2011-08-16 23:50:00+00:00,33,1,56972,NQU1,2186.0,2187.0,2185.75,2186.75,66
2011-08-17 00:00:00+00:00,33,1,56972,NQU1,2187.0,2189.5,2185.25,2185.75,122
2011-08-17 00:10:00+00:00,33,1,56972,NQU1,2185.75,2187.5,2184.5,2186.5,371
2011-08-17 00:20:00+00:00,33,1,12038,NQZ1,2181.75,2181.75,2181.75,2181.75,1
2011-08-17 00:20:00+00:00,33,1,56972,NQU1,2186.0,2188.0,2185.25,2186.25,239
2011-08-17 00:30:00+00:00,33,1,56972,NQU1,2186.0,2186.75,2185.0,2186.0,62
2011-08-17 00:40:00+00:00,33,1,56972,NQU1,2186.0,2187.0,2185.0,2186.0,38
2011-08-17 00:50:00+00:00,33,1,56972,NQU1,2186.75,2188.75,2186.75,2188.25,60
2011-08-17 01:00:00+00:00,33,1,56972,NQU1,2189.0,2189.0,2187.5,2188.0,50
2011-08-17 01:10:00+00:00,33,1,12038,NQZ1,2179.75,2179.75,2179.75,2179.75,1
2011-08-17 01:10:00+00:00,33,1,56972,NQU1,2187.75,2187.75,2184.0,2185.0,74
2011-08-17 01:20:00+00:00,33,1,56972,NQU1,2185.5,2186.0,2183.75,2185.75,88
2011-08-17 01:30:00+00:00,33,1,56972,NQU1,2185.25,2185.25,2182.5,2184.75,110
2011-08-17 01:40:00+00:00,33,1,56972,NQU1,2185.0,2186.75,2183.0,2184.25,92
2011-08-17 01:50:00+00:00,33,1,56972,NQU1,2184.25,2185.75,2183.75,2184.25,30
2011-08-17 02:00:00+00:00,33,1,12038,NQZ1,2177.75,2177.75,2177.75,2177.75,3
2011-08-17 02:00:00+00:00,33,1,56972,NQU1,2184.5,2184.75,2182.75,2184.75,166
2011-08-17 02:10:00+00:00,33,1,56972,NQU1,2185.0,2186.0,2183.5,2184.5,106
2011-08-17 02:20:00+00:00,33,1,56972,NQU1,2185.0,2186.25,2184.25,2185.75,69
2011-08-17 02:30:00+00:00,33,1,56972,NQU1,2186.25,2186.5,2185.5,2185.5,29
2011-08-17 02:40:00+00:00,33,1,56972,NQU1,2185.25,2187.75,2185.25,2187.75,99
2011-08-17 02:50:00+00:00,33,1,56972,NQU1,2187.5,2188.0,2187.25,2188.0,44
2011-08-17 03:00:00+00:00,33,1,56972,NQU1,2188.0,2190.0,2187.0,2189.25,57
2011-08-17 03:10:00+00:00,33,1,56972,NQU1,2189.25,2189.5,2188.5,2189.25,38
2011-08-17 03:20:00+00:00,33,1,56972,NQU1,2188.75,2189.0,2185.25,2186.5,75
2011-08-17 03:30:00+00:00,33,1,56972,NQU1,2187.25,2187.75,2184.75,2187.0,57
2011-08-17 03:40:00+00:00,33,1,56972,NQU1,2186.5,2189.0,2186.0,2189.0,25
2011-08-17 03:50:00+00:00,33,1,56972,NQU1,2189.0,2190.5,2189.0,2189.75,47
2011-08-17 04:00:00+00:00,33,1,56972,NQU1,2189.75,2190.5,2189.0,2190.5,13
2011-08-17 04:10:00+00:00,33,1,56972,NQU1,2190.0,2190.0,2190.0,2190.0,1
2011-08-17 04:20:00+00:00,33,1,12038,NQZ1,2185.75,2185.75,2185.75,2185.75,1
2011-08-17 04:20:00+00:00,33,1,56972,NQU1,2190.75,2192.0,2190.75,2191.0,60
2011-08-17 04:30:00+00:00,33,1,56972,NQU1,2191.25,2192.75,2191.0,2192.5,191
2011-08-17 04:40:00+00:00,33,1,56972,NQU1,2192.5,2197.0,2192.5,2196.5,147
2011-08-17 04:50:00+00:00,33,1,56972,NQU1,2196.5,2198.75,2194.75,2197.25,241
2011-08-17 05:00:00+00:00,33,1,56972,NQU1,2197.0,2198.25,2197.0,2197.75,195
2011-08-17 05:10:00+00:00,33,1,56972,NQU1,2197.75,2199.0,2197.0,2198.5,141
2011-08-17 05:20:00+00:00,33,1,56972,NQU1,2198.25,2198.25,2196.75,2197.0,42
2011-08-17 05:30:00+00:00,33,1,56972,NQU1,2197.0,2199.0,2197.0,2198.75,81
2011-08-17 05:40:00+00:00,33,1,56972,NQU1,2198.75,2198.75,2195.25,2196.0,103
2011-08-17 05:50:00+00:00,33,1,56972,NQU1,2195.5,2196.0,2194.5,2194.75,60
2011-08-17 06:00:00+00:00,33,1,56972,NQU1,2194.5,2194.5,2192.25,2192.5,120
2011-08-17 06:10:00+00:00,33,1,56972,NQU1,2192.0,2192.25,2189.0,2190.25,145
2011-08-17 06:20:00+00:00,33,1,56972,NQU1,2190.5,2194.5,2190.5,2192.75,204
2011-08-17 06:30:00+00:00,33,1,56972,NQU1,2193.0,2194.5,2190.0,2190.25,192
2011-08-17 06:40:00+00:00,33,1,56972,NQU1,2190.0,2190.0,2186.75,2189.25,321
2011-08-17 06:50:00+00:00,33,1,56972,NQU1,2189.0,2189.0,2186.25,2186.75,354
2011-08-17 07:00:00+00:00,33,1,12038,NQZ1,2184.0,2184.0,2184.0,2184.0,1
2011-08-17 07:00:00+00:00,33,1,56972,NQU1,2187.25,2189.5,2181.5,2182.5,779
2011-08-17 07:10:00+00:00,33,1,12038,NQZ1,2177.25,2177.25,2177.25,2177.25,1
2011-08-17 07:10:00+00:00,33,1,56972,NQU1,2182.5,2188.25,2182.25,2184.5,717
2011-08-17 07:20:00+00:00,33,1,56972,NQU1,2184.25,2186.0,2179.5,2186.0,929
2011-08-17 07:30:00+00:00,33,1,56972,NQU1,2186.25,2187.25,2185.5,2185.5,333
2011-08-17 07:40:00+00:00,33,1,56972,NQU1,2185.0,2191.0,2184.75,2190.75,430
2011-08-17 07:50:00+00:00,33,1,56972,NQU1,2191.0,2193.0,2190.75,2192.0,289
2011-08-17 08:00:00+00:00,33,1,12038,NQZ1,2188.5,2188.5,2188.5,2188.5,4
2011-08-17 08:00:00+00:00,33,1,56972,NQU1,2192.0,2198.25,2190.75,2193.5,585
2011-08-17 08:10:00+00:00,33,1,12038,NQZ1,2188.0,2188.0,2186.0,2186.0,4
2011-08-17 08:10:00+00:00,33,1,56972,NQU1,2193.5,2194.25,2190.5,2190.75,217
2011-08-17 08:20:00+00:00,33,1,56972,NQU1,2190.25,2192.5,2190.0,2190.0,61
2011-08-17 08:30:00+00:00,33,1,12038,NQZ1,2185.0,2185.0,2185.0,2185.0,2
2011-08-17 08:30:00+00:00,33,1,56972,NQU1,2190.0,2190.75,2186.0,2187.0,315
2011-08-17 08:40:00+00:00,33,1,56972,NQU1,2186.5,2188.75,2184.75,2186.25,194
2011-08-17 08:50:00+00:00,33,1,56972,NQU1,2187.0,2190.75,2186.5,2190.25,212
2011-08-17 09:00:00+00:00,33,1,12038,NQZ1,2187.0,2187.0,2187.0,2187.0,3
2011-08-17 09:00:00+00:00,33,1,56972,NQU1,2190.25,2195.0,2190.25,2195.0,291
2011-08-17 09:10:00+00:00,33,1,12038,NQZ1,2190.0,2190.0,2190.0,2190.0,1
2011-08-17 09:10:00+00:00,33,1,56972,NQU1,2194.25,2195.5,2192.0,2193.25,211
2011-08-17 09:20:00+00:00,33,1,56972,NQU1,2193.0,2194.75,2191.25,2193.5,390
2011-08-17 09:30:00+00:00,33,1,12038,NQZ1,2191.0,2191.0,2191.0,2191.0,1
2011-08-17 09:30:00+00:00,33,1,56972,NQU1,2194.25,2197.25,2193.5,2195.5,493
2011-08-17 09:40:00+00:00,33,1,56972,NQU1,2196.0,2196.25,2192.75,2195.0,143
2011-08-17 09:50:00+00:00,33,1,56972,NQU1,2195.25,2195.75,2190.75,2191.0,98
2011-08-17 10:00:00+00:00,33,1,56972,NQU1,2191.25,2193.0,2190.25,2193.0,217
2011-08-17 10:10:00+00:00,33,1,12038,NQZ1,2186.5,2186.5,2186.5,2186.5,1
2011-08-17 10:10:00+00:00,33,1,56972,NQU1,2193.25,2195.25,2191.5,2191.5,185
2011-08-17 10:20:00+00:00,33,1,56972,NQU1,2191.5,2193.25,2190.75,2192.25,87
2011-08-17 10:30:00+00:00,33,1,12038,NQZ1,2187.0,2187.0,2187.0,2187.0,2
2011-08-17 10:30:00+00:00,33,1,56972,NQU1,2192.25,2192.75,2191.0,2192.75,168
2011-08-17 10:40:00+00:00,33,1,12038,NQZ1,2190.75,2190.75,2190.75,2190.75,2
2011-08-17 10:40:00+00:00,33,1,56972,NQU1,2193.0,2198.0,2193.0,2198.0,419
2011-08-17 10:50:00+00:00,33,1,56972,NQU1,2198.0,2202.0,2198.0,2199.5,874
2011-08-17 11:00:00+00:00,33,1,12038,NQZ1,2197.0,2197.0,2197.0,2197.0,1
2011-08-17 11:00:00+00:00,33,1,56972,NQU1,2199.0,2202.5,2198.25,2200.75,397
2011-08-17 11:10:00+00:00,33,1,56972,NQU1,2200.25,2201.0,2198.25,2198.75,289
2011-08-17 11:20:00+00:00,33,1,56972,NQU1,2198.5,2200.5,2197.25,2199.0,609
2011-08-17 11:30:00+00:00,33,1,12038,NQZ1,2192.5,2192.5,2192.5,2192.5,2
2011-08-17 11:30:00+00:00,33,1,56972,NQU1,2199.0,2199.5,2197.25,2198.0,410
2011-08-17 11:40:00+00:00,33,1,56972,NQU1,2198.0,2200.75,2197.5,2198.75,470
2011-08-17 11:50:00+00:00,33,1,56972,NQU1,2199.0,2201.0,2198.25,2201.0,351
2011-08-17 12:00:00+00:00,33,1,56972,NQU1,2200.5,2201.5,2199.25,2199.5,561
2011-08-17 12:10:00+00:00,33,1,12038,NQZ1,2190.25,2190.25,2190.25,2190.25,3
2011-08-17 12:10:00+00:00,33,1,56972,NQU1,2199.75,2200.25,2195.25,2197.0,988
2011-08-17 12:20:00+00:00,33,1,12038,NQZ1,2191.5,2191.5,2191.5,2191.5,1
2011-08-17 12:20:00+00:00,33,1,56972,NQU1,2197.0,2198.25,2195.75,2195.75,659
2011-08-17 12:30:00+00:00,33,1,56972,NQU1,2197.25,2199.0,2195.0,2196.25,1091
2011-08-17 12:40:00+00:00,33,1,12038,NQZ1,2188.0,2188.0,2188.0,2188.0,1
2011-08-17 12:40:00+00:00,33,1,56972,NQU1,2196.25,2196.25,2193.25,2193.75,737
2011-08-17 12:50:00+00:00,33,1,56972,NQU1,2193.75,2196.75,2193.5,2196.25,406
2011-08-17 13:00:00+00:00,33,1,56972,NQU1,2196.5,2199.25,2196.0,2199.25,852
2011-08-17 13:10:00+00:00,33,1,56972,NQU1,2198.75,2199.25,2196.5,2196.5,759
2011-08-17 13:20:00+00:00,33,1,56972,NQU1,2196.75,2197.25,2194.75,2196.25,1497
2011-08-17 13:30:00+00:00,33,1,12038,NQZ1,2188.5,2189.75,2188.5,2189.75,2
2011-08-17 13:30:00+00:00,33,1,56972,NQU1,2196.5,2198.75,2190.75,2197.5,13249
2011-08-17 13:40:00+00:00,33,1,12038,NQZ1,2200.0,2200.0,2200.0,2200.0,1
2011-08-17 13:40:00+00:00,33,1,56972,NQU1,2197.5,2206.25,2195.75,2204.75,7464
2011-08-17 13:50:00+00:00,33,1,12038,NQZ1,2200.5,2207.25,2200.5,2207.0,13
2011-08-17 13:50:00+00:00,33,1,56972,NQU1,2204.75,2214.0,2204.25,2210.75,13870
2011-08-17 14:00:00+00:00,33,1,12038,NQZ1,2205.25,2205.25,2199.75,2199.75,2
2011-08-17 14:00:00+00:00,33,1,56972,NQU1,2210.75,2212.0,2205.25,2206.0,6101
2011-08-17 14:10:00+00:00,33,1,12038,NQZ1,2202.0,2202.0,2202.0,2202.0,1
2011-08-17 14:10:00+00:00,33,1,56972,NQU1,2206.25,2208.75,2203.75,2207.25,5942
2011-08-17 14:20:00+00:00,33,1,12038,NQZ1,2204.0,2204.0,2203.0,2204.0,3
2011-08-17 14:20:00+00:00,33,1,56972,NQU1,2207.5,2210.75,2205.5,2210.5,4682
2011-08-17 14:30:00+00:00,33,1,12038,NQZ1,2202.5,2202.5,2200.0,2200.75,4
2011-08-17 14:30:00+00:00,33,1,56972,NQU1,2210.25,2210.25,2203.0,2204.5,5765
2011-08-17 14:40:00+00:00,33,1,12038,NQZ1,2197.5,2197.5,2194.75,2194.75,2
2011-08-17 14:40:00+00:00,33,1,56972,NQU1,2204.5,2207.0,2200.0,2202.5,3784
2011-08-17 14:50:00+00:00,33,1,12038,NQZ1,2193.5,2193.5,2188.0,2188.0,5
2011-08-17 14:50:00+00:00,33,1,56972,NQU1,2202.5,2204.25,2191.75,2192.0,11440
2011-08-17 15:00:00+00:00,33,1,12038,NQZ1,2186.75,2187.25,2185.0,2185.5,14
2011-08-17 15:00:00+00:00,33,1,56972,NQU1,2192.0,2195.75,2189.75,2195.25,10785
2011-08-17 15:10:00+00:00,33,1,12038,NQZ1,2191.0,2191.0,2191.0,2191.0,1
2011-08-17 15:10:00+00:00,33,1,56972,NQU1,2195.0,2198.0,2191.5,2192.0,4988
2011-08-17 15:20:00+00:00,33,1,12038,NQZ1,2186.5,2186.5,2181.0,2181.0,35
2011-08-17 15:20:00+00:00,33,1,56972,NQU1,2192.0,2192.75,2185.5,2188.0,6951
2011-08-17 15:30:00+00:00,33,1,12038,NQZ1,2177.0,2177.0,2177.0,2177.0,2
2011-08-17 15:30:00+00:00,33,1,56972,NQU1,2187.75,2191.0,2181.5,2182.5,7836
2011-08-17 15:40:00+00:00,33,1,12038,NQZ1,2178.75,2178.75,2174.0,2174.0,8
2011-08-17 15:40:00+00:00,33,1,56972,NQU1,2182.75,2184.25,2176.25,2181.0,8188
2011-08-17 15:50:00+00:00,33,1,56972,NQU1,2180.75,2183.0,2174.0,2177.5,7469
2011-08-17 16:00:00+00:00,33,1,12038,NQZ1,2171.0,2171.0,2162.5,2163.25,17
2011-08-17 16:00:00+00:00,33,1,56972,NQU1,2177.75,2180.25,2167.0,2170.0,10751
2011-08-17 16:10:00+00:00,33,1,12038,NQZ1,2161.75,2167.25,2161.75,2166.0,8
2011-08-17 16:10:00+00:00,33,1,56972,NQU1,2170.0,2173.75,2166.5,2171.75,4850
2011-08-17 16:20:00+00:00,33,1,56972,NQU1,2172.0,2175.5,2171.25,2175.25,2549
2011-08-17 16:30:00+00:00,33,1,12038,NQZ1,2173.25,2174.0,2172.25,2172.25,3
2011-08-17 16:30:00+00:00,33,1,56972,NQU1,2175.25,2180.0,2175.0,2179.0,3049
2011-08-17 16:40:00+00:00,33,1,12038,NQZ1,2174.5,2175.5,2173.0,2173.25,13
2011-08-17 16:40:00+00:00,33,1,56972,NQU1,2179.0,2182.0,2177.5,2182.0,2254
2011-08-17 16:50:00+00:00,33,1,12038,NQZ1,2169.25,2169.25,2169.25,2169.25,1
2011-08-17 16:50:00+00:00,33,1,56972,NQU1,2182.0,2183.75,2171.25,2174.5,4454
2011-08-17 17:00:00+00:00,33,1,12038,NQZ1,2167.25,2167.25,2167.25,2167.25,1
2011-08-17 17:00:00+00:00,33,1,56972,NQU1,2174.5,2174.5,2167.75,2171.5,4150
2011-08-17 17:10:00+00:00,33,1,12038,NQZ1,2168.75,2168.75,2168.75,2168.75,1
2011-08-17 17:10:00+00:00,33,1,56972,NQU1,2171.5,2174.5,2169.75,2173.75,1942
2011-08-17 17:20:00+00:00,33,1,56972,NQU1,2174.0,2174.5,2164.75,2166.5,4678
2011-08-17 17:30:00+00:00,33,1,56972,NQU1,2166.5,2169.75,2163.75,2164.75,4559
2011-08-17 17:40:00+00:00,33,1,12038,NQZ1,2157.0,2158.0,2155.0,2158.0,4
2011-08-17 17:40:00+00:00,33,1,56972,NQU1,2164.75,2165.0,2157.25,2162.5,10700
2011-08-17 17:50:00+00:00,33,1,12038,NQZ1,2161.75,2161.75,2161.75,2161.75,1
2011-08-17 17:50:00+00:00,33,1,56972,NQU1,2162.5,2167.0,2161.0,2162.75,4109
2011-08-17 18:00:00+00:00,33,1,12038,NQZ1,2160.5,2160.5,2160.5,2160.5,1
2011-08-17 18:00:00+00:00,33,1,56972,NQU1,2162.75,2169.25,2162.75,2167.0,3306
2011-08-17 18:10:00+00:00,33,1,12038,NQZ1,2163.25,2163.25,2163.25,2163.25,1
2011-08-17 18:10:00+00:00,33,1,56972,NQU1,2167.25,2173.5,2166.75,2173.25,3078
2011-08-17 18:20:00+00:00,33,1,12038,NQZ1,2169.25,2169.25,2169.0,2169.0,3
2011-08-17 18:20:00+00:00,33,1,56972,NQU1,2173.25,2176.0,2169.5,2170.25,3093
2011-08-17 18:30:00+00:00,33,1,12038,NQZ1,2162.75,2162.75,2162.75,2162.75,1
2011-08-17 18:30:00+00:00,33,1,56972,NQU1,2170.5,2172.25,2165.75,2165.75,3074
2011-08-17 18:40:00+00:00,33,1,56972,NQU1,2165.75,2170.5,2165.25,2167.25,2896
2011-08-17 18:50:00+00:00,33,1,56972,NQU1,2167.5,2173.5,2166.0,2173.5,2421
2011-08-17 19:00:00+00:00,33,1,56972,NQU1,2173.5,2175.75,2169.5,2175.5,3627
2011-08-17 19:10:00+00:00,33,1,12038,NQZ1,2170.25,2171.0,2168.0,2171.0,6
2011-08-17 19:10:00+00:00,33,1,56972,NQU1,2175.25,2177.75,2172.5,2176.75,5972
2011-08-17 19:10:00+00:00,33,1,612349,NQU1-NQZ1,-5.35,-5.35,-5.35,-5.35,1
2011-08-17 19:20:00+00:00,33,1,12038,NQZ1,2171.5,2173.0,2171.5,2173.0,2
2011-08-17 19:20:00+00:00,33,1,56972,NQU1,2176.75,2179.5,2174.0,2176.25,5394
2011-08-17 19:30:00+00:00,33,1,12038,NQZ1,2167.75,2167.75,2167.75,2167.75,1
2011-08-17 19:30:00+00:00,33,1,56972,NQU1,2176.25,2177.75,2171.5,2173.5,4061
2011-08-17 19:30:00+00:00,33,1,612349,NQU1-NQZ1,-5.35,-5.35,-5.35,-5.35,20
2011-08-17 19:40:00+00:00,33,1,12038,NQZ1,2167.75,2168.75,2167.75,2168.75,2
2011-08-17 19:40:00+00:00,33,1,56972,NQU1,2173.5,2177.75,2172.0,2177.75,6104
2011-08-17 19:50:00+00:00,33,1,12038,NQZ1,2172.75,2175.25,2171.25,2175.25,35
2011-08-17 19:50:00+00:00,33,1,56972,NQU1,2177.75,2180.75,2175.0,2179.75,13967
2011-08-17 20:00:00+00:00,33,1,12038,NQZ1,2175.25,2175.25,2173.75,2173.75,10
2011-08-17 20:00:00+00:00,33,1,56972,NQU1,2179.75,2181.75,2175.5,2178.0,7802
2011-08-17 20:10:00+00:00,33,1,12038,NQZ1,2172.0,2172.0,2172.0,2172.0,1
2011-08-17 20:10:00+00:00,33,1,56972,NQU1,2178.25,2179.25,2175.0,2176.0,2056
2011-08-17 20:10:00+00:00,33,1,612349,NQU1-NQZ1,-5.35,-5.35,-5.35,-5.35,1
2011-08-17 20:30:00+00:00,33,1,56972,NQU1,2175.75,2175.75,2172.0,2172.75,362
2011-08-17 20:40:00+00:00,33,1,56972,NQU1,2172.75,2172.75,2168.0,2168.0,392
2011-08-17 20:50:00+00:00,33,1,12038,NQZ1,2162.0,2162.0,2162.0,2162.0,1
2011-08-17 20:50:00+00:00,33,1,56972,NQU1,2168.0,2168.25,2167.0,2167.5,504
2011-08-17 21:00:00+00:00,33,1,56972,NQU1,2168.0,2169.75,2167.5,2169.0,202
2011-08-17 21:10:00+00:00,33,1,56972,NQU1,2168.75,2170.0,2168.5,2169.75,20
2011-08-17 21:20:00+00:00,33,1,56972,NQU1,2170.0,2170.25,2167.5,2167.5,50
2011-08-17 21:30:00+00:00,33,1,56972,NQU1,2167.5,2167.5,2167.5,2167.5,1
2011-08-17 22:00:00+00:00,33,1,56972,NQU1,2168.5,2170.75,2168.25,2169.75,123
2011-08-17 22:10:00+00:00,33,1,12038,NQZ1,2164.5,2164.5,2164.5,2164.5,1
2011-08-17 22:10:00+00:00,33,1,56972,NQU1,2169.75,2169.75,2168.5,2169.0,42
2011-08-17 22:20:00+00:00,33,1,56972,NQU1,2168.75,2168.75,2167.0,2167.0,19
2011-08-17 22:30:00+00:00,33,1,56972,NQU1,2168.75,2168.75,2166.75,2166.75,9
2011-08-17 22:40:00+00:00,33,1,56972,NQU1,2167.75,2168.25,2167.5,2168.25,35
2011-08-17 22:50:00+00:00,33,1,56972,NQU1,2168.25,2169.25,2168.0,2169.0,17
2011-08-17 23:00:00+00:00,33,1,56972,NQU1,2169.0,2169.0,2167.75,2168.0,49
2011-08-17 23:10:00+00:00,33,1,56972,NQU1,2168.5,2169.25,2168.0,2168.5,78
2011-08-17 23:20:00+00:00,33,1,56972,NQU1,2168.25,2168.25,2166.25,2168.0,113
2011-08-17 23:30:00+00:00,33,1,56972,NQU1,2167.75,2168.5,2167.75,2168.5,22
2011-08-17 23:40:00+00:00,33,1,56972,NQU1,2168.25,2168.75,2168.0,2168.5,285
2011-08-17 23:50:00+00:00,33,1,56972,NQU1,2168.5,2168.5,2166.75,2168.25,72
2011-08-18 00:00:00+00:00,33,1,56972,NQU1,2169.0,2169.0,2166.0,2167.25,87
2011-08-18 00:10:00+00:00,33,1,12038,NQZ1,2159.0,2159.0,2159.0,2159.0,1
2011-08-18 00:10:00+00:00,33,1,56972,NQU1,2167.5,2167.5,2163.25,2163.5,200
2011-08-18 00:20:00+00:00,33,1,12038,NQZ1,2157.75,2157.75,2157.75,2157.75,1
2011-08-18 00:20:00+00:00,33,1,56972,NQU1,2164.25,2165.0,2162.25,2163.5,99
2011-08-18 00:30:00+00:00,33,1,56972,NQU1,2164.0,2164.75,2162.25,2163.75,61
2011-08-18 00:40:00+00:00,33,1,56972,NQU1,2162.25,2163.5,2162.25,2162.75,167
2011-08-18 00:50:00+00:00,33,1,12038,NQZ1,2155.5,2155.5,2154.5,2154.5,4
2011-08-18 00:50:00+00:00,33,1,56972,NQU1,2162.0,2162.0,2159.0,2161.0,268
2011-08-18 01:00:00+00:00,33,1,56972,NQU1,2160.75,2162.25,2160.0,2160.25,133
2011-08-18 01:10:00+00:00,33,1,12038,NQZ1,2153.0,2153.0,2153.0,2153.0,1
2011-08-18 01:10:00+00:00,33,1,56972,NQU1,2159.75,2160.5,2157.75,2160.0,210
2011-08-18 01:20:00+00:00,33,1,56972,NQU1,2159.75,2162.5,2159.75,2162.0,277
2011-08-18 01:30:00+00:00,33,1,56972,NQU1,2161.75,2161.75,2160.0,2160.0,108
2011-08-18 01:40:00+00:00,33,1,56972,NQU1,2160.0,2160.75,2158.25,2159.0,78
2011-08-18 01:50:00+00:00,33,1,56972,NQU1,2159.5,2162.0,2159.5,2161.75,231
2011-08-18 02:00:00+00:00,33,1,56972,NQU1,2161.0,2161.0,2159.75,2159.75,35
2011-08-18 02:10:00+00:00,33,1,56972,NQU1,2161.0,2161.5,2160.25,2160.75,28
2011-08-18 02:20:00+00:00,33,1,12038,NQZ1,2154.25,2154.25,2154.25,2154.25,2
2011-08-18 02:20:00+00:00,33,1,56972,NQU1,2160.75,2160.75,2158.75,2159.0,260
2011-08-18 02:30:00+00:00,33,1,56972,NQU1,2159.0,2160.75,2158.5,2160.5,98
2011-08-18 02:40:00+00:00,33,1,56972,NQU1,2160.5,2162.0,2160.5,2161.75,46
2011-08-18 02:50:00+00:00,33,1,56972,NQU1,2161.75,2162.0,2160.75,2161.0,42
2011-08-18 03:00:00+00:00,33,1,56972,NQU1,2161.0,2162.0,2160.25,2162.0,43
2011-08-18 03:10:00+00:00,33,1,56972,NQU1,2162.0,2162.0,2160.75,2162.0,21
2011-08-18 03:20:00+00:00,33,1,56972,NQU1,2162.0,2163.0,2161.25,2161.25,51
2011-08-18 03:30:00+00:00,33,1,56972,NQU1,2161.5,2161.5,2159.25,2160.25,69
2011-08-18 03:40:00+00:00,33,1,12038,NQZ1,2155.0,2155.0,2155.0,2155.0,2
2011-08-18 03:40:00+00:00,33,1,56972,NQU1,2160.25,2161.25,2159.75,2160.25,33
2011-08-18 03:50:00+00:00,33,1,56972,NQU1,2160.5,2160.75,2159.5,2159.75,22
2011-08-18 04:00:00+00:00,33,1,12038,NQZ1,2154.25,2154.25,2154.25,2154.25,1
2011-08-18 04:00:00+00:00,33,1,56972,NQU1,2159.75,2160.25,2157.25,2157.75,61
2011-08-18 04:10:00+00:00,33,1,56972,NQU1,2157.75,2158.5,2155.75,2156.75,193
2011-08-18 04:20:00+00:00,33,1,56972,NQU1,2156.5,2156.75,2150.5,2153.25,391
2011-08-18 04:30:00+00:00,33,1,56972,NQU1,2153.25,2157.25,2153.25,2155.25,133
2011-08-18 04:40:00+00:00,33,1,12038,NQZ1,2147.25,2147.25,2147.25,2147.25,1
2011-08-18 04:40:00+00:00,33,1,56972,NQU1,2154.75,2155.75,2153.0,2154.25,116
2011-08-18 04:50:00+00:00,33,1,56972,NQU1,2154.5,2155.25,2152.0,2154.25,82
2011-08-18 05:00:00+00:00,33,1,12038,NQZ1,2150.5,2150.5,2150.5,2150.5,1
2011-08-18 05:00:00+00:00,33,1,56972,NQU1,2155.25,2158.0,2155.25,2158.0,251
2011-08-18 05:10:00+00:00,33,1,56972,NQU1,2157.25,2159.5,2157.0,2157.25,57
2011-08-18 05:20:00+00:00,33,1,56972,NQU1,2157.75,2160.25,2157.75,2159.5,39
2011-08-18 05:30:00+00:00,33,1,56972,NQU1,2159.75,2161.0,2158.0,2158.5,61
2011-08-18 05:40:00+00:00,33,1,56972,NQU1,2158.5,2158.5,2154.25,2156.5,83
2011-08-18 05:50:00+00:00,33,1,56972,NQU1,2156.75,2157.75,2155.5,2157.75,73
2011-08-18 06:00:00+00:00,33,1,12038,NQZ1,2151.25,2151.25,2151.25,2151.25,1
2011-08-18 06:00:00+00:00,33,1,56972,NQU1,2158.0,2159.0,2153.0,2156.25,150
2011-08-18 06:10:00+00:00,33,1,56972,NQU1,2156.25,2158.5,2155.75,2158.25,103
2011-08-18 06:20:00+00:00,33,1,56972,NQU1,2158.0,2159.0,2157.75,2158.5,62
2011-08-18 06:30:00+00:00,33,1,12038,NQZ1,2152.75,2152.75,2152.75,2152.75,1
2011-08-18 06:30:00+00:00,33,1,56972,NQU1,2158.0,2158.0,2155.0,2156.0,134
2011-08-18 06:40:00+00:00,33,1,56972,NQU1,2155.75,2155.75,2151.0,2152.75,469
2011-08-18 06:50:00+00:00,33,1,12038,NQZ1,2148.75,2148.75,2145.25,2145.25,2
2011-08-18 06:50:00+00:00,33,1,56972,NQU1,2152.5,2154.5,2150.75,2153.25,308
2011-08-18 07:00:00+00:00,33,1,12038,NQZ1,2147.75,2147.75,2147.5,2147.5,3
2011-08-18 07:00:00+00:00,33,1,56972,NQU1,2153.0,2155.5,2150.0,2152.75,1193
2011-08-18 07:10:00+00:00,33,1,56972,NQU1,2152.25,2155.75,2151.75,2155.0,995
2011-08-18 07:20:00+00:00,33,1,56972,NQU1,2155.25,2158.0,2153.25,2155.0,608
2011-08-18 07:30:00+00:00,33,1,56972,NQU1,2155.5,2155.5,2148.5,2150.75,945
2011-08-18 07:40:00+00:00,33,1,56972,NQU1,2150.75,2152.25,2148.75,2150.0,553
2011-08-18 07:50:00+00:00,33,1,12038,NQZ1,2141.0,2141.25,2141.0,2141.25,2
2011-08-18 07:50:00+00:00,33,1,56972,NQU1,2149.75,2151.5,2146.5,2146.5,1435
2011-08-18 08:00:00+00:00,33,1,12038,NQZ1,2141.0,2141.0,2139.75,2139.75,4
2011-08-18 08:00:00+00:00,33,1,56972,NQU1,2146.25,2148.0,2144.0,2147.0,1059
2011-08-18 08:10:00+00:00,33,1,56972,NQU1,2146.5,2147.75,2145.5,2147.25,701
2011-08-18 08:20:00+00:00,33,1,56972,NQU1,2147.5,2148.75,2145.75,2145.75,535
2011-08-18 08:30:00+00:00,33,1,56972,NQU1,2145.75,2149.0,2145.5,2148.0,361
2011-08-18 08:40:00+00:00,33,1,56972,NQU1,2148.0,2148.0,2143.75,2144.0,301
2011-08-18 08:50:00+00:00,33,1,12038,NQZ1,2137.75,2137.75,2136.25,2136.5,6
2011-08-18 08:50:00+00:00,33,1,56972,NQU1,2144.0,2144.0,2136.0,2138.5,1234
2011-08-18 09:00:00+00:00,33,1,12038,NQZ1,2130.0,2130.0,2118.25,2125.5,46
2011-08-18 09:00:00+00:00,33,1,56972,NQU1,2138.0,2139.75,2121.75,2130.75,2096
2011-08-18 09:00:00+00:00,33,1,612349,NQU1-NQZ1,-5.35,-5.35,-5.45,-5.45,13
2011-08-18 09:10:00+00:00,33,1,12038,NQZ1,2125.25,2125.25,2123.75,2125.25,5
2011-08-18 09:10:00+00:00,33,1,56972,NQU1,2130.75,2132.0,2126.0,2128.25,1245
2011-08-18 09:20:00+00:00,33,1,12038,NQZ1,2117.75,2117.75,2116.0,2116.5,5
2011-08-18 09:20:00+00:00,33,1,56972,NQU1,2128.0,2129.0,2121.0,2124.0,1312
2011-08-18 09:30:00+00:00,33,1,12038,NQZ1,2122.5,2122.5,2121.0,2121.0,6
2011-08-18 09:30:00+00:00,33,1,56972,NQU1,2123.75,2132.0,2123.75,2129.0,720
2011-08-18 09:40:00+00:00,33,1,12038,NQZ1,2123.0,2123.0,2123.0,2123.0,1
2011-08-18 09:40:00+00:00,33,1,56972,NQU1,2128.75,2132.0,2128.25,2128.25,134
2011-08-18 09:50:00+00:00,33,1,12038,NQZ1,2124.25,2124.25,2124.25,2124.25,2
2011-08-18 09:50:00+00:00,33,1,56972,NQU1,2129.25,2133.75,2128.75,2130.0,303
2011-08-18 10:00:00+00:00,33,1,12038,NQZ1,2124.25,2126.0,2124.25,2126.0,22
2011-08-18 10:00:00+00:00,33,1,56972,NQU1,2130.25,2132.0,2129.0,2129.75,193
2011-08-18 10:10:00+00:00,33,1,12038,NQZ1,2128.0,2128.0,2128.0,2128.0,1
2011-08-18 10:10:00+00:00,33,1,56972,NQU1,2129.5,2134.5,2129.5,2132.25,534
2011-08-18 10:20:00+00:00,33,1,56972,NQU1,2132.25,2134.5,2129.25,2131.0,587
2011-08-18 10:30:00+00:00,33,1,56972,NQU1,2131.0,2132.0,2130.0,2131.25,476
2011-08-18 10:40:00+00:00,33,1,12038,NQZ1,2125.0,2125.0,2125.0,2125.0,1
2011-08-18 10:40:00+00:00,33,1,56972,NQU1,2131.0,2131.25,2129.25,2129.75,518
2011-08-18 10:50:00+00:00,33,1,12038,NQZ1,2125.25,2125.25,2125.25,2125.25,1
2011-08-18 10:50:00+00:00,33,1,56972,NQU1,2129.75,2133.75,2127.0,2133.0,434
2011-08-18 11:00:00+00:00,33,1,12038,NQZ1,2129.75,2129.75,2129.5,2129.5,2
2011-08-18 11:00:00+00:00,33,1,56972,NQU1,2133.0,2136.75,2132.25,2132.5,634
2011-08-18 11:10:00+00:00,33,1,12038,NQZ1,2126.5,2126.5,2126.5,2126.5,1
2011-08-18 11:10:00+00:00,33,1,56972,NQU1,2132.75,2135.0,2130.75,2134.5,621
2011-08-18 11:20:00+00:00,33,1,56972,NQU1,2134.0,2135.25,2132.25,2133.25,494
2011-08-18 11:30:00+00:00,33,1,56972,NQU1,2133.25,2133.5,2127.75,2128.25,824
2011-08-18 11:40:00+00:00,33,1,12038,NQZ1,2121.5,2121.5,2121.5,2121.5,2
2011-08-18 11:40:00+00:00,33,1,56972,NQU1,2128.5,2130.0,2125.25,2127.75,1447
2011-08-18 11:50:00+00:00,33,1,56972,NQU1,2127.25,2128.75,2127.0,2127.5,696
2011-08-18 12:00:00+00:00,33,1,12038,NQZ1,2122.25,2122.25,2122.25,2122.25,2
2011-08-18 12:00:00+00:00,33,1,56972,NQU1,2127.5,2128.5,2125.75,2128.0,1499
2011-08-18 12:10:00+00:00,33,1,56972,NQU1,2128.0,2132.75,2128.0,2132.25,1683
2011-08-18 12:20:00+00:00,33,1,56972,NQU1,2132.5,2133.25,2130.25,2130.25,1071
2011-08-18 12:30:00+00:00,33,1,56972,NQU1,2130.25,2132.0,2122.25,2130.75,4937
2011-08-18 12:30:00+00:00,33,1,612349,NQU1-NQZ1,-5.45,-5.45,-5.45,-5.45,2
2011-08-18 12:40:00+00:00,33,1,56972,NQU1,2130.25,2130.75,2126.0,2129.75,1789
2011-08-18 12:50:00+00:00,33,1,56972,NQU1,2129.5,2129.75,2124.5,2125.75,1479
2011-08-18 13:00:00+00:00,33,1,12038,NQZ1,2123.0,2123.0,2123.0,2123.0,1
2011-08-18 13:00:00+00:00,33,1,56972,NQU1,2126.0,2129.5,2124.75,2125.25,1694
2011-08-18 13:10:00+00:00,33,1,12038,NQZ1,2119.5,2119.5,2114.0,2114.0,8
2011-08-18 13:10:00+00:00,33,1,56972,NQU1,2125.5,2126.0,2119.25,2120.25,3412
2011-08-18 13:20:00+00:00,33,1,12038,NQZ1,2113.75,2114.75,2113.75,2114.75,2
2011-08-18 13:20:00+00:00,33,1,56972,NQU1,2120.5,2124.75,2118.25,2121.0,4137
2011-08-18 13:30:00+00:00,33,1,8870,NQH2,2106.5,2106.5,2106.5,2106.5,1
2011-08-18 13:30:00+00:00,33,1,12038,NQZ1,2114.25,2114.25,2097.0,2100.0,11
2011-08-18 13:30:00+00:00,33,1,56972,NQU1,2121.25,2122.25,2100.25,2106.25,33805
2011-08-18 13:40:00+00:00,33,1,12038,NQZ1,2097.75,2097.75,2088.75,2089.75,12
2011-08-18 13:40:00+00:00,33,1,56972,NQU1,2106.25,2106.75,2092.25,2094.5,19349
2011-08-18 13:50:00+00:00,33,1,12038,NQZ1,2094.5,2094.5,2088.25,2088.25,6
2011-08-18 13:50:00+00:00,33,1,56972,NQU1,2094.5,2103.5,2092.25,2093.25,11583
2011-08-18 14:00:00+00:00,33,1,12038,NQZ1,2084.25,2085.25,2060.0,2069.0,14
2011-08-18 14:00:00+00:00,33,1,56972,NQU1,2093.25,2093.25,2063.75,2073.25,39287
2011-08-18 14:00:00+00:00,33,1,612349,NQU1-NQZ1,-5.2,-5.2,-5.2,-5.2,1
2011-08-18 14:10:00+00:00,33,1,12038,NQZ1,2067.25,2079.5,2067.25,2079.5,2
2011-08-18 14:10:00+00:00,33,1,56972,NQU1,2073.5,2085.75,2067.25,2080.25,17298
2011-08-18 14:20:00+00:00,33,1,12038,NQZ1,2073.75,2073.75,2073.75,2073.75,1
2011-08-18 14:20:00+00:00,33,1,56972,NQU1,2080.25,2088.25,2076.75,2084.75,11738
2011-08-18 14:30:00+00:00,33,1,12038,NQZ1,2076.5,2076.5,2076.5,2076.5,4
2011-08-18 14:30:00+00:00,33,1,56972,NQU1,2084.75,2085.0,2076.0,2079.75,10904
2011-08-18 14:40:00+00:00,33,1,12038,NQZ1,2068.0,2072.5,2068.0,2072.5,3
2011-08-18 14:40:00+00:00,33,1,56972,NQU1,2079.75,2082.25,2073.0,2081.75,10199
2011-08-18 14:50:00+00:00,33,1,12038,NQZ1,2078.0,2081.0,2078.0,2081.0,5
2011-08-18 14:50:00+00:00,33,1,56972,NQU1,2081.75,2088.0,2081.5,2086.0,9358
2011-08-18 15:00:00+00:00,33,1,56972,NQU1,2086.25,2087.5,2078.5,2079.0,6574
2011-08-18 15:10:00+00:00,33,1,12038,NQZ1,2073.0,2073.0,2073.0,2073.0,1
2011-08-18 15:10:00+00:00,33,1,56972,NQU1,2079.0,2082.5,2076.0,2078.5,7075
2011-08-18 15:20:00+00:00,33,1,56972,NQU1,2078.25,2083.5,2077.5,2081.0,3884
2011-08-18 15:30:00+00:00,33,1,12038,NQZ1,2080.5,2085.0,2080.5,2085.0,7
2011-08-18 15:30:00+00:00,33,1,56972,NQU1,2081.0,2092.0,2080.0,2089.0,11105
2011-08-18 15:40:00+00:00,33,1,12038,NQZ1,2085.0,2085.0,2085.0,2085.0,1
2011-08-18 15:40:00+00:00,33,1,56972,NQU1,2089.25,2095.25,2086.5,2094.75,9722
2011-08-18 15:50:00+00:00,33,1,12038,NQZ1,2087.0,2088.0,2087.0,2088.0,5
2011-08-18 15:50:00+00:00,33,1,56972,NQU1,2094.75,2095.25,2090.75,2093.75,4766
2011-08-18 16:00:00+00:00,33,1,12038,NQZ1,2088.5,2088.5,2081.25,2081.25,2
2011-08-18 16:00:00+00:00,33,1,56972,NQU1,2093.75,2094.75,2084.5,2089.0,6726
2011-08-18 16:10:00+00:00,33,1,12038,NQZ1,2081.5,2092.0,2081.5,2092.0,9
2011-08-18 16:10:00+00:00,33,1,56972,NQU1,2089.0,2100.5,2087.25,2096.5,8900
2011-08-18 16:20:00+00:00,33,1,12038,NQZ1,2092.75,2092.75,2087.25,2087.25,5
2011-08-18 16:20:00+00:00,33,1,56972,NQU1,2096.5,2098.5,2092.0,2092.75,6214
2011-08-18 16:30:00+00:00,33,1,56972,NQU1,2093.0,2094.5,2088.75,2090.0,3999
2011-08-18 16:40:00+00:00,33,1,12038,NQZ1,2084.0,2084.0,2084.0,2084.0,10
2011-08-18 16:40:00+00:00,33,1,56972,NQU1,2090.0,2091.25,2085.5,2088.0,3521
2011-08-18 16:50:00+00:00,33,1,12038,NQZ1,2082.5,2082.5,2082.5,2082.5,1
2011-08-18 16:50:00+00:00,33,1,56972,NQU1,2087.75,2089.75,2087.5,2089.0,2970
2011-08-18 17:00:00+00:00,33,1,12038,NQZ1,2083.5,2083.5,2075.25,2075.25,4
2011-08-18 17:00:00+00:00,33,1,56972,NQU1,2088.75,2090.25,2079.75,2081.25,5753
2011-08-18 17:10:00+00:00,33,1,12038,NQZ1,2076.0,2076.0,2073.75,2073.75,7
2011-08-18 17:10:00+00:00,33,1,56972,NQU1,2081.5,2082.75,2078.0,2081.5,3507
2011-08-18 17:20:00+00:00,33,1,8870,NQH2,2075.0,2075.0,2075.0,2075.0,1
2011-08-18 17:20:00+00:00,33,1,56972,NQU1,2081.5,2085.0,2080.0,2083.0,4170
2011-08-18 17:30:00+00:00,33,1,12038,NQZ1,2071.5,2071.5,2071.5,2071.5,1
2011-08-18 17:30:00+00:00,33,1,56972,NQU1,2083.0,2084.0,2073.25,2074.0,7406
2011-08-18 17:40:00+00:00,33,1,56972,NQU1,2074.25,2079.5,2073.0,2078.75,3727
2011-08-18 17:50:00+00:00,33,1,56972,NQU1,2078.75,2079.5,2069.5,2072.25,4303
2011-08-18 18:00:00+00:00,33,1,12038,NQZ1,2072.25,2077.75,2072.25,2073.25,4
2011-08-18 18:00:00+00:00,33,1,56972,NQU1,2072.25,2084.25,2072.25,2079.0,8490
2011-08-18 18:10:00+00:00,33,1,12038,NQZ1,2071.5,2071.5,2071.5,2071.5,1
2011-08-18 18:10:00+00:00,33,1,56972,NQU1,2079.0,2082.0,2074.75,2081.5,4270
2011-08-18 18:20:00+00:00,33,1,12038,NQZ1,2076.5,2076.5,2076.5,2076.5,1
2011-08-18 18:20:00+00:00,33,1,56972,NQU1,2081.25,2084.5,2077.25,2078.75,4452
2011-08-18 18:30:00+00:00,33,1,12038,NQZ1,2070.75,2070.75,2070.25,2070.25,3
2011-08-18 18:30:00+00:00,33,1,56972,NQU1,2078.5,2081.5,2074.5,2077.25,4797
2011-08-18 18:40:00+00:00,33,1,56972,NQU1,2077.75,2077.75,2071.0,2072.75,4620
2011-08-18 18:50:00+00:00,33,1,12038,NQZ1,2061.75,2066.0,2057.5,2057.5,9
2011-08-18 18:50:00+00:00,33,1,56972,NQU1,2072.75,2073.25,2063.0,2063.25,7053
2011-08-18 19:00:00+00:00,33,1,12038,NQZ1,2056.25,2059.75,2056.0,2059.75,5
2011-08-18 19:00:00+00:00,33,1,56972,NQU1,2063.25,2065.75,2058.0,2062.75,10278
2011-08-18 19:10:00+00:00,33,1,12038,NQZ1,2060.0,2060.0,2059.0,2059.0,2
2011-08-18 19:10:00+00:00,33,1,56972,NQU1,2062.5,2067.5,2059.25,2062.25,8932
2011-08-18 19:20:00+00:00,33,1,56972,NQU1,2062.5,2067.5,2059.5,2066.5,7417
2011-08-18 19:30:00+00:00,33,1,12038,NQZ1,2063.5,2063.5,2059.5,2059.5,3
2011-08-18 19:30:00+00:00,33,1,56972,NQU1,2066.75,2069.0,2062.25,2064.5,8149
2011-08-18 19:30:00+00:00,33,1,612349,NQU1-NQZ1,-5.25,-5.25,-5.25,-5.25,6
2011-08-18 19:40:00+00:00,33,1,12038,NQZ1,2052.0,2055.25,2051.5,2055.25,3
2011-08-18 19:40:00+00:00,33,1,56972,NQU1,2064.5,2065.0,2053.0,2061.75,14488
2011-08-18 19:50:00+00:00,33,1,12038,NQZ1,2060.5,2071.0,2060.5,2071.0,4
2011-08-18 19:50:00+00:00,33,1,56972,NQU1,2061.75,2080.5,2060.75,2073.75,26225
2011-08-18 19:50:00+00:00,33,1,612349,NQU1-NQZ1,-5.2,-5.2,-5.2,-5.2,5
2011-08-18 20:00:00+00:00,33,1,12038,NQZ1,2073.75,2076.75,2073.75,2075.5,5
2011-08-18 20:00:00+00:00,33,1,56972,NQU1,2073.75,2084.25,2073.0,2083.75,11538
2011-08-18 20:10:00+00:00,33,1,56972,NQU1,2084.0,2085.5,2081.75,2084.5,3103
2011-08-18 20:30:00+00:00,33,1,56972,NQU1,2084.75,2085.75,2082.25,2082.25,374
2011-08-18 20:40:00+00:00,33,1,56972,NQU1,2082.25,2086.5,2082.25,2085.5,65
2011-08-18 20:50:00+00:00,33,1,56972,NQU1,2085.5,2085.75,2083.0,2083.0,145
2011-08-18 21:00:00+00:00,33,1,56972,NQU1,2082.25,2082.75,2079.25,2081.0,200
2011-08-18 21:10:00+00:00,33,1,56972,NQU1,2081.25,2081.25,2080.25,2080.75,39
2011-08-18 21:20:00+00:00,33,1,56972,NQU1,2080.5,2085.25,2080.25,2085.25,107
2011-08-18 22:00:00+00:00,33,1,56972,NQU1,2082.75,2083.0,2080.0,2080.5,187
2011-08-18 22:10:00+00:00,33,1,56972,NQU1,2080.75,2080.75,2080.0,2080.0,81
2011-08-18 22:20:00+00:00,33,1,56972,NQU1,2080.0,2081.0,2079.5,2081.0,47
2011-08-18 22:30:00+00:00,33,1,56972,NQU1,2080.75,2083.5,2080.75,2083.0,96
2011-08-18 22:40:00+00:00,33,1,56972,NQU1,2083.0,2083.0,2079.5,2080.75,43
2011-08-18 22:50:00+00:00,33,1,56972,NQU1,2081.0,2084.25,2081.0,2084.0,73
2011-08-18 23:00:00+00:00,33,1,56972,NQU1,2084.0,2085.25,2083.25,2084.25,27
2011-08-18 23:10:00+00:00,33,1,56972,NQU1,2083.25,2083.25,2080.25,2080.25,74
2011-08-18 23:20:00+00:00,33,1,12038,NQZ1,2075.0,2075.0,2075.0,2075.0,1
2011-08-18 23:20:00+00:00,33,1,56972,NQU1,2080.25,2080.5,2076.5,2076.75,117
2011-08-18 23:30:00+00:00,33,1,56972,NQU1,2076.25,2077.5,2075.25,2076.0,104
2011-08-18 23:40:00+00:00,33,1,56972,NQU1,2076.0,2077.75,2075.5,2077.0,152
2011-08-18 23:50:00+00:00,33,1,56972,NQU1,2077.0,2077.5,2072.75,2073.5,303
2011-08-19 00:00:00+00:00,33,1,56972,NQU1,2073.5,2076.5,2072.25,2075.75,355
2011-08-19 00:10:00+00:00,33,1,56972,NQU1,2075.75,2077.5,2073.75,2073.75,134
2011-08-19 00:20:00+00:00,33,1,56972,NQU1,2073.75,2077.0,2072.75,2075.25,168
2011-08-19 00:30:00+00:00,33,1,56972,NQU1,2075.25,2076.25,2072.5,2073.5,123
2011-08-19 00:40:00+00:00,33,1,56972,NQU1,2073.25,2076.25,2073.0,2075.75,109
2011-08-19 00:50:00+00:00,33,1,56972,NQU1,2076.75,2077.0,2072.25,2072.5,120
2011-08-19 01:00:00+00:00,33,1,56972,NQU1,2073.0,2073.75,2069.5,2072.5,328
2011-08-19 01:10:00+00:00,33,1,56972,NQU1,2071.75,2072.0,2069.0,2069.0,224
2011-08-19 01:20:00+00:00,33,1,12038,NQZ1,2065.0,2065.0,2065.0,2065.0,1
2011-08-19 01:20:00+00:00,33,1,56972,NQU1,2069.0,2071.0,2066.25,2066.25,309
2011-08-19 01:30:00+00:00,33,1,56972,NQU1,2066.75,2069.25,2066.25,2068.75,205
2011-08-19 01:40:00+00:00,33,1,56972,NQU1,2068.75,2071.25,2068.5,2070.25,90
2011-08-19 01:50:00+00:00,33,1,56972,NQU1,2069.75,2070.75,2068.25,2069.5,110
2011-08-19 02:00:00+00:00,33,1,56972,NQU1,2069.75,2070.0,2067.5,2067.5,103
2011-08-19 02:10:00+00:00,33,1,56972,NQU1,2067.75,2070.75,2067.75,2070.75,68
2011-08-19 02:20:00+00:00,33,1,56972,NQU1,2070.75,2070.75,2067.5,2067.5,85
2011-08-19 02:30:00+00:00,33,1,56972,NQU1,2068.0,2069.75,2067.0,2069.5,61
2011-08-19 02:40:00+00:00,33,1,56972,NQU1,2070.0,2073.5,2069.75,2072.25,167
2011-08-19 02:50:00+00:00,33,1,56972,NQU1,2072.0,2072.5,2070.5,2071.25,84
2011-08-19 03:00:00+00:00,33,1,56972,NQU1,2071.0,2077.25,2071.0,2072.75,163
2011-08-19 03:10:00+00:00,33,1,56972,NQU1,2072.5,2073.5,2070.75,2070.75,126
2011-08-19 03:20:00+00:00,33,1,56972,NQU1,2070.5,2071.25,2066.25,2066.75,76
2011-08-19 03:30:00+00:00,33,1,56972,NQU1,2067.25,2070.25,2067.25,2069.25,95
2011-08-19 03:40:00+00:00,33,1,56972,NQU1,2068.5,2073.25,2066.25,2072.75,170
2011-08-19 03:50:00+00:00,33,1,56972,NQU1,2072.25,2073.25,2070.5,2070.75,54
2011-08-19 04:00:00+00:00,33,1,56972,NQU1,2071.75,2072.0,2068.5,2069.0,62
2011-08-19 04:10:00+00:00,33,1,56972,NQU1,2068.75,2070.5,2068.0,2069.25,103
2011-08-19 04:20:00+00:00,33,1,56972,NQU1,2069.0,2072.0,2068.25,2070.75,86
2011-08-19 04:30:00+00:00,33,1,56972,NQU1,2070.75,2071.0,2070.25,2071.0,20
2011-08-19 04:40:00+00:00,33,1,56972,NQU1,2071.5,2072.25,2070.75,2072.25,31
2011-08-19 04:50:00+00:00,33,1,56972,NQU1,2072.25,2072.75,2070.75,2070.75,43
2011-08-19 05:00:00+00:00,33,1,56972,NQU1,2071.25,2072.5,2071.0,2071.0,19
2011-08-19 05:10:00+00:00,33,1,56972,NQU1,2071.5,2071.5,2069.0,2070.25,36
2011-08-19 05:20:00+00:00,33,1,56972,NQU1,2070.0,2070.25,2068.75,2069.25,104
2011-08-19 05:30:00+00:00,33,1,56972,NQU1,2069.5,2069.75,2066.25,2067.5,343
2011-08-19 05:40:00+00:00,33,1,12038,NQZ1,2062.5,2062.5,2062.25,2062.25,2
2011-08-19 05:40:00+00:00,33,1,56972,NQU1,2067.75,2068.25,2065.0,2065.0,389
2011-08-19 05:50:00+00:00,33,1,56972,NQU1,2064.75,2068.0,2063.75,2066.0,222
2011-08-19 06:00:00+00:00,33,1,56972,NQU1,2066.25,2067.5,2064.25,2065.0,356
2011-08-19 06:10:00+00:00,33,1,56972,NQU1,2064.75,2069.0,2064.25,2065.5,357
2011-08-19 06:20:00+00:00,33,1,56972,NQU1,2065.75,2067.25,2065.0,2067.0,175
2011-08-19 06:30:00+00:00,33,1,56972,NQU1,2066.75,2067.5,2066.25,2067.25,112
2011-08-19 06:40:00+00:00,33,1,56972,NQU1,2067.25,2067.5,2065.75,2066.75,239
2011-08-19 06:50:00+00:00,33,1,56972,NQU1,2067.0,2076.0,2067.0,2074.75,346
2011-08-19 07:00:00+00:00,33,1,12038,NQZ1,2070.0,2070.0,2070.0,2070.0,5
2011-08-19 07:00:00+00:00,33,1,56972,NQU1,2074.75,2076.5,2064.25,2064.75,1196
2011-08-19 07:10:00+00:00,33,1,12038,NQZ1,2061.5,2061.5,2061.5,2061.5,1
2011-08-19 07:10:00+00:00,33,1,56972,NQU1,2065.25,2067.25,2061.5,2066.75,1140
2011-08-19 07:20:00+00:00,33,1,56972,NQU1,2067.0,2075.75,2066.25,2067.0,827
2011-08-19 07:30:00+00:00,33,1,56972,NQU1,2067.25,2068.25,2054.25,2055.0,2671
2011-08-19 07:40:00+00:00,33,1,12038,NQZ1,2048.5,2049.75,2042.75,2042.75,6
2011-08-19 07:40:00+00:00,33,1,56972,NQU1,2054.75,2056.0,2043.75,2048.25,2733
2011-08-19 07:50:00+00:00,33,1,12038,NQZ1,2038.75,2047.0,2035.75,2047.0,86
2011-08-19 07:50:00+00:00,33,1,56972,NQU1,2046.75,2053.25,2040.25,2051.75,2057
2011-08-19 08:00:00+00:00,33,1,12038,NQZ1,2046.5,2046.5,2045.0,2045.0,2
2011-08-19 08:00:00+00:00,33,1,56972,NQU1,2051.5,2054.5,2046.25,2053.5,807
2011-08-19 08:10:00+00:00,33,1,56972,NQU1,2053.25,2053.25,2042.5,2049.5,650
2011-08-19 08:20:00+00:00,33,1,12038,NQZ1,2049.75,2049.75,2045.5,2049.75,5
2011-08-19 08:20:00+00:00,33,1,56972,NQU1,2049.25,2056.5,2048.5,2048.75,657
2011-08-19 08:30:00+00:00,33,1,56972,NQU1,2049.25,2051.25,2044.5,2046.25,870
2011-08-19 08:40:00+00:00,33,1,56972,NQU1,2046.25,2051.0,2046.0,2047.75,592
2011-08-19 08:50:00+00:00,33,1,12038,NQZ1,2045.25,2045.25,2045.25,2045.25,1
2011-08-19 08:50:00+00:00,33,1,56972,NQU1,2048.0,2053.75,2048.0,2053.0,338
2011-08-19 09:00:00+00:00,33,1,12038,NQZ1,2052.5,2052.5,2052.5,2052.5,1
2011-08-19 09:00:00+00:00,33,1,56972,NQU1,2052.5,2057.5,2051.0,2053.5,318
2011-08-19 09:10:00+00:00,33,1,56972,NQU1,2053.0,2056.25,2050.75,2052.25,283
2011-08-19 09:20:00+00:00,33,1,56972,NQU1,2052.75,2057.75,2051.0,2056.75,445
2011-08-19 09:30:00+00:00,33,1,56972,NQU1,2057.0,2059.0,2053.25,2054.75,424
2011-08-19 09:40:00+00:00,33,1,12038,NQZ1,2043.0,2043.0,2043.0,2043.0,1
2011-08-19 09:40:00+00:00,33,1,56972,NQU1,2054.5,2055.25,2046.0,2048.25,405
2011-08-19 09:50:00+00:00,33,1,56972,NQU1,2047.75,2052.5,2046.75,2047.25,535
2011-08-19 10:00:00+00:00,33,1,56972,NQU1,2047.75,2052.25,2046.5,2050.5,244
2011-08-19 10:10:00+00:00,33,1,56972,NQU1,2050.5,2054.5,2050.5,2051.0,430
2011-08-19 10:20:00+00:00,33,1,56972,NQU1,2051.5,2054.0,2048.25,2050.25,728
2011-08-19 10:30:00+00:00,33,1,56972,NQU1,2049.75,2051.5,2047.5,2047.75,992
2011-08-19 10:40:00+00:00,33,1,12038,NQZ1,2035.25,2035.25,2035.25,2035.25,2
2011-08-19 10:40:00+00:00,33,1,56972,NQU1,2047.75,2049.25,2038.25,2040.5,1167
2011-08-19 10:50:00+00:00,33,1,12038,NQZ1,2033.75,2034.0,2033.75,2033.75,4
2011-08-19 10:50:00+00:00,33,1,56972,NQU1,2040.5,2047.75,2038.25,2045.75,871
2011-08-19 11:00:00+00:00,33,1,12038,NQZ1,2041.75,2041.75,2041.75,2041.75,2
2011-08-19 11:00:00+00:00,33,1,56972,NQU1,2045.25,2048.0,2041.5,2046.0,523
2011-08-19 11:10:00+00:00,33,1,56972,NQU1,2045.5,2053.25,2045.0,2052.75,1231
2011-08-19 11:20:00+00:00,33,1,12038,NQZ1,2046.75,2046.75,2046.75,2046.75,2
2011-08-19 11:20:00+00:00,33,1,56972,NQU1,2052.75,2055.25,2050.0,2054.75,924
2011-08-19 11:30:00+00:00,33,1,12038,NQZ1,2052.0,2052.0,2052.0,2052.0,2
2011-08-19 11:30:00+00:00,33,1,56972,NQU1,2055.25,2061.0,2054.25,2060.0,1628
2011-08-19 11:40:00+00:00,33,1,12038,NQZ1,2055.5,2055.5,2055.5,2055.5,1
2011-08-19 11:40:00+00:00,33,1,56972,NQU1,2060.0,2062.0,2059.5,2061.5,1129
2011-08-19 11:50:00+00:00,33,1,12038,NQZ1,2055.0,2057.75,2055.0,2057.75,4
2011-08-19 11:50:00+00:00,33,1,56972,NQU1,2061.25,2069.0,2059.75,2066.5,2726
2011-08-19 12:00:00+00:00,33,1,12038,NQZ1,2061.0,2061.0,2061.0,2061.0,1
2011-08-19 12:00:00+00:00,33,1,56972,NQU1,2066.5,2074.75,2065.5,2072.0,2458
2011-08-19 12:10:00+00:00,33,1,12038,NQZ1,2068.5,2068.5,2064.0,2064.0,2
2011-08-19 12:10:00+00:00,33,1,56972,NQU1,2072.25,2075.5,2068.25,2068.5,1183
2011-08-19 12:20:00+00:00,33,1,12038,NQZ1,2060.0,2060.0,2060.0,2060.0,1
2011-08-19 12:20:00+00:00,33,1,56972,NQU1,2068.75,2070.0,2063.25,2066.25,1175
2011-08-19 12:30:00+00:00,33,1,56972,NQU1,2066.25,2066.5,2058.5,2060.5,2907
2011-08-19 12:40:00+00:00,33,1,56972,NQU1,2060.75,2061.0,2056.5,2060.0,1666
2011-08-19 12:50:00+00:00,33,1,56972,NQU1,2060.0,2062.0,2057.25,2057.25,2193
2011-08-19 13:00:00+00:00,33,1,56972,NQU1,2057.25,2058.5,2055.0,2055.5,1460
2011-08-19 13:10:00+00:00,33,1,12038,NQZ1,2051.0,2051.0,2051.0,2051.0,4
2011-08-19 13:10:00+00:00,33,1,56972,NQU1,2055.5,2057.0,2054.25,2055.75,1192
2011-08-19 13:20:00+00:00,33,1,56972,NQU1,2055.5,2056.5,2050.5,2052.0,4752
2011-08-19 13:30:00+00:00,33,1,8870,NQH2,2072.75,2072.75,2072.75,2072.75,1
2011-08-19 13:30:00+00:00,33,1,12038,NQZ1,2046.25,2068.0,2043.0,2067.5,20
2011-08-19 13:30:00+00:00,33,1,56972,NQU1,2052.0,2077.25,2050.75,2075.25,29386
2011-08-19 13:40:00+00:00,33,1,12038,NQZ1,2073.75,2073.75,2066.0,2066.0,18
2011-08-19 13:40:00+00:00,33,1,56972,NQU1,2075.0,2081.25,2065.75,2065.75,16355
2011-08-19 13:50:00+00:00,33,1,12038,NQZ1,2061.0,2062.5,2061.0,2062.5,2
2011-08-19 13:50:00+00:00,33,1,56972,NQU1,2066.0,2080.25,2062.5,2078.25,12030
2011-08-19 14:00:00+00:00,33,1,12038,NQZ1,2076.75,2078.0,2072.0,2072.0,34
2011-08-19 14:00:00+00:00,33,1,56972,NQU1,2078.75,2086.0,2074.25,2079.75,14898
2011-08-19 14:10:00+00:00,33,1,8870,NQH2,2075.0,2075.0,2075.0,2075.0,1
2011-08-19 14:10:00+00:00,33,1,12038,NQZ1,2073.0,2085.75,2073.0,2083.5,31
2011-08-19 14:10:00+00:00,33,1,56972,NQU1,2079.75,2091.25,2077.0,2088.75,12530
2011-08-19 14:10:00+00:00,33,1,612349,NQU1-NQZ1,-5.4,-5.4,-5.4,-5.4,1
2011-08-19 14:10:00+00:00,33,1,688702,NQZ1-NQH2,-5.05,-5.05,-5.05,-5.05,1
2011-08-19 14:20:00+00:00,33,1,12038,NQZ1,2080.75,2095.0,2080.75,2094.0,9
2011-08-19 14:20:00+00:00,33,1,56972,NQU1,2088.5,2102.0,2083.5,2098.25,15755
2011-08-19 14:30:00+00:00,33,1,12038,NQZ1,2093.25,2093.25,2090.5,2090.5,2
2011-08-19 14:30:00+00:00,33,1,56972,NQU1,2098.25,2100.5,2087.5,2088.25,9466
2011-08-19 14:40:00+00:00,33,1,56972,NQU1,2088.5,2090.5,2080.25,2087.0,8850
2011-08-19 14:50:00+00:00,33,1,56972,NQU1,2087.0,2089.5,2081.5,2084.25,5483
2011-08-19 15:00:00+00:00,33,1,12038,NQZ1,2071.5,2071.5,2069.0,2069.25,4
2011-08-19 15:00:00+00:00,33,1,56972,NQU1,2084.25,2088.0,2075.0,2075.25,6275
2011-08-19 15:10:00+00:00,33,1,12038,NQZ1,2070.5,2071.0,2061.25,2066.25,5
2011-08-19 15:10:00+00:00,33,1,56972,NQU1,2075.25,2077.0,2065.75,2070.25,9250
2011-08-19 15:20:00+00:00,33,1,12038,NQZ1,2069.25,2069.25,2067.75,2067.75,2
2011-08-19 15:20:00+00:00,33,1,56972,NQU1,2070.0,2075.75,2068.5,2071.5,5734
2011-08-19 15:30:00+00:00,33,1,12038,NQZ1,2067.5,2067.5,2066.75,2067.0,5
2011-08-19 15:30:00+00:00,33,1,56972,NQU1,2071.75,2075.75,2066.5,2071.25,7698
2011-08-19 15:40:00+00:00,33,1,12038,NQZ1,2067.5,2071.0,2067.5,2071.0,2
2011-08-19 15:40:00+00:00,33,1,56972,NQU1,2071.5,2080.0,2071.0,2075.5,6581
2011-08-19 15:50:00+00:00,33,1,12038,NQZ1,2073.25,2073.25,2071.25,2071.25,2
2011-08-19 15:50:00+00:00,33,1,56972,NQU1,2075.25,2082.0,2075.25,2081.5,4711
2011-08-19 16:00:00+00:00,33,1,12038,NQZ1,2071.75,2071.75,2071.75,2071.75,1
2011-08-19 16:00:00+00:00,33,1,56972,NQU1,2081.75,2083.0,2076.25,2077.75,5118
2011-08-19 16:10:00+00:00,33,1,56972,NQU1,2078.0,2078.25,2074.5,2075.5,2217
2011-08-19 16:20:00+00:00,33,1,56972,NQU1,2075.75,2076.0,2070.25,2075.0,3036
2011-08-19 16:30:00+00:00,33,1,12038,NQZ1,2071.25,2071.25,2071.25,2071.25,1
2011-08-19 16:30:00+00:00,33,1,56972,NQU1,2075.0,2078.0,2073.25,2073.5,3504
2011-08-19 16:40:00+00:00,33,1,56972,NQU1,2073.75,2080.0,2072.25,2079.75,2819
2011-08-19 16:50:00+00:00,33,1,12038,NQZ1,2071.0,2071.0,2071.0,2071.0,1
2011-08-19 16:50:00+00:00,33,1,56972,NQU1,2080.0,2080.0,2073.25,2073.75,2532
2011-08-19 17:00:00+00:00,33,1,12038,NQZ1,2065.0,2066.0,2065.0,2065.75,5
2011-08-19 17:00:00+00:00,33,1,56972,NQU1,2073.75,2076.0,2070.0,2075.5,3063
2011-08-19 17:10:00+00:00,33,1,56972,NQU1,2075.25,2077.5,2070.75,2074.0,3002
2011-08-19 17:20:00+00:00,33,1,56972,NQU1,2074.0,2074.25,2069.75,2071.5,2900
2011-08-19 17:30:00+00:00,33,1,12038,NQZ1,2063.75,2063.75,2059.0,2061.0,5
2011-08-19 17:30:00+00:00,33,1,56972,NQU1,2071.25,2072.75,2063.25,2064.25,6277
2011-08-19 17:40:00+00:00,33,1,12038,NQZ1,2057.0,2057.0,2057.0,2057.0,1
2011-08-19 17:40:00+00:00,33,1,56972,NQU1,2064.25,2065.5,2058.0,2065.0,5839
2011-08-19 17:40:00+00:00,33,1,612349,NQU1-NQZ1,-5.25,-5.25,-5.25,-5.25,903
2011-08-19 17:50:00+00:00,33,1,56972,NQU1,2064.75,2065.0,2060.75,2061.75,2383
2011-08-19 17:50:00+00:00,33,1,612349,NQU1-NQZ1,-5.25,-5.25,-5.25,-5.25,97
2011-08-19 18:00:00+00:00,33,1,12038,NQZ1,2055.5,2057.0,2048.0,2048.0,20
2011-08-19 18:00:00+00:00,33,1,56972,NQU1,2061.75,2064.5,2053.75,2056.5,6637
2011-08-19 18:10:00+00:00,33,1,12038,NQZ1,2051.0,2051.0,2051.0,2051.0,1
2011-08-19 18:10:00+00:00,33,1,56972,NQU1,2056.5,2057.25,2050.25,2051.0,5387
2011-08-19 18:20:00+00:00,33,1,12038,NQZ1,2043.0,2043.0,2039.75,2042.25,8
2011-08-19 18:20:00+00:00,33,1,56972,NQU1,2051.25,2051.25,2045.25,2048.75,9834
2011-08-19 18:30:00+00:00,33,1,12038,NQZ1,2045.0,2045.0,2040.25,2040.25,5
2011-08-19 18:30:00+00:00,33,1,56972,NQU1,2048.75,2052.75,2043.5,2052.5,5393
2011-08-19 18:40:00+00:00,33,1,12038,NQZ1,2046.0,2050.75,2042.75,2043.25,14
2011-08-19 18:40:00+00:00,33,1,56972,NQU1,2052.25,2056.0,2047.75,2048.25,5494
2011-08-19 18:50:00+00:00,33,1,12038,NQZ1,2045.5,2045.5,2038.0,2038.0,2
2011-08-19 18:50:00+00:00,33,1,56972,NQU1,2048.25,2050.5,2042.75,2045.25,6534
2011-08-19 18:50:00+00:00,33,1,612349,NQU1-NQZ1,-5.35,-5.35,-5.35,-5.35,35
2011-08-19 19:00:00+00:00,33,1,12038,NQZ1,2042.0,2042.0,2042.0,2042.0,1
2011-08-19 19:00:00+00:00,33,1,56972,NQU1,2045.5,2048.0,2040.5,2043.0,6358
2011-08-19 19:10:00+00:00,33,1,12038,NQZ1,2039.5,2039.5,2028.75,2032.75,7
2011-08-19 19:10:00+00:00,33,1,56972,NQU1,2043.25,2045.5,2033.75,2039.0,8452
2011-08-19 19:20:00+00:00,33,1,12038,NQZ1,2034.0,2042.5,2034.0,2040.75,13
2011-08-19 19:20:00+00:00,33,1,56972,NQU1,2039.0,2048.5,2038.5,2046.0,8219
2011-08-19 19:30:00+00:00,33,1,12038,NQZ1,2031.5,2031.5,2031.5,2031.5,1
2011-08-19 19:30:00+00:00,33,1,56972,NQU1,2046.25,2046.75,2036.75,2040.5,7453
2011-08-19 19:30:00+00:00,33,1,612349,NQU1-NQZ1,-5.35,-5.35,-5.35,-5.35,1
2011-08-19 19:40:00+00:00,33,1,12038,NQZ1,2035.0,2040.0,2035.0,2040.0,3
2011-08-19 19:40:00+00:00,33,1,56972,NQU1,2040.5,2045.5,2035.25,2044.75,9853
2011-08-19 19:50:00+00:00,33,1,12038,NQZ1,2041.0,2041.0,2033.0,2033.0,3
2011-08-19 19:50:00+00:00,33,1,56972,NQU1,2044.5,2048.5,2035.0,2035.5,18146
2011-08-19 20:00:00+00:00,33,1,12038,NQZ1,2034.0,2034.25,2034.0,2034.25,3
2011-08-19 20:00:00+00:00,33,1,56972,NQU1,2035.75,2042.25,2035.0,2041.0,7993
2011-08-19 20:10:00+00:00,33,1,56972,NQU1,2041.0,2044.5,2038.0,2042.5,2754
2011-08-19 20:10:00+00:00,33,1,612349,NQU1-NQZ1,-5.4,-5.4,-5.4,-5.4,1
2011-08-21 22:00:00+00:00,33,1,12038,NQZ1,2030.0,2030.0,2030.0,2030.0,1
2011-08-21 22:00:00+00:00,33,1,56972,NQU1,2041.0,2041.0,2030.25,2030.5,463
2011-08-21 22:00:00+00:00,33,1,612349,NQU1-NQZ1,-5.5,-5.5,-5.5,-5.5,1
2011-08-21 22:10:00+00:00,33,1,56972,NQU1,2030.75,2031.75,2023.25,2025.0,441
2011-08-21 22:20:00+00:00,33,1,56972,NQU1,2024.5,2030.5,2022.25,2026.25,292
2011-08-21 22:30:00+00:00,33,1,12038,NQZ1,2025.0,2025.0,2025.0,2025.0,1
2011-08-21 22:30:00+00:00,33,1,56972,NQU1,2026.0,2030.5,2026.0,2029.75,34
2011-08-21 22:40:00+00:00,33,1,56972,NQU1,2029.25,2030.75,2028.75,2029.0,30
2011-08-21 22:50:00+00:00,33,1,56972,NQU1,2029.0,2029.0,2026.5,2028.5,40
2011-08-21 23:00:00+00:00,33,1,12038,NQZ1,2025.0,2025.75,2025.0,2025.75,2
2011-08-21 23:00:00+00:00,33,1,56972,NQU1,2029.0,2034.0,2029.0,2032.0,104
2011-08-21 23:10:00+00:00,33,1,12038,NQZ1,2026.0,2026.0,2026.0,2026.0,1
2011-08-21 23:10:00+00:00,33,1,56972,NQU1,2032.25,2033.0,2027.25,2029.75,51
2011-08-21 23:20:00+00:00,33,1,12038,NQZ1,2023.5,2023.5,2023.5,2023.5,1
2011-08-21 23:20:00+00:00,33,1,56972,NQU1,2029.25,2029.25,2026.25,2027.5,71
2011-08-21 23:30:00+00:00,33,1,56972,NQU1,2027.75,2031.0,2027.75,2031.0,66
2011-08-21 23:40:00+00:00,33,1,12038,NQZ1,2026.25,2026.5,2026.25,2026.5,2
2011-08-21 23:40:00+00:00,33,1,56972,NQU1,2031.5,2032.25,2028.25,2028.75,84
2011-08-21 23:50:00+00:00,33,1,56972,NQU1,2029.25,2033.75,2029.0,2033.75,47
2011-08-22 00:00:00+00:00,33,1,56972,NQU1,2033.5,2038.0,2033.25,2035.75,201
2011-08-22 00:10:00+00:00,33,1,56972,NQU1,2035.5,2037.25,2034.25,2036.0,107
2011-08-22 00:20:00+00:00,33,1,56972,NQU1,2035.5,2038.0,2033.25,2033.75,112
2011-08-22 00:30:00+00:00,33,1,56972,NQU1,2033.0,2033.0,2028.5,2031.0,163
2011-08-22 00:40:00+00:00,33,1,12038,NQZ1,2027.0,2027.0,2027.0,2027.0,1
2011-08-22 00:40:00+00:00,33,1,56972,NQU1,2030.75,2032.25,2029.5,2031.5,78
2011-08-22 00:50:00+00:00,33,1,56972,NQU1,2031.75,2034.5,2031.75,2033.75,110
2011-08-22 01:00:00+00:00,33,1,56972,NQU1,2033.75,2035.25,2032.5,2034.5,323
2011-08-22 01:10:00+00:00,33,1,56972,NQU1,2034.0,2039.75,2034.0,2039.75,147
2011-08-22 01:20:00+00:00,33,1,56972,NQU1,2039.75,2043.5,2034.75,2042.0,222
2011-08-22 01:30:00+00:00,33,1,56972,NQU1,2042.25,2045.25,2040.5,2045.25,152
2011-08-22 01:40:00+00:00,33,1,56972,NQU1,2045.25,2047.75,2045.25,2047.25,192
2011-08-22 01:50:00+00:00,33,1,56972,NQU1,2047.5,2053.75,2047.5,2052.0,353
2011-08-22 02:00:00+00:00,33,1,56972,NQU1,2052.0,2054.5,2049.5,2051.75,251
2011-08-22 02:10:00+00:00,33,1,56972,NQU1,2051.5,2057.5,2050.0,2051.25,297
2011-08-22 02:20:00+00:00,33,1,12038,NQZ1,2046.25,2046.25,2046.25,2046.25,1
2011-08-22 02:20:00+00:00,33,1,56972,NQU1,2051.5,2051.5,2047.75,2049.5,88
2011-08-22 02:30:00+00:00,33,1,12038,NQZ1,2046.25,2046.25,2046.0,2046.0,2
2011-08-22 02:30:00+00:00,33,1,56972,NQU1,2049.75,2052.0,2047.5,2047.5,140
2011-08-22 02:40:00+00:00,33,1,12038,NQZ1,2045.5,2045.5,2045.5,2045.5,4
2011-08-22 02:40:00+00:00,33,1,56972,NQU1,2047.0,2051.25,2046.25,2051.0,112
2011-08-22 02:50:00+00:00,33,1,56972,NQU1,2051.25,2053.5,2046.0,2046.25,173
2011-08-22 03:00:00+00:00,33,1,56972,NQU1,2046.0,2046.75,2043.25,2045.0,150
2011-08-22 03:10:00+00:00,33,1,56972,NQU1,2045.5,2047.75,2040.0,2041.75,127
2011-08-22 03:20:00+00:00,33,1,12038,NQZ1,2035.0,2035.0,2035.0,2035.0,1
2011-08-22 03:20:00+00:00,33,1,56972,NQU1,2041.25,2041.25,2037.5,2037.5,144
2011-08-22 03:30:00+00:00,33,1,12038,NQZ1,2035.5,2035.5,2035.5,2035.5,1
2011-08-22 03:30:00+00:00,33,1,56972,NQU1,2038.0,2042.0,2036.0,2037.0,148
2011-08-22 03:40:00+00:00,33,1,56972,NQU1,2037.25,2041.5,2035.25,2038.5,144
2011-08-22 03:50:00+00:00,33,1,56972,NQU1,2038.25,2040.0,2037.25,2039.75,112
2011-08-22 04:00:00+00:00,33,1,56972,NQU1,2039.75,2040.75,2037.0,2040.0,61
2011-08-22 04:10:00+00:00,33,1,56972,NQU1,2040.75,2041.0,2038.0,2038.0,43
2011-08-22 04:20:00+00:00,33,1,56972,NQU1,2037.75,2040.25,2037.0,2040.0,34
2011-08-22 04:30:00+00:00,33,1,12038,NQZ1,2034.25,2034.25,2034.25,2034.25,3
2011-08-22 04:30:00+00:00,33,1,56972,NQU1,2040.0,2041.25,2039.5,2040.75,27
2011-08-22 04:40:00+00:00,33,1,56972,NQU1,2040.75,2040.75,2038.5,2040.25,41
2011-08-22 04:50:00+00:00,33,1,56972,NQU1,2040.5,2041.25,2036.75,2036.75,50
2011-08-22 05:00:00+00:00,33,1,56972,NQU1,2036.5,2039.0,2034.25,2037.5,109
2011-08-22 05:10:00+00:00,33,1,56972,NQU1,2037.25,2037.5,2034.5,2037.25,70
2011-08-22 05:20:00+00:00,33,1,56972,NQU1,2037.0,2039.0,2035.25,2036.5,47
2011-08-22 05:30:00+00:00,33,1,56972,NQU1,2035.0,2038.25,2033.75,2037.75,66
2011-08-22 05:40:00+00:00,33,1,56972,NQU1,2037.75,2038.25,2033.75,2034.25,116
2011-08-22 05:50:00+00:00,33,1,56972,NQU1,2034.25,2037.5,2033.75,2035.75,95
2011-08-22 06:00:00+00:00,33,1,56972,NQU1,2035.25,2041.0,2035.0,2038.0,190
2011-08-22 06:10:00+00:00,33,1,12038,NQZ1,2036.0,2036.0,2034.75,2034.75,2
2011-08-22 06:10:00+00:00,33,1,56972,NQU1,2038.0,2040.75,2036.75,2039.25,144
2011-08-22 06:20:00+00:00,33,1,56972,NQU1,2039.75,2041.25,2037.0,2037.75,151
2011-08-22 06:30:00+00:00,33,1,12038,NQZ1,2030.0,2031.0,2030.0,2031.0,2
2011-08-22 06:30:00+00:00,33,1,56972,NQU1,2037.5,2038.0,2034.0,2035.0,130
2011-08-22 06:40:00+00:00,33,1,12038,NQZ1,2029.5,2029.5,2029.5,2029.5,1
2011-08-22 06:40:00+00:00,33,1,56972,NQU1,2035.25,2036.0,2028.75,2029.5,407
2011-08-22 06:50:00+00:00,33,1,12038,NQZ1,2028.75,2028.75,2028.75,2028.75,1
2011-08-22 06:50:00+00:00,33,1,56972,NQU1,2029.75,2033.5,2029.0,2033.5,157
2011-08-22 07:00:00+00:00,33,1,12038,NQZ1,2039.0,2039.0,2037.75,2037.75,2
2011-08-22 07:00:00+00:00,33,1,56972,NQU1,2033.5,2047.25,2033.5,2041.25,1097
2011-08-22 07:10:00+00:00,33,1,56972,NQU1,2041.5,2051.0,2039.25,2045.75,1162
2011-08-22 07:20:00+00:00,33,1,56972,NQU1,2045.5,2048.25,2042.75,2044.75,631
2011-08-22 07:30:00+00:00,33,1,12038,NQZ1,2039.5,2043.5,2039.5,2043.5,3
2011-08-22 07:30:00+00:00,33,1,56972,NQU1,2044.75,2050.5,2042.25,2049.25,653
2011-08-22 07:40:00+00:00,33,1,56972,NQU1,2049.5,2058.0,2049.5,2058.0,990
2011-08-22 07:50:00+00:00,33,1,56972,NQU1,2057.5,2066.5,2057.5,2065.5,1080
2011-08-22 08:00:00+00:00,33,1,12038,NQZ1,2058.25,2058.25,2058.25,2058.25,1
2011-08-22 08:00:00+00:00,33,1,56972,NQU1,2064.75,2065.75,2059.25,2061.75,631
2011-08-22 08:10:00+00:00,33,1,12038,NQZ1,2058.25,2058.25,2058.25,2058.25,1
2011-08-22 08:10:00+00:00,33,1,56972,NQU1,2061.75,2065.5,2060.25,2063.5,783
2011-08-22 08:20:00+00:00,33,1,12038,NQZ1,2050.5,2050.5,2050.5,2050.5,1
2011-08-22 08:20:00+00:00,33,1,56972,NQU1,2063.0,2063.5,2056.0,2060.5,284
2011-08-22 08:30:00+00:00,33,1,56972,NQU1,2060.5,2063.0,2059.0,2060.5,144
2011-08-22 08:40:00+00:00,33,1,56972,NQU1,2060.25,2062.5,2058.25,2060.5,243
2011-08-22 08:50:00+00:00,33,1,56972,NQU1,2061.75,2066.75,2061.75,2065.0,413
2011-08-22 09:00:00+00:00,33,1,56972,NQU1,2064.75,2066.5,2063.5,2065.0,258
2011-08-22 09:10:00+00:00,33,1,12038,NQZ1,2061.25,2061.25,2061.25,2061.25,1
2011-08-22 09:10:00+00:00,33,1,56972,NQU1,2065.75,2068.0,2064.0,2066.5,549
2011-08-22 09:20:00+00:00,33,1,12038,NQZ1,2061.0,2061.0,2061.0,2061.0,1
2011-08-22 09:20:00+00:00,33,1,56972,NQU1,2066.25,2066.75,2062.25,2062.75,229
2011-08-22 09:30:00+00:00,33,1,56972,NQU1,2062.25,2063.75,2060.75,2061.75,471
2011-08-22 09:40:00+00:00,33,1,56972,NQU1,2061.75,2065.75,2061.5,2063.5,296
2011-08-22 09:50:00+00:00,33,1,56972,NQU1,2063.0,2064.5,2060.5,2060.5,174
2011-08-22 10:00:00+00:00,33,1,12038,NQZ1,2056.0,2056.0,2056.0,2056.0,1
2011-08-22 10:00:00+00:00,33,1,56972,NQU1,2060.75,2061.25,2058.5,2061.0,183
2011-08-22 10:10:00+00:00,33,1,56972,NQU1,2060.0,2063.5,2060.0,2063.0,161
2011-08-22 10:20:00+00:00,33,1,56972,NQU1,2063.25,2065.75,2063.25,2064.5,170
2011-08-22 10:30:00+00:00,33,1,12038,NQZ1,2058.75,2058.75,2058.75,2058.75,1
2011-08-22 10:30:00+00:00,33,1,56972,NQU1,2065.0,2066.25,2063.25,2063.5,267
2011-08-22 10:40:00+00:00,33,1,56972,NQU1,2063.25,2067.75,2063.0,2067.0,327
2011-08-22 10:50:00+00:00,33,1,12038,NQZ1,2063.25,2063.25,2061.0,2061.0,2
2011-08-22 10:50:00+00:00,33,1,56972,NQU1,2067.0,2069.75,2066.75,2066.75,264
2011-08-22 11:00:00+00:00,33,1,12038,NQZ1,2061.0,2061.0,2061.0,2061.0,3
2011-08-22 11:00:00+00:00,33,1,56972,NQU1,2066.5,2068.75,2066.0,2068.75,205
2011-08-22 11:10:00+00:00,33,1,12038,NQZ1,2064.0,2064.0,2064.0,2064.0,5
2011-08-22 11:10:00+00:00,33,1,56972,NQU1,2068.5,2073.75,2067.5,2072.75,639
2011-08-22 11:20:00+00:00,33,1,12038,NQZ1,2068.75,2068.75,2066.0,2066.0,4
2011-08-22 11:20:00+00:00,33,1,56972,NQU1,2073.25,2073.5,2071.25,2073.5,181
2011-08-22 11:30:00+00:00,33,1,12038,NQZ1,2069.5,2072.5,2069.5,2072.5,3
2011-08-22 11:30:00+00:00,33,1,56972,NQU1,2073.75,2078.5,2072.25,2077.5,485
2011-08-22 11:40:00+00:00,33,1,56972,NQU1,2077.25,2080.75,2075.25,2078.75,673
2011-08-22 11:50:00+00:00,33,1,12038,NQZ1,2075.0,2075.0,2075.0,2075.0,1
2011-08-22 11:50:00+00:00,33,1,56972,NQU1,2078.75,2080.5,2076.0,2078.5,908
2011-08-22 12:00:00+00:00,33,1,12038,NQZ1,2072.0,2072.0,2072.0,2072.0,2
2011-08-22 12:00:00+00:00,33,1,56972,NQU1,2078.5,2079.25,2074.75,2074.75,392
2011-08-22 12:10:00+00:00,33,1,12038,NQZ1,2069.75,2069.75,2068.25,2068.25,5
2011-08-22 12:10:00+00:00,33,1,56972,NQU1,2075.0,2075.75,2072.0,2072.0,782
2011-08-22 12:20:00+00:00,33,1,12038,NQZ1,2067.0,2067.0,2067.0,2067.0,1
2011-08-22 12:20:00+00:00,33,1,56972,NQU1,2071.75,2072.25,2069.25,2071.5,662
2011-08-22 12:30:00+00:00,33,1,12038,NQZ1,2069.25,2071.75,2069.25,2071.75,6
2011-08-22 12:30:00+00:00,33,1,56972,NQU1,2071.5,2077.75,2071.5,2077.25,999
2011-08-22 12:40:00+00:00,33,1,12038,NQZ1,2075.5,2075.5,2075.5,2075.5,4
2011-08-22 12:40:00+00:00,33,1,56972,NQU1,2077.25,2080.75,2076.25,2078.25,1138
2011-08-22 12:50:00+00:00,33,1,12038,NQZ1,2073.75,2073.75,2073.25,2073.25,2
2011-08-22 12:50:00+00:00,33,1,56972,NQU1,2078.5,2080.25,2078.0,2079.0,323
2011-08-22 13:00:00+00:00,33,1,12038,NQZ1,2075.25,2077.5,2073.25,2077.5,5
2011-08-22 13:00:00+00:00,33,1,56972,NQU1,2078.75,2083.0,2078.5,2083.0,1104
2011-08-22 13:10:00+00:00,33,1,12038,NQZ1,2077.5,2077.5,2077.5,2077.5,1
2011-08-22 13:10:00+00:00,33,1,56972,NQU1,2083.0,2083.0,2080.75,2082.25,852
2011-08-22 13:10:00+00:00,33,1,612349,NQU1-NQZ1,-5.0,-5.0,-5.0,-5.0,50
2011-08-22 13:20:00+00:00,33,1,12038,NQZ1,2077.0,2077.75,2077.0,2077.75,7
2011-08-22 13:20:00+00:00,33,1,56972,NQU1,2082.5,2085.5,2081.75,2083.25,2584
2011-08-22 13:30:00+00:00,33,1,12038,NQZ1,2074.75,2074.75,2070.5,2072.75,9
2011-08-22 13:30:00+00:00,33,1,56972,NQU1,2083.5,2084.75,2074.75,2077.5,14767
2011-08-22 13:40:00+00:00,33,1,12038,NQZ1,2074.0,2074.0,2066.5,2066.5,10
2011-08-22 13:40:00+00:00,33,1,56972,NQU1,2077.5,2080.75,2068.5,2078.25,10640
2011-08-22 13:50:00+00:00,33,1,12038,NQZ1,2073.75,2073.75,2061.75,2061.75,10
2011-08-22 13:50:00+00:00,33,1,56972,NQU1,2078.0,2079.25,2065.75,2067.75,9204
2011-08-22 14:00:00+00:00,33,1,12038,NQZ1,2062.25,2066.25,2058.5,2058.5,4
2011-08-22 14:00:00+00:00,33,1,56972,NQU1,2067.75,2072.25,2061.75,2062.5,7533
2011-08-22 14:10:00+00:00,33,1,56972,NQU1,2062.5,2070.75,2058.25,2070.25,7421
2011-08-22 14:20:00+00:00,33,1,12038,NQZ1,2066.75,2071.5,2065.0,2067.5,8
2011-08-22 14:20:00+00:00,33,1,56972,NQU1,2070.5,2076.25,2067.75,2073.25,6702
2011-08-22 14:30:00+00:00,33,1,12038,NQZ1,2070.5,2070.5,2066.0,2066.0,4
2011-08-22 14:30:00+00:00,33,1,56972,NQU1,2073.5,2078.0,2066.5,2068.0,5019
2011-08-22 14:40:00+00:00,33,1,56972,NQU1,2068.25,2070.75,2064.25,2068.5,3958
2011-08-22 14:50:00+00:00,33,1,12038,NQZ1,2054.0,2054.0,2051.75,2053.75,3
2011-08-22 14:50:00+00:00,33,1,56972,NQU1,2068.5,2073.0,2055.75,2056.5,6705
2011-08-22 15:00:00+00:00,33,1,12038,NQZ1,2053.25,2053.25,2049.75,2052.25,15
2011-08-22 15:00:00+00:00,33,1,56972,NQU1,2056.25,2060.5,2054.5,2058.0,9838
2011-08-22 15:10:00+00:00,33,1,56972,NQU1,2058.0,2058.25,2051.5,2053.5,6424
2011-08-22 15:20:00+00:00,33,1,12038,NQZ1,2047.0,2047.0,2040.5,2043.0,3
2011-08-22 15:20:00+00:00,33,1,56972,NQU1,2053.25,2053.25,2044.75,2050.0,6477
2011-08-22 15:30:00+00:00,33,1,12038,NQZ1,2047.75,2047.75,2040.0,2040.0,2
2011-08-22 15:30:00+00:00,33,1,56972,NQU1,2050.25,2053.75,2040.5,2042.5,4719
2011-08-22 15:40:00+00:00,33,1,56972,NQU1,2043.0,2043.0,2036.75,2042.5,6128
2011-08-22 15:50:00+00:00,33,1,12038,NQZ1,2033.25,2034.5,2033.25,2034.5,2
2011-08-22 15:50:00+00:00,33,1,56972,NQU1,2042.5,2042.75,2036.5,2039.25,6274
2011-08-22 16:00:00+00:00,33,1,12038,NQZ1,2034.0,2034.0,2034.0,2034.0,2
2011-08-22 16:00:00+00:00,33,1,56972,NQU1,2039.25,2047.5,2038.0,2047.25,3465
2011-08-22 16:10:00+00:00,33,1,12038,NQZ1,2041.0,2045.0,2041.0,2045.0,4
2011-08-22 16:10:00+00:00,33,1,56972,NQU1,2047.5,2051.5,2044.75,2051.5,3203
2011-08-22 16:20:00+00:00,33,1,12038,NQZ1,2048.75,2048.75,2045.5,2045.5,2
2011-08-22 16:20:00+00:00,33,1,56972,NQU1,2051.75,2055.75,2048.5,2049.5,3863
2011-08-22 16:30:00+00:00,33,1,12038,NQZ1,2044.0,2044.0,2039.75,2039.75,3
2011-08-22 16:30:00+00:00,33,1,56972,NQU1,2049.25,2052.25,2043.0,2045.5,3531
2011-08-22 16:40:00+00:00,33,1,12038,NQZ1,2042.75,2044.75,2042.75,2044.75,4
2011-08-22 16:40:00+00:00,33,1,56972,NQU1,2045.75,2057.5,2042.75,2056.25,4324
2011-08-22 16:50:00+00:00,33,1,12038,NQZ1,2051.25,2055.25,2051.25,2055.25,11
2011-08-22 16:50:00+00:00,33,1,56972,NQU1,2056.25,2063.75,2052.5,2062.5,4873
2011-08-22 17:00:00+00:00,33,1,12038,NQZ1,2057.0,2060.0,2057.0,2059.0,5
2011-08-22 17:00:00+00:00,33,1,56972,NQU1,2062.25,2066.75,2060.25,2063.75,3961
2011-08-22 17:10:00+00:00,33,1,12038,NQZ1,2055.5,2056.5,2055.25,2056.5,4
2011-08-22 17:10:00+00:00,33,1,56972,NQU1,2064.0,2064.25,2058.0,2061.5,3515
2011-08-22 17:20:00+00:00,33,1,12038,NQZ1,2057.25,2057.25,2052.25,2055.0,4
2011-08-22 17:20:00+00:00,33,1,56972,NQU1,2061.5,2064.75,2055.75,2056.75,2607
2011-08-22 17:30:00+00:00,33,1,12038,NQZ1,2054.0,2054.0,2043.75,2043.75,6
2011-08-22 17:30:00+00:00,33,1,56972,NQU1,2056.75,2059.75,2048.5,2051.0,3692
2011-08-22 17:40:00+00:00,33,1,12038,NQZ1,2047.75,2047.75,2047.75,2047.75,5
2011-08-22 17:40:00+00:00,33,1,56972,NQU1,2051.0,2054.0,2046.0,2047.5,3045
2011-08-22 17:50:00+00:00,33,1,12038,NQZ1,2040.25,2044.0,2038.25,2044.0,3
2011-08-22 17:50:00+00:00,33,1,56972,NQU1,2047.75,2052.25,2042.75,2051.75,3742
2011-08-22 18:00:00+00:00,33,1,12038,NQZ1,2049.5,2049.75,2049.5,2049.75,2
2011-08-22 18:00:00+00:00,33,1,56972,NQU1,2052.0,2055.75,2048.5,2051.25,3384
2011-08-22 18:10:00+00:00,33,1,56972,NQU1,2051.25,2059.5,2047.75,2049.25,4512
2011-08-22 18:20:00+00:00,33,1,12038,NQZ1,2042.25,2042.25,2042.25,2042.25,1
2011-08-22 18:20:00+00:00,33,1,56972,NQU1,2049.25,2054.75,2047.0,2049.75,3436
2011-08-22 18:30:00+00:00,33,1,12038,NQZ1,2043.75,2044.0,2042.0,2044.0,3
2011-08-22 18:30:00+00:00,33,1,56972,NQU1,2049.5,2050.75,2045.25,2046.25,2985
2011-08-22 18:40:00+00:00,33,1,56972,NQU1,2046.5,2050.5,2046.5,2047.5,2205
2011-08-22 18:50:00+00:00,33,1,56972,NQU1,2047.5,2048.0,2040.0,2040.5,3630
2011-08-22 19:00:00+00:00,33,1,12038,NQZ1,2035.0,2042.0,2035.0,2038.75,3
2011-08-22 19:00:00+00:00,33,1,56972,NQU1,2040.75,2048.25,2039.75,2044.25,3421
2011-08-22 19:10:00+00:00,33,1,12038,NQZ1,2042.5,2042.5,2042.5,2042.5,1
2011-08-22 19:10:00+00:00,33,1,56972,NQU1,2044.25,2050.0,2043.0,2046.75,4152
2011-08-22 19:20:00+00:00,33,1,12038,NQZ1,2039.75,2044.5,2039.75,2044.5,2
2011-08-22 19:20:00+00:00,33,1,56972,NQU1,2047.0,2052.5,2045.25,2051.5,5372
2011-08-22 19:30:00+00:00,33,1,12038,NQZ1,2048.25,2048.25,2048.25,2048.25,1
2011-08-22 19:30:00+00:00,33,1,56972,NQU1,2051.5,2054.25,2047.75,2048.75,6243
2011-08-22 19:40:00+00:00,33,1,12038,NQZ1,2041.0,2041.0,2041.0,2041.0,1
2011-08-22 19:40:00+00:00,33,1,56972,NQU1,2048.25,2053.25,2044.0,2044.25,6364
2011-08-22 19:50:00+00:00,33,1,12038,NQZ1,2039.0,2039.25,2034.0,2036.5,12
2011-08-22 19:50:00+00:00,33,1,56972,NQU1,2044.5,2046.25,2037.75,2042.0,14379
2011-08-22 20:00:00+00:00,33,1,12038,NQZ1,2037.5,2042.25,2037.5,2042.25,8
2011-08-22 20:00:00+00:00,33,1,56972,NQU1,2042.0,2047.5,2041.5,2047.0,5457
2011-08-22 20:00:00+00:00,33,1,612349,NQU1-NQZ1,-5.3,-5.3,-5.3,-5.3,12
2011-08-22 20:10:00+00:00,33,1,12038,NQZ1,2040.0,2042.5,2040.0,2042.5,2
2011-08-22 20:10:00+00:00,33,1,56972,NQU1,2047.0,2048.75,2044.75,2047.5,1850
2011-08-22 20:30:00+00:00,33,1,56972,NQU1,2046.75,2046.75,2043.75,2043.75,239
2011-08-22 20:40:00+00:00,33,1,56972,NQU1,2044.0,2045.0,2044.0,2045.0,19
2011-08-22 20:50:00+00:00,33,1,56972,NQU1,2045.25,2045.75,2043.75,2044.5,698
2011-08-22 21:00:00+00:00,33,1,56972,NQU1,2044.25,2044.75,2044.25,2044.75,25
2011-08-22 21:10:00+00:00,33,1,56972,NQU1,2044.5,2045.25,2044.5,2045.25,22
2011-08-22 21:20:00+00:00,33,1,56972,NQU1,2045.0,2045.0,2044.25,2044.25,33
2011-08-22 22:00:00+00:00,33,1,56972,NQU1,2044.25,2045.5,2044.0,2044.25,130
2011-08-22 22:10:00+00:00,33,1,56972,NQU1,2044.0,2044.25,2043.5,2044.0,17
2011-08-22 22:20:00+00:00,33,1,56972,NQU1,2044.0,2044.25,2043.75,2044.25,7
2011-08-22 22:30:00+00:00,33,1,56972,NQU1,2044.75,2044.75,2044.0,2044.0,5
2011-08-22 22:40:00+00:00,33,1,56972,NQU1,2044.25,2044.25,2043.0,2043.25,41
2011-08-22 22:50:00+00:00,33,1,12038,NQZ1,2038.75,2038.75,2038.75,2038.75,2
2011-08-22 22:50:00+00:00,33,1,56972,NQU1,2043.5,2044.25,2043.5,2043.5,47
2011-08-22 23:00:00+00:00,33,1,12038,NQZ1,2037.0,2037.0,2037.0,2037.0,1
2011-08-22 23:00:00+00:00,33,1,56972,NQU1,2043.25,2043.75,2042.25,2042.25,119
2011-08-22 23:10:00+00:00,33,1,56972,NQU1,2042.25,2042.75,2041.5,2041.75,83
2011-08-22 23:20:00+00:00,33,1,56972,NQU1,2042.0,2043.0,2041.75,2042.75,54
2011-08-22 23:30:00+00:00,33,1,56972,NQU1,2042.5,2043.25,2042.5,2043.25,38
2011-08-22 23:40:00+00:00,33,1,56972,NQU1,2042.75,2043.0,2041.75,2042.0,66
2011-08-22 23:50:00+00:00,33,1,12038,NQZ1,2034.5,2034.5,2034.25,2034.25,2
2011-08-22 23:50:00+00:00,33,1,56972,NQU1,2042.0,2042.0,2040.0,2041.5,151
2011-08-23 00:00:00+00:00,33,1,56972,NQU1,2041.75,2043.0,2038.5,2039.25,154
2011-08-23 00:10:00+00:00,33,1,56972,NQU1,2039.25,2040.25,2037.0,2039.25,207
2011-08-23 00:20:00+00:00,33,1,56972,NQU1,2039.25,2044.0,2038.5,2043.5,111
2011-08-23 00:30:00+00:00,33,1,56972,NQU1,2043.75,2046.0,2042.5,2044.25,118
2011-08-23 00:40:00+00:00,33,1,56972,NQU1,2044.75,2044.75,2042.5,2042.5,80
2011-08-23 00:50:00+00:00,33,1,56972,NQU1,2042.5,2044.0,2040.5,2044.0,28
2011-08-23 01:00:00+00:00,33,1,56972,NQU1,2043.75,2050.5,2043.75,2050.25,116
2011-08-23 01:10:00+00:00,33,1,56972,NQU1,2050.0,2051.25,2048.25,2048.25,78
2011-08-23 01:20:00+00:00,33,1,56972,NQU1,2048.5,2051.25,2048.25,2048.25,44
2011-08-23 01:30:00+00:00,33,1,56972,NQU1,2048.0,2049.25,2046.25,2046.25,43
2011-08-23 01:40:00+00:00,33,1,56972,NQU1,2047.0,2047.0,2043.5,2044.25,114
2011-08-23 01:50:00+00:00,33,1,12038,NQZ1,2037.25,2037.25,2037.25,2037.25,2
2011-08-23 01:50:00+00:00,33,1,56972,NQU1,2044.0,2045.75,2041.75,2045.75,102
2011-08-23 02:00:00+00:00,33,1,56972,NQU1,2045.75,2047.75,2045.0,2046.25,72
2011-08-23 02:10:00+00:00,33,1,12038,NQZ1,2042.0,2042.0,2042.0,2042.0,7
2011-08-23 02:10:00+00:00,33,1,56972,NQU1,2046.25,2048.0,2045.0,2048.0,74
2011-08-23 02:20:00+00:00,33,1,12038,NQZ1,2044.25,2044.25,2044.0,2044.0,15
2011-08-23 02:20:00+00:00,33,1,56972,NQU1,2048.0,2050.0,2046.75,2049.0,69
2011-08-23 02:30:00+00:00,33,1,12038,NQZ1,2050.0,2050.0,2050.0,2050.0,20
2011-08-23 02:30:00+00:00,33,1,56972,NQU1,2048.75,2056.75,2048.75,2054.0,364
2011-08-23 02:40:00+00:00,33,1,56972,NQU1,2054.75,2060.0,2054.5,2059.5,220
2011-08-23 02:50:00+00:00,33,1,56972,NQU1,2059.0,2059.0,2056.25,2057.75,55
2011-08-23 03:00:00+00:00,33,1,12038,NQZ1,2051.0,2051.0,2051.0,2051.0,1
2011-08-23 03:00:00+00:00,33,1,56972,NQU1,2057.25,2057.25,2055.25,2056.0,49
2011-08-23 03:10:00+00:00,33,1,12038,NQZ1,2050.5,2050.5,2050.5,2050.5,1
2011-08-23 03:10:00+00:00,33,1,56972,NQU1,2057.0,2057.5,2055.0,2055.0,75
2011-08-23 03:20:00+00:00,33,1,56972,NQU1,2055.0,2055.75,2053.75,2054.0,61
2011-08-23 03:30:00+00:00,33,1,56972,NQU1,2053.75,2054.75,2052.25,2053.75,43
2011-08-23 03:40:00+00:00,33,1,56972,NQU1,2054.0,2058.75,2054.0,2056.75,106
2011-08-23 03:50:00+00:00,33,1,56972,NQU1,2056.5,2059.5,2056.25,2059.25,50
2011-08-23 04:00:00+00:00,33,1,56972,NQU1,2059.25,2060.25,2057.5,2058.0,102
2011-08-23 04:10:00+00:00,33,1,56972,NQU1,2058.25,2060.0,2057.75,2059.5,46
2011-08-23 04:20:00+00:00,33,1,56972,NQU1,2059.5,2060.25,2057.25,2057.25,70
2011-08-23 04:30:00+00:00,33,1,56972,NQU1,2057.25,2058.25,2055.5,2058.25,49
2011-08-23 04:40:00+00:00,33,1,12038,NQZ1,2053.75,2055.0,2053.75,2055.0,2
2011-08-23 04:40:00+00:00,33,1,56972,NQU1,2058.5,2063.75,2058.25,2062.75,77
2011-08-23 04:50:00+00:00,33,1,12038,NQZ1,2057.75,2058.25,2057.75,2058.25,3
2011-08-23 04:50:00+00:00,33,1,56972,NQU1,2062.75,2063.0,2061.0,2062.5,161
2011-08-23 05:00:00+00:00,33,1,56972,NQU1,2062.75,2062.75,2061.75,2062.75,44
2011-08-23 05:10:00+00:00,33,1,56972,NQU1,2063.0,2064.75,2063.0,2064.25,84
2011-08-23 05:20:00+00:00,33,1,56972,NQU1,2064.75,2064.75,2062.25,2062.25,26
2011-08-23 05:30:00+00:00,33,1,56972,NQU1,2062.25,2064.0,2061.25,2064.0,85
2011-08-23 05:40:00+00:00,33,1,56972,NQU1,2064.25,2065.25,2064.25,2064.25,64
2011-08-23 05:50:00+00:00,33,1,56972,NQU1,2064.75,2065.0,2063.0,2064.25,90
2011-08-23 06:00:00+00:00,33,1,12038,NQZ1,2059.75,2059.75,2059.75,2059.75,1
2011-08-23 06:00:00+00:00,33,1,56972,NQU1,2064.0,2065.25,2063.5,2064.25,124
2011-08-23 06:10:00+00:00,33,1,56972,NQU1,2064.25,2068.0,2063.75,2066.75,354
2011-08-23 06:20:00+00:00,33,1,12038,NQZ1,2065.0,2065.0,2065.0,2065.0,1
2011-08-23 06:20:00+00:00,33,1,56972,NQU1,2067.25,2070.25,2067.25,2068.75,388
2011-08-23 06:30:00+00:00,33,1,56972,NQU1,2068.5,2072.0,2067.5,2069.0,271
2011-08-23 06:40:00+00:00,33,1,56972,NQU1,2069.25,2069.25,2065.0,2066.5,242
2011-08-23 06:50:00+00:00,33,1,12038,NQZ1,2062.0,2062.0,2062.0,2062.0,1
2011-08-23 06:50:00+00:00,33,1,56972,NQU1,2066.75,2072.5,2066.25,2071.75,312
2011-08-23 07:00:00+00:00,33,1,56972,NQU1,2071.75,2075.0,2069.75,2073.5,596
2011-08-23 07:10:00+00:00,33,1,12038,NQZ1,2070.75,2073.25,2070.75,2073.25,3
2011-08-23 07:10:00+00:00,33,1,56972,NQU1,2073.75,2079.75,2072.75,2079.25,1215
2011-08-23 07:20:00+00:00,33,1,12038,NQZ1,2073.0,2073.0,2073.0,2073.0,1
2011-08-23 07:20:00+00:00,33,1,56972,NQU1,2079.25,2079.25,2076.75,2078.75,604
2011-08-23 07:30:00+00:00,33,1,12038,NQZ1,2073.0,2073.0,2073.0,2073.0,5
2011-08-23 07:30:00+00:00,33,1,56972,NQU1,2078.75,2080.5,2075.5,2075.75,553
2011-08-23 07:40:00+00:00,33,1,56972,NQU1,2076.0,2079.25,2075.75,2079.25,486
2011-08-23 07:50:00+00:00,33,1,12038,NQZ1,2073.5,2073.5,2073.5,2073.5,1
2011-08-23 07:50:00+00:00,33,1,56972,NQU1,2079.5,2082.25,2078.75,2080.0,363
2011-08-23 08:00:00+00:00,33,1,56972,NQU1,2080.25,2081.75,2078.25,2079.0,274
2011-08-23 08:10:00+00:00,33,1,56972,NQU1,2079.0,2080.5,2077.75,2080.0,305
2011-08-23 08:20:00+00:00,33,1,56972,NQU1,2080.0,2080.0,2075.0,2076.0,327
2011-08-23 08:30:00+00:00,33,1,56972,NQU1,2076.25,2076.75,2073.75,2073.75,353
2011-08-23 08:40:00+00:00,33,1,56972,NQU1,2074.0,2076.75,2072.0,2076.25,583
2011-08-23 08:50:00+00:00,33,1,56972,NQU1,2076.0,2076.5,2072.5,2073.0,263
2011-08-23 09:00:00+00:00,33,1,56972,NQU1,2073.25,2073.75,2066.25,2069.25,616
2011-08-23 09:10:00+00:00,33,1,12038,NQZ1,2068.0,2068.0,2068.0,2068.0,1
2011-08-23 09:10:00+00:00,33,1,56972,NQU1,2069.0,2075.0,2068.5,2073.75,255
2011-08-23 09:20:00+00:00,33,1,56972,NQU1,2073.0,2076.25,2071.75,2075.0,141
2011-08-23 09:30:00+00:00,33,1,56972,NQU1,2075.5,2078.0,2075.5,2076.75,305
2011-08-23 09:40:00+00:00,33,1,56972,NQU1,2076.75,2076.75,2073.5,2073.5,183
2011-08-23 09:50:00+00:00,33,1,56972,NQU1,2074.0,2076.5,2072.75,2076.0,157
2011-08-23 10:00:00+00:00,33,1,56972,NQU1,2076.0,2076.5,2070.0,2070.75,317
2011-08-23 10:10:00+00:00,33,1,56972,NQU1,2070.75,2071.75,2068.5,2070.75,342
2011-08-23 10:20:00+00:00,33,1,56972,NQU1,2070.75,2071.0,2068.75,2070.0,176
2011-08-23 10:30:00+00:00,33,1,56972,NQU1,2070.0,2072.5,2069.75,2071.75,151
2011-08-23 10:40:00+00:00,33,1,56972,NQU1,2072.0,2074.25,2071.5,2071.5,156
2011-08-23 10:50:00+00:00,33,1,12038,NQZ1,2065.75,2065.75,2065.75,2065.75,1
2011-08-23 10:50:00+00:00,33,1,56972,NQU1,2071.25,2072.0,2067.75,2069.5,237
2011-08-23 11:00:00+00:00,33,1,56972,NQU1,2070.25,2072.5,2070.0,2072.0,257
2011-08-23 11:10:00+00:00,33,1,56972,NQU1,2072.25,2074.5,2071.25,2074.0,269
2011-08-23 11:20:00+00:00,33,1,56972,NQU1,2073.75,2076.0,2073.5,2074.0,312
2011-08-23 11:30:00+00:00,33,1,56972,NQU1,2074.0,2074.25,2071.0,2071.25,302
2011-08-23 11:40:00+00:00,33,1,56972,NQU1,2071.25,2072.5,2067.75,2068.75,396
2011-08-23 11:50:00+00:00,33,1,12038,NQZ1,2062.25,2062.25,2062.25,2062.25,1
2011-08-23 11:50:00+00:00,33,1,56972,NQU1,2068.5,2068.75,2061.0,2062.0,1397
2011-08-23 12:00:00+00:00,33,1,12038,NQZ1,2056.75,2056.75,2056.75,2056.75,1
2011-08-23 12:00:00+00:00,33,1,56972,NQU1,2062.0,2065.25,2059.25,2064.5,1099
2011-08-23 12:10:00+00:00,33,1,56972,NQU1,2064.5,2069.25,2064.25,2067.75,1007
2011-08-23 12:20:00+00:00,33,1,56972,NQU1,2067.75,2068.25,2064.5,2065.0,493
2011-08-23 12:30:00+00:00,33,1,12038,NQZ1,2060.25,2060.25,2057.5,2057.5,2
2011-08-23 12:30:00+00:00,33,1,56972,NQU1,2065.0,2066.25,2060.0,2065.25,1235
2011-08-23 12:40:00+00:00,33,1,56972,NQU1,2065.0,2065.25,2059.5,2061.75,1251
2011-08-23 12:50:00+00:00,33,1,12038,NQZ1,2053.75,2054.0,2048.0,2048.0,9
2011-08-23 12:50:00+00:00,33,1,56972,NQU1,2061.75,2062.0,2052.75,2055.0,1520
2011-08-23 13:00:00+00:00,33,1,12038,NQZ1,2048.75,2048.75,2048.75,2048.75,1
2011-08-23 13:00:00+00:00,33,1,56972,NQU1,2055.0,2059.0,2053.25,2053.75,1365
2011-08-23 13:10:00+00:00,33,1,56972,NQU1,2054.0,2059.75,2054.0,2059.5,1085
2011-08-23 13:20:00+00:00,33,1,56972,NQU1,2059.5,2061.0,2053.75,2056.75,2173
2011-08-23 13:30:00+00:00,33,1,12038,NQZ1,2053.0,2054.5,2047.0,2049.75,7
2011-08-23 13:30:00+00:00,33,1,56972,NQU1,2057.0,2061.5,2049.75,2051.25,12783
2011-08-23 13:40:00+00:00,33,1,12038,NQZ1,2054.25,2058.5,2049.75,2058.5,6
2011-08-23 13:40:00+00:00,33,1,56972,NQU1,2051.0,2066.0,2048.0,2065.0,13737
2011-08-23 13:50:00+00:00,33,1,12038,NQZ1,2061.0,2061.0,2061.0,2061.0,1
2011-08-23 13:50:00+00:00,33,1,56972,NQU1,2065.0,2072.25,2060.25,2066.0,8017
2011-08-23 14:00:00+00:00,33,1,12038,NQZ1,2065.0,2077.0,2065.0,2075.0,7
2011-08-23 14:00:00+00:00,33,1,56972,NQU1,2066.0,2083.25,2064.25,2080.75,14515
2011-08-23 14:10:00+00:00,33,1,8870,NQH2,2070.25,2071.25,2070.25,2071.25,2
2011-08-23 14:10:00+00:00,33,1,12038,NQZ1,2077.75,2077.75,2073.5,2073.5,2
2011-08-23 14:10:00+00:00,33,1,56972,NQU1,2080.75,2083.75,2073.75,2074.5,7080
2011-08-23 14:10:00+00:00,33,1,612349,NQU1-NQZ1,-5.35,-5.35,-5.35,-5.35,1
2011-08-23 14:10:00+00:00,33,1,688702,NQZ1-NQH2,-4.1,-4.1,-4.1,-4.1,1
2011-08-23 14:20:00+00:00,33,1,12038,NQZ1,2069.75,2072.75,2069.5,2072.75,3
2011-08-23 14:20:00+00:00,33,1,56972,NQU1,2074.75,2080.75,2072.5,2079.75,5378
2011-08-23 14:30:00+00:00,33,1,12038,NQZ1,2075.25,2075.25,2075.25,2075.25,1
2011-08-23 14:30:00+00:00,33,1,56972,NQU1,2079.5,2082.0,2075.5,2082.0,4025
2011-08-23 14:40:00+00:00,33,1,8870,NQH2,2071.5,2075.25,2071.5,2075.25,2
2011-08-23 14:40:00+00:00,33,1,12038,NQZ1,2077.5,2080.5,2077.25,2078.0,5
2011-08-23 14:40:00+00:00,33,1,56972,NQU1,2082.25,2086.0,2081.75,2084.75,5172
2011-08-23 14:40:00+00:00,33,1,612349,NQU1-NQZ1,-5.35,-5.35,-5.35,-5.35,1
2011-08-23 14:40:00+00:00,33,1,688702,NQZ1-NQH2,-4.05,-4.05,-4.05,-4.05,1
2011-08-23 14:50:00+00:00,33,1,12038,NQZ1,2080.0,2080.0,2074.5,2074.5,3
2011-08-23 14:50:00+00:00,33,1,56972,NQU1,2085.0,2086.5,2074.5,2074.5,5861
2011-08-23 15:00:00+00:00,33,1,12038,NQZ1,2065.25,2065.25,2065.25,2065.25,1
2011-08-23 15:00:00+00:00,33,1,56972,NQU1,2074.5,2076.5,2070.25,2073.5,6775
2011-08-23 15:10:00+00:00,33,1,12038,NQZ1,2071.75,2071.75,2071.75,2071.75,1
2011-08-23 15:10:00+00:00,33,1,56972,NQU1,2073.75,2079.75,2070.75,2076.5,3671
2011-08-23 15:10:00+00:00,33,1,612349,NQU1-NQZ1,-5.05,-5.05,-5.05,-5.05,950
2011-08-23 15:20:00+00:00,33,1,56972,NQU1,2076.25,2079.75,2072.75,2079.5,3740
2011-08-23 15:30:00+00:00,33,1,12038,NQZ1,2074.75,2076.75,2074.5,2076.75,3
2011-08-23 15:30:00+00:00,33,1,56972,NQU1,2079.75,2086.0,2078.75,2084.75,5049
2011-08-23 15:40:00+00:00,33,1,8870,NQH2,2080.25,2080.25,2080.25,2080.25,1
2011-08-23 15:40:00+00:00,33,1,12038,NQZ1,2084.0,2084.0,2084.0,2084.0,1
2011-08-23 15:40:00+00:00,33,1,56972,NQU1,2085.0,2091.0,2083.25,2090.0,6762
2011-08-23 15:40:00+00:00,33,1,612349,NQU1-NQZ1,-5.15,-5.15,-5.15,-5.15,1
2011-08-23 15:40:00+00:00,33,1,688702,NQZ1-NQH2,-3.9,-3.9,-3.9,-3.9,1
2011-08-23 15:50:00+00:00,33,1,12038,NQZ1,2086.75,2093.25,2086.75,2092.0,12
2011-08-23 15:50:00+00:00,33,1,56972,NQU1,2090.0,2098.25,2090.0,2097.0,6437
2011-08-23 16:00:00+00:00,33,1,12038,NQZ1,2091.25,2091.25,2086.75,2090.5,8
2011-08-23 16:00:00+00:00,33,1,56972,NQU1,2096.75,2097.5,2091.25,2095.5,4555
2011-08-23 16:10:00+00:00,33,1,56972,NQU1,2095.5,2097.0,2091.25,2091.5,3013
2011-08-23 16:20:00+00:00,33,1,56972,NQU1,2091.5,2095.0,2091.0,2093.25,2683
2011-08-23 16:30:00+00:00,33,1,12038,NQZ1,2091.25,2093.75,2089.25,2093.75,5
2011-08-23 16:30:00+00:00,33,1,56972,NQU1,2093.75,2099.0,2093.5,2098.25,4375
2011-08-23 16:40:00+00:00,33,1,8870,NQH2,2090.25,2090.25,2090.25,2090.25,1
2011-08-23 16:40:00+00:00,33,1,12038,NQZ1,2092.0,2096.0,2092.0,2093.0,4
2011-08-23 16:40:00+00:00,33,1,56972,NQU1,2098.5,2102.75,2097.5,2097.75,4739
2011-08-23 16:40:00+00:00,33,1,612349,NQU1-NQZ1,-5.15,-5.15,-5.15,-5.15,1
2011-08-23 16:40:00+00:00,33,1,688702,NQZ1-NQH2,-3.95,-3.95,-3.95,-3.95,1
2011-08-23 16:50:00+00:00,33,1,12038,NQZ1,2099.0,2100.0,2098.0,2100.0,6
2011-08-23 16:50:00+00:00,33,1,56972,NQU1,2097.75,2105.0,2097.75,2101.75,4256
2011-08-23 17:00:00+00:00,33,1,12038,NQZ1,2100.75,2101.0,2100.0,2100.0,5
2011-08-23 17:00:00+00:00,33,1,56972,NQU1,2102.0,2107.0,2101.5,2101.75,4190
2011-08-23 17:10:00+00:00,33,1,12038,NQZ1,2093.75,2097.75,2093.75,2097.75,5
2011-08-23 17:10:00+00:00,33,1,56972,NQU1,2102.0,2102.75,2098.25,2100.0,2432
2011-08-23 17:20:00+00:00,33,1,12038,NQZ1,2095.75,2095.75,2095.0,2095.0,2
2011-08-23 17:20:00+00:00,33,1,56972,NQU1,2100.25,2102.75,2097.25,2099.0,2219
2011-08-23 17:30:00+00:00,33,1,56972,NQU1,2099.0,2101.5,2094.75,2097.25,2458
2011-08-23 17:40:00+00:00,33,1,56972,NQU1,2097.25,2102.0,2094.5,2100.25,3056
2011-08-23 17:50:00+00:00,33,1,12038,NQZ1,2089.25,2089.25,2083.5,2084.0,4
2011-08-23 17:50:00+00:00,33,1,56972,NQU1,2100.75,2101.25,2085.5,2092.75,10620
2011-08-23 18:00:00+00:00,33,1,56972,NQU1,2093.0,2098.75,2089.25,2093.25,5285
2011-08-23 18:10:00+00:00,33,1,12038,NQZ1,2085.0,2089.5,2084.0,2088.5,5
2011-08-23 18:10:00+00:00,33,1,56972,NQU1,2093.0,2095.5,2087.75,2095.0,3283
2011-08-23 18:20:00+00:00,33,1,12038,NQZ1,2087.0,2087.0,2087.0,2087.0,1
2011-08-23 18:20:00+00:00,33,1,56972,NQU1,2095.0,2101.0,2088.5,2100.5,4292
2011-08-23 18:20:00+00:00,33,1,612349,NQU1-NQZ1,-5.15,-5.15,-5.15,-5.15,55
2011-08-23 18:30:00+00:00,33,1,12038,NQZ1,2100.0,2100.5,2099.5,2100.5,4
2011-08-23 18:30:00+00:00,33,1,56972,NQU1,2100.75,2106.75,2099.25,2104.5,5043
2011-08-23 18:30:00+00:00,33,1,612349,NQU1-NQZ1,-5.15,-5.15,-5.15,-5.15,3
2011-08-23 18:40:00+00:00,33,1,12038,NQZ1,2098.5,2103.0,2098.5,2103.0,4
2011-08-23 18:40:00+00:00,33,1,56972,NQU1,2104.25,2109.0,2101.5,2109.0,3222
2011-08-23 18:50:00+00:00,33,1,12038,NQZ1,2104.25,2104.5,2103.0,2103.25,12
2011-08-23 18:50:00+00:00,33,1,56972,NQU1,2109.0,2111.25,2107.0,2109.5,2857
2011-08-23 19:00:00+00:00,33,1,12038,NQZ1,2106.0,2114.75,2106.0,2114.75,8
2011-08-23 19:00:00+00:00,33,1,56972,NQU1,2109.75,2123.25,2109.75,2123.0,8273
2011-08-23 19:10:00+00:00,33,1,12038,NQZ1,2119.0,2119.75,2115.0,2115.0,15
2011-08-23 19:10:00+00:00,33,1,56972,NQU1,2123.25,2126.5,2119.0,2120.5,5776
2011-08-23 19:20:00+00:00,33,1,12038,NQZ1,2116.0,2117.25,2110.5,2110.5,93
2011-08-23 19:20:00+00:00,33,1,56972,NQU1,2120.5,2124.0,2114.75,2115.75,6191
2011-08-23 19:20:00+00:00,33,1,612349,NQU1-NQZ1,-5.1,-5.1,-5.1,-5.1,2
2011-08-23 19:30:00+00:00,33,1,12038,NQZ1,2112.5,2114.75,2112.5,2114.75,3
2011-08-23 19:30:00+00:00,33,1,56972,NQU1,2116.0,2121.0,2114.0,2120.5,6146
2011-08-23 19:40:00+00:00,33,1,12038,NQZ1,2115.75,2117.25,2114.25,2117.0,9
2011-08-23 19:40:00+00:00,33,1,56972,NQU1,2121.0,2123.75,2117.75,2121.75,6737
2011-08-23 19:50:00+00:00,33,1,12038,NQZ1,2117.5,2120.75,2117.5,2120.75,2
2011-08-23 19:50:00+00:00,33,1,56972,NQU1,2122.0,2127.0,2118.25,2126.25,16350
2011-08-23 20:00:00+00:00,33,1,12038,NQZ1,2122.25,2122.25,2119.75,2120.0,6
2011-08-23 20:00:00+00:00,33,1,56972,NQU1,2126.25,2129.25,2124.5,2125.0,9137
2011-08-23 20:00:00+00:00,33,1,612349,NQU1-NQZ1,-5.1,-5.1,-5.1,-5.1,2
2011-08-23 20:10:00+00:00,33,1,56972,NQU1,2125.0,2126.0,2123.25,2123.75,2572
2011-08-23 20:30:00+00:00,33,1,56972,NQU1,2124.0,2125.75,2123.75,2124.25,340
2011-08-23 20:40:00+00:00,33,1,12038,NQZ1,2121.5,2121.5,2121.5,2121.5,1
2011-08-23 20:40:00+00:00,33,1,56972,NQU1,2124.25,2124.5,2123.25,2124.5,138
2011-08-23 20:50:00+00:00,33,1,56972,NQU1,2124.25,2126.0,2124.0,2126.0,109
2011-08-23 21:00:00+00:00,33,1,56972,NQU1,2126.25,2127.5,2125.25,2126.5,122
2011-08-23 21:10:00+00:00,33,1,56972,NQU1,2127.25,2127.25,2125.0,2125.0,23
2011-08-23 21:20:00+00:00,33,1,56972,NQU1,2125.5,2126.0,2124.75,2126.0,10
2011-08-23 22:00:00+00:00,33,1,56972,NQU1,2126.25,2126.25,2122.0,2122.75,180
2011-08-23 22:10:00+00:00,33,1,56972,NQU1,2122.75,2123.75,2122.0,2122.5,142
2011-08-23 22:20:00+00:00,33,1,56972,NQU1,2122.25,2122.75,2121.5,2122.25,69
2011-08-23 22:30:00+00:00,33,1,56972,NQU1,2121.75,2122.25,2121.25,2122.25,36
2011-08-23 22:40:00+00:00,33,1,56972,NQU1,2121.5,2122.25,2119.0,2121.0,340
2011-08-23 22:50:00+00:00,33,1,56972,NQU1,2120.25,2120.25,2119.25,2120.0,80
2011-08-23 23:00:00+00:00,33,1,12038,NQZ1,2112.75,2112.75,2112.75,2112.75,1
2011-08-23 23:00:00+00:00,33,1,56972,NQU1,2120.0,2120.0,2117.25,2117.5,187
2011-08-23 23:10:00+00:00,33,1,56972,NQU1,2117.5,2118.0,2117.0,2118.0,108
2011-08-23 23:20:00+00:00,33,1,12038,NQZ1,2116.0,2116.0,2116.0,2116.0,1
2011-08-23 23:20:00+00:00,33,1,56972,NQU1,2118.0,2119.5,2117.75,2118.25,69
2011-08-23 23:30:00+00:00,33,1,56972,NQU1,2118.25,2119.75,2117.25,2119.25,117
2011-08-23 23:40:00+00:00,33,1,56972,NQU1,2119.0,2119.75,2117.25,2118.0,81
2011-08-23 23:50:00+00:00,33,1,12038,NQZ1,2114.75,2115.25,2114.75,2115.25,9
2011-08-23 23:50:00+00:00,33,1,56972,NQU1,2118.0,2118.75,2117.25,2118.0,104
2011-08-24 00:00:00+00:00,33,1,12038,NQZ1,2113.75,2113.75,2113.75,2113.75,2
2011-08-24 00:00:00+00:00,33,1,56972,NQU1,2118.0,2118.5,2115.5,2115.75,227
2011-08-24 00:10:00+00:00,33,1,12038,NQZ1,2111.0,2111.0,2111.0,2111.0,1
2011-08-24 00:10:00+00:00,33,1,56972,NQU1,2115.25,2115.25,2112.25,2114.0,247
2011-08-24 00:20:00+00:00,33,1,56972,NQU1,2114.0,2114.5,2112.25,2114.0,77
2011-08-24 00:30:00+00:00,33,1,56972,NQU1,2114.0,2116.75,2113.75,2116.25,133
2011-08-24 00:40:00+00:00,33,1,12038,NQZ1,2112.5,2112.5,2112.5,2112.5,2
2011-08-24 00:40:00+00:00,33,1,56972,NQU1,2116.25,2116.25,2113.75,2114.75,86
2011-08-24 00:50:00+00:00,33,1,56972,NQU1,2115.0,2115.0,2112.5,2113.75,64
2011-08-24 01:00:00+00:00,33,1,56972,NQU1,2113.0,2113.0,2110.25,2112.25,97
2011-08-24 01:10:00+00:00,33,1,56972,NQU1,2112.5,2114.75,2112.0,2113.25,86
2011-08-24 01:20:00+00:00,33,1,12038,NQZ1,2110.5,2111.25,2110.5,2111.0,5
2011-08-24 01:20:00+00:00,33,1,56972,NQU1,2113.5,2117.5,2112.5,2115.25,240
2011-08-24 01:30:00+00:00,33,1,56972,NQU1,2116.25,2117.0,2111.5,2112.5,118
2011-08-24 01:40:00+00:00,33,1,56972,NQU1,2112.0,2113.5,2109.25,2109.75,153
2011-08-24 01:50:00+00:00,33,1,56972,NQU1,2110.0,2110.75,2107.5,2110.25,147
2011-08-24 02:00:00+00:00,33,1,56972,NQU1,2109.5,2111.25,2107.0,2107.5,109
2011-08-24 02:10:00+00:00,33,1,56972,NQU1,2107.75,2109.75,2107.25,2107.5,71
2011-08-24 02:20:00+00:00,33,1,12038,NQZ1,2105.5,2105.5,2105.5,2105.5,1
2011-08-24 02:20:00+00:00,33,1,56972,NQU1,2107.75,2109.0,2107.5,2107.75,63
2011-08-24 02:30:00+00:00,33,1,56972,NQU1,2108.0,2110.25,2107.25,2109.25,133
2011-08-24 02:40:00+00:00,33,1,56972,NQU1,2108.75,2109.75,2107.75,2108.0,57
2011-08-24 02:50:00+00:00,33,1,56972,NQU1,2107.25,2108.0,2104.0,2106.5,266
2011-08-24 03:00:00+00:00,33,1,56972,NQU1,2105.5,2108.5,2105.5,2108.5,94
2011-08-24 03:10:00+00:00,33,1,56972,NQU1,2108.5,2108.75,2105.5,2106.75,111
2011-08-24 03:20:00+00:00,33,1,56972,NQU1,2107.75,2110.5,2106.75,2109.0,89
2011-08-24 03:30:00+00:00,33,1,56972,NQU1,2108.25,2109.25,2106.5,2106.5,106
2011-08-24 03:40:00+00:00,33,1,12038,NQZ1,2101.0,2101.0,2101.0,2101.0,2
2011-08-24 03:40:00+00:00,33,1,56972,NQU1,2106.5,2108.25,2105.75,2107.0,57
2011-08-24 03:50:00+00:00,33,1,56972,NQU1,2106.5,2109.5,2106.5,2109.5,101
2011-08-24 04:00:00+00:00,33,1,12038,NQZ1,2105.75,2105.75,2105.75,2105.75,1
2011-08-24 04:00:00+00:00,33,1,56972,NQU1,2110.0,2110.5,2107.75,2108.5,62
2011-08-24 04:10:00+00:00,33,1,56972,NQU1,2108.25,2110.25,2108.25,2110.25,27
2011-08-24 04:20:00+00:00,33,1,56972,NQU1,2109.5,2114.75,2109.0,2113.75,223
2011-08-24 04:30:00+00:00,33,1,56972,NQU1,2113.75,2114.5,2110.5,2111.0,96
2011-08-24 04:40:00+00:00,33,1,56972,NQU1,2111.25,2113.5,2111.25,2112.0,56
2011-08-24 04:50:00+00:00,33,1,12038,NQZ1,2111.25,2111.25,2111.25,2111.25,1
2011-08-24 04:50:00+00:00,33,1,56972,NQU1,2112.75,2115.25,2112.5,2115.25,52
2011-08-24 05:00:00+00:00,33,1,56972,NQU1,2115.0,2115.25,2109.0,2109.25,226
2011-08-24 05:10:00+00:00,33,1,56972,NQU1,2109.5,2110.25,2107.75,2108.0,118
2011-08-24 05:20:00+00:00,33,1,8870,NQH2,2093.0,2093.0,2093.0,2093.0,2
2011-08-24 05:20:00+00:00,33,1,56972,NQU1,2108.0,2108.75,2104.75,2105.0,135
2011-08-24 05:30:00+00:00,33,1,12038,NQZ1,2099.5,2099.5,2099.5,2099.5,1
2011-08-24 05:30:00+00:00,33,1,56972,NQU1,2106.0,2108.5,2102.75,2104.0,211
2011-08-24 05:40:00+00:00,33,1,8870,NQH2,2093.25,2093.25,2093.25,2093.25,2
2011-08-24 05:40:00+00:00,33,1,56972,NQU1,2104.25,2107.5,2103.25,2107.0,159
2011-08-24 05:50:00+00:00,33,1,8870,NQH2,2093.25,2095.25,2093.25,2095.25,4
2011-08-24 05:50:00+00:00,33,1,56972,NQU1,2107.0,2107.5,2104.75,2106.25,107
2011-08-24 06:00:00+00:00,33,1,8870,NQH2,2096.25,2096.25,2096.25,2096.25,2
2011-08-24 06:00:00+00:00,33,1,12038,NQZ1,2100.0,2101.0,2100.0,2101.0,4
2011-08-24 06:00:00+00:00,33,1,56972,NQU1,2106.5,2107.5,2104.75,2107.5,236
2011-08-24 06:10:00+00:00,33,1,8870,NQH2,2096.5,2096.5,2096.5,2096.5,2
2011-08-24 06:10:00+00:00,33,1,56972,NQU1,2107.25,2110.25,2107.0,2109.25,209
2011-08-24 06:20:00+00:00,33,1,8870,NQH2,2095.25,2095.25,2095.25,2095.25,1
2011-08-24 06:20:00+00:00,33,1,12038,NQZ1,2104.25,2104.25,2104.25,2104.25,1
2011-08-24 06:20:00+00:00,33,1,56972,NQU1,2109.5,2109.75,2107.0,2108.5,230
2011-08-24 06:30:00+00:00,33,1,56972,NQU1,2108.75,2109.0,2105.25,2105.25,176
2011-08-24 06:40:00+00:00,33,1,56972,NQU1,2105.25,2107.0,2104.0,2106.0,183
2011-08-24 06:50:00+00:00,33,1,56972,NQU1,2105.5,2109.0,2104.75,2108.25,461
2011-08-24 07:00:00+00:00,33,1,12038,NQZ1,2100.0,2100.0,2100.0,2100.0,1
2011-08-24 07:00:00+00:00,33,1,56972,NQU1,2108.0,2108.75,2102.25,2103.0,808
2011-08-24 07:10:00+00:00,33,1,12038,NQZ1,2098.5,2099.0,2096.5,2096.5,3
2011-08-24 07:10:00+00:00,33,1,56972,NQU1,2102.75,2104.75,2097.25,2098.0,1424
2011-08-24 07:20:00+00:00,33,1,56972,NQU1,2098.0,2104.25,2096.25,2104.0,1149
2011-08-24 07:30:00+00:00,33,1,8870,NQH2,2096.5,2096.5,2096.5,2096.5,2
2011-08-24 07:30:00+00:00,33,1,56972,NQU1,2104.0,2109.25,2101.5,2107.0,998
2011-08-24 07:40:00+00:00,33,1,12038,NQZ1,2099.75,2101.75,2092.25,2092.75,5
2011-08-24 07:40:00+00:00,33,1,56972,NQU1,2106.75,2107.5,2096.75,2099.5,1124
2011-08-24 07:50:00+00:00,33,1,56972,NQU1,2099.25,2102.5,2097.5,2099.5,672
2011-08-24 08:00:00+00:00,33,1,56972,NQU1,2099.25,2106.5,2096.5,2104.25,911
2011-08-24 08:10:00+00:00,33,1,8870,NQH2,2096.5,2096.5,2096.5,2096.5,3
2011-08-24 08:10:00+00:00,33,1,12038,NQZ1,2103.5,2103.5,2103.5,2103.5,1
2011-08-24 08:10:00+00:00,33,1,56972,NQU1,2105.0,2111.5,2101.75,2109.25,756
2011-08-24 08:20:00+00:00,33,1,12038,NQZ1,2107.0,2107.0,2107.0,2107.0,1
2011-08-24 08:20:00+00:00,33,1,56972,NQU1,2109.75,2112.25,2109.25,2110.5,757
2011-08-24 08:30:00+00:00,33,1,12038,NQZ1,2108.75,2108.75,2104.75,2104.75,4
2011-08-24 08:30:00+00:00,33,1,56972,NQU1,2111.0,2113.0,2108.0,2109.5,494
2011-08-24 08:40:00+00:00,33,1,56972,NQU1,2109.25,2110.5,2108.0,2108.5,231
2011-08-24 08:50:00+00:00,33,1,56972,NQU1,2108.25,2109.75,2105.75,2108.25,260
2011-08-24 09:00:00+00:00,33,1,56972,NQU1,2108.25,2115.0,2105.75,2113.25,730
2011-08-24 09:10:00+00:00,33,1,56972,NQU1,2113.25,2115.0,2111.5,2113.25,173
2011-08-24 09:20:00+00:00,33,1,56972,NQU1,2113.5,2113.75,2110.75,2111.75,248
2011-08-24 09:30:00+00:00,33,1,56972,NQU1,2111.75,2114.25,2110.75,2111.25,232
2011-08-24 09:40:00+00:00,33,1,12038,NQZ1,2104.75,2104.75,2104.75,2104.75,7
2011-08-24 09:40:00+00:00,33,1,56972,NQU1,2110.25,2111.75,2106.75,2110.25,360
2011-08-24 09:50:00+00:00,33,1,12038,NQZ1,2107.5,2107.5,2106.0,2106.0,3
2011-08-24 09:50:00+00:00,33,1,56972,NQU1,2110.25,2112.75,2109.75,2112.0,214
2011-08-24 10:00:00+00:00,33,1,56972,NQU1,2111.5,2111.5,2108.5,2109.75,275
2011-08-24 10:10:00+00:00,33,1,56972,NQU1,2109.5,2110.0,2107.25,2109.0,278
2011-08-24 10:20:00+00:00,33,1,56972,NQU1,2108.75,2110.0,2108.0,2108.5,205
2011-08-24 10:30:00+00:00,33,1,56972,NQU1,2108.25,2110.75,2107.75,2109.5,181
2011-08-24 10:40:00+00:00,33,1,12038,NQZ1,2100.5,2100.5,2100.5,2100.5,1
2011-08-24 10:40:00+00:00,33,1,56972,NQU1,2109.25,2109.75,2102.75,2105.25,292
2011-08-24 10:50:00+00:00,33,1,12038,NQZ1,2101.25,2101.25,2101.25,2101.25,1
2011-08-24 10:50:00+00:00,33,1,56972,NQU1,2105.25,2105.5,2103.0,2104.25,238
2011-08-24 11:00:00+00:00,33,1,56972,NQU1,2104.5,2106.75,2103.5,2106.75,257
2011-08-24 11:10:00+00:00,33,1,56972,NQU1,2106.75,2111.25,2106.75,2111.0,226
2011-08-24 11:20:00+00:00,33,1,56972,NQU1,2110.75,2113.0,2110.0,2111.25,401
2011-08-24 11:30:00+00:00,33,1,56972,NQU1,2111.0,2111.75,2109.5,2111.75,385
2011-08-24 11:40:00+00:00,33,1,56972,NQU1,2111.75,2112.75,2108.75,2109.75,451
2011-08-24 11:50:00+00:00,33,1,56972,NQU1,2110.0,2111.0,2106.25,2107.25,549
2011-08-24 12:00:00+00:00,33,1,12038,NQZ1,2103.0,2103.0,2103.0,2103.0,1
2011-08-24 12:00:00+00:00,33,1,56972,NQU1,2107.25,2110.5,2106.75,2108.25,978
2011-08-24 12:10:00+00:00,33,1,56972,NQU1,2108.5,2110.5,2107.25,2109.75,682
2011-08-24 12:20:00+00:00,33,1,56972,NQU1,2109.75,2111.75,2108.75,2109.0,1353
2011-08-24 12:30:00+00:00,33,1,12038,NQZ1,2110.0,2118.0,2110.0,2117.25,11
2011-08-24 12:30:00+00:00,33,1,56972,NQU1,2108.75,2123.75,2108.75,2123.5,3761
2011-08-24 12:40:00+00:00,33,1,12038,NQZ1,2119.0,2120.25,2117.25,2117.25,4
2011-08-24 12:40:00+00:00,33,1,56972,NQU1,2123.5,2125.75,2119.75,2121.5,1277
2011-08-24 12:50:00+00:00,33,1,56972,NQU1,2121.25,2126.5,2121.25,2123.75,1192
2011-08-24 13:00:00+00:00,33,1,12038,NQZ1,2117.5,2117.5,2116.0,2116.0,2
2011-08-24 13:00:00+00:00,33,1,56972,NQU1,2123.75,2125.25,2120.0,2122.5,1054
2011-08-24 13:10:00+00:00,33,1,12038,NQZ1,2114.75,2120.25,2114.75,2120.25,3
2011-08-24 13:10:00+00:00,33,1,56972,NQU1,2122.25,2124.75,2119.0,2124.75,1258
2011-08-24 13:20:00+00:00,33,1,12038,NQZ1,2120.25,2120.25,2120.25,2120.25,3
2011-08-24 13:20:00+00:00,33,1,56972,NQU1,2124.5,2125.75,2123.0,2123.0,2303
2011-08-24 13:30:00+00:00,33,1,12038,NQZ1,2120.75,2120.75,2120.75,2120.75,2
2011-08-24 13:30:00+00:00,33,1,56972,NQU1,2122.75,2127.0,2116.0,2118.25,14078
2011-08-24 13:40:00+00:00,33,1,12038,NQZ1,2115.25,2124.0,2115.25,2124.0,9
2011-08-24 13:40:00+00:00,33,1,56972,NQU1,2118.0,2129.0,2117.5,2128.75,11751
2011-08-24 13:50:00+00:00,33,1,12038,NQZ1,2123.0,2135.25,2122.5,2135.25,7
2011-08-24 13:50:00+00:00,33,1,56972,NQU1,2128.5,2141.5,2126.75,2140.5,11811
2011-08-24 14:00:00+00:00,33,1,12038,NQZ1,2137.0,2140.0,2137.0,2140.0,7
2011-08-24 14:00:00+00:00,33,1,56972,NQU1,2140.25,2145.75,2137.0,2142.25,13845
2011-08-24 14:10:00+00:00,33,1,12038,NQZ1,2139.25,2139.25,2129.25,2129.25,6
2011-08-24 14:10:00+00:00,33,1,56972,NQU1,2142.25,2144.5,2133.5,2136.75,11541
2011-08-24 14:20:00+00:00,33,1,12038,NQZ1,2125.5,2128.5,2125.5,2128.5,2
2011-08-24 14:20:00+00:00,33,1,56972,NQU1,2136.75,2137.0,2129.25,2130.75,6492
2011-08-24 14:30:00+00:00,33,1,12038,NQZ1,2120.0,2121.0,2119.75,2120.5,7
2011-08-24 14:30:00+00:00,33,1,56972,NQU1,2130.75,2133.5,2123.5,2128.75,8300
2011-08-24 14:40:00+00:00,33,1,12038,NQZ1,2119.0,2119.0,2117.5,2117.5,14
2011-08-24 14:40:00+00:00,33,1,56972,NQU1,2128.5,2131.5,2121.25,2122.0,4844
2011-08-24 14:50:00+00:00,33,1,12038,NQZ1,2117.5,2117.5,2115.0,2115.0,4
2011-08-24 14:50:00+00:00,33,1,56972,NQU1,2122.0,2126.25,2116.75,2117.0,7895
2011-08-24 15:00:00+00:00,33,1,12038,NQZ1,2106.75,2112.25,2105.5,2112.25,7
2011-08-24 15:00:00+00:00,33,1,56972,NQU1,2117.0,2119.25,2110.75,2118.75,9009
2011-08-24 15:10:00+00:00,33,1,12038,NQZ1,2115.0,2115.0,2108.25,2108.25,11
2011-08-24 15:10:00+00:00,33,1,56972,NQU1,2118.5,2121.0,2113.5,2116.25,5300
2011-08-24 15:20:00+00:00,33,1,56972,NQU1,2116.25,2125.0,2114.5,2121.75,5003
2011-08-24 15:30:00+00:00,33,1,12038,NQZ1,2118.0,2118.0,2118.0,2118.0,1
2011-08-24 15:30:00+00:00,33,1,56972,NQU1,2122.0,2124.5,2116.25,2123.75,5968
2011-08-24 15:40:00+00:00,33,1,12038,NQZ1,2109.0,2109.0,2109.0,2109.0,1
2011-08-24 15:40:00+00:00,33,1,56972,NQU1,2123.75,2123.75,2112.75,2117.25,4371
2011-08-24 15:50:00+00:00,33,1,56972,NQU1,2117.5,2120.25,2112.75,2114.0,5111
2011-08-24 16:00:00+00:00,33,1,12038,NQZ1,2105.25,2105.25,2105.25,2105.25,1
2011-08-24 16:00:00+00:00,33,1,56972,NQU1,2113.75,2113.75,2106.5,2107.5,6347
2011-08-24 16:10:00+00:00,33,1,12038,NQZ1,2102.5,2105.0,2100.5,2105.0,6
2011-08-24 16:10:00+00:00,33,1,56972,NQU1,2107.5,2111.0,2103.5,2107.0,5822
2011-08-24 16:20:00+00:00,33,1,12038,NQZ1,2105.75,2105.75,2105.0,2105.0,2
2011-08-24 16:20:00+00:00,33,1,56972,NQU1,2106.75,2112.75,2106.5,2111.25,2474
2011-08-24 16:30:00+00:00,33,1,8870,NQH2,2103.75,2103.75,2103.75,2103.75,1
2011-08-24 16:30:00+00:00,33,1,56972,NQU1,2111.0,2114.5,2109.0,2113.25,2132
2011-08-24 16:40:00+00:00,33,1,56972,NQU1,2113.5,2115.5,2110.5,2112.75,2053
2011-08-24 16:50:00+00:00,33,1,8870,NQH2,2105.25,2105.25,2105.25,2105.25,1
2011-08-24 16:50:00+00:00,33,1,12038,NQZ1,2107.75,2116.25,2107.75,2116.25,14
2011-08-24 16:50:00+00:00,33,1,56972,NQU1,2112.75,2122.25,2112.75,2121.0,5360
2011-08-24 16:50:00+00:00,33,1,612349,NQU1-NQZ1,-5.25,-5.25,-5.25,-5.25,1
2011-08-24 16:50:00+00:00,33,1,688702,NQZ1-NQH2,-4.2,-4.2,-4.2,-4.2,1
2011-08-24 17:00:00+00:00,33,1,12038,NQZ1,2112.25,2112.25,2112.25,2112.25,5
2011-08-24 17:00:00+00:00,33,1,56972,NQU1,2121.0,2124.0,2117.25,2118.5,3523
2011-08-24 17:10:00+00:00,33,1,56972,NQU1,2118.25,2125.0,2117.75,2124.0,3325
2011-08-24 17:20:00+00:00,33,1,12038,NQZ1,2120.25,2125.25,2120.25,2123.5,6
2011-08-24 17:20:00+00:00,33,1,56972,NQU1,2124.0,2131.75,2123.75,2127.5,4498
2011-08-24 17:30:00+00:00,33,1,12038,NQZ1,2119.75,2119.75,2119.75,2119.75,1
2011-08-24 17:30:00+00:00,33,1,56972,NQU1,2127.5,2128.75,2123.0,2124.25,3018
2011-08-24 17:40:00+00:00,33,1,12038,NQZ1,2114.25,2114.25,2114.25,2114.25,1
2011-08-24 17:40:00+00:00,33,1,56972,NQU1,2124.0,2124.0,2118.75,2123.75,2725
2011-08-24 17:50:00+00:00,33,1,56972,NQU1,2123.5,2128.5,2119.5,2128.0,2494
2011-08-24 18:00:00+00:00,33,1,12038,NQZ1,2119.75,2119.75,2119.75,2119.75,1
2011-08-24 18:00:00+00:00,33,1,56972,NQU1,2128.5,2128.5,2123.25,2126.75,1987
2011-08-24 18:10:00+00:00,33,1,56972,NQU1,2126.5,2129.5,2122.25,2123.5,2077
2011-08-24 18:20:00+00:00,33,1,12038,NQZ1,2116.75,2116.75,2115.25,2115.25,2
2011-08-24 18:20:00+00:00,33,1,56972,NQU1,2123.5,2125.25,2119.25,2123.0,2813
2011-08-24 18:30:00+00:00,33,1,56972,NQU1,2123.0,2126.5,2121.75,2125.5,2056
2011-08-24 18:40:00+00:00,33,1,56972,NQU1,2125.5,2128.5,2124.75,2125.5,2232
2011-08-24 18:50:00+00:00,33,1,12038,NQZ1,2125.0,2125.0,2123.25,2123.25,2
2011-08-24 18:50:00+00:00,33,1,56972,NQU1,2125.25,2132.0,2124.5,2131.5,3633
2011-08-24 19:00:00+00:00,33,1,12038,NQZ1,2127.0,2127.0,2126.0,2126.0,2
2011-08-24 19:00:00+00:00,33,1,56972,NQU1,2131.5,2133.75,2129.0,2130.0,3346
2011-08-24 19:10:00+00:00,33,1,12038,NQZ1,2130.25,2134.0,2130.25,2134.0,2
2011-08-24 19:10:00+00:00,33,1,56972,NQU1,2129.75,2139.5,2129.5,2139.0,4805
2011-08-24 19:20:00+00:00,33,1,12038,NQZ1,2135.25,2135.25,2134.5,2134.5,7
2011-08-24 19:20:00+00:00,33,1,56972,NQU1,2139.0,2141.75,2137.0,2138.75,4115
2011-08-24 19:30:00+00:00,33,1,12038,NQZ1,2136.75,2141.0,2136.75,2137.75,7
2011-08-24 19:30:00+00:00,33,1,56972,NQU1,2139.0,2146.0,2139.0,2142.25,8473
2011-08-24 19:40:00+00:00,33,1,12038,NQZ1,2138.5,2140.5,2138.5,2140.0,3
2011-08-24 19:40:00+00:00,33,1,56972,NQU1,2142.25,2147.5,2140.75,2142.25,9513
2011-08-24 19:50:00+00:00,33,1,12038,NQZ1,2137.75,2138.0,2137.75,2138.0,2
2011-08-24 19:50:00+00:00,33,1,56972,NQU1,2142.25,2145.25,2140.75,2143.0,9309
2011-08-24 20:00:00+00:00,33,1,12038,NQZ1,2135.5,2135.5,2135.5,2135.5,1
2011-08-24 20:00:00+00:00,33,1,56972,NQU1,2143.0,2144.0,2139.25,2144.0,7277
2011-08-24 20:10:00+00:00,33,1,12038,NQZ1,2137.75,2137.75,2133.0,2133.0,5
2011-08-24 20:10:00+00:00,33,1,56972,NQU1,2143.75,2144.0,2138.0,2139.0,2358
2011-08-24 20:10:00+00:00,33,1,612349,NQU1-NQZ1,-5.05,-5.05,-5.05,-5.05,2
2011-08-24 20:30:00+00:00,33,1,56972,NQU1,2138.75,2139.0,2135.75,2137.75,495
2011-08-24 20:40:00+00:00,33,1,56972,NQU1,2137.5,2139.25,2137.25,2139.0,173
2011-08-24 20:50:00+00:00,33,1,56972,NQU1,2139.0,2139.0,2137.75,2137.75,48
2011-08-24 21:00:00+00:00,33,1,56972,NQU1,2137.5,2138.0,2136.5,2137.75,29
2011-08-24 21:10:00+00:00,33,1,56972,NQU1,2137.0,2139.25,2136.75,2139.25,81
2011-08-24 21:20:00+00:00,33,1,56972,NQU1,2139.75,2141.0,2137.75,2137.75,42
2011-08-24 22:00:00+00:00,33,1,56972,NQU1,2138.25,2140.0,2134.5,2135.75,122
2011-08-24 22:10:00+00:00,33,1,56972,NQU1,2136.0,2136.0,2133.75,2135.0,80
2011-08-24 22:20:00+00:00,33,1,56972,NQU1,2135.0,2135.0,2133.75,2133.75,52
2011-08-24 22:30:00+00:00,33,1,56972,NQU1,2134.75,2134.75,2123.0,2123.5,1667
2011-08-24 22:40:00+00:00,33,1,12038,NQZ1,2116.75,2117.0,2115.5,2117.0,5
2011-08-24 22:40:00+00:00,33,1,56972,NQU1,2123.75,2124.75,2119.75,2120.5,1512
2011-08-24 22:50:00+00:00,33,1,12038,NQZ1,2113.5,2113.5,2110.25,2110.25,7
2011-08-24 22:50:00+00:00,33,1,56972,NQU1,2121.0,2121.0,2111.5,2118.0,2248
2011-08-24 23:00:00+00:00,33,1,8870,NQH2,2095.75,2095.75,2095.75,2095.75,1
2011-08-24 23:00:00+00:00,33,1,12038,NQZ1,2112.25,2112.75,2110.25,2110.25,4
2011-08-24 23:00:00+00:00,33,1,56972,NQU1,2118.25,2118.75,2115.0,2115.25,803
2011-08-24 23:10:00+00:00,33,1,56972,NQU1,2115.0,2117.25,2115.0,2117.25,299
2011-08-24 23:20:00+00:00,33,1,56972,NQU1,2116.5,2117.25,2113.75,2115.5,183
2011-08-24 23:30:00+00:00,33,1,56972,NQU1,2115.5,2118.0,2115.5,2118.0,238
2011-08-24 23:40:00+00:00,33,1,56972,NQU1,2118.25,2118.5,2117.5,2118.25,189
2011-08-24 23:50:00+00:00,33,1,56972,NQU1,2118.0,2119.0,2117.0,2118.5,315
2011-08-25 00:00:00+00:00,33,1,12038,NQZ1,2114.0,2114.0,2114.0,2114.0,1
2011-08-25 00:00:00+00:00,33,1,56972,NQU1,2118.5,2120.25,2118.0,2119.75,168
2011-08-25 00:10:00+00:00,33,1,56972,NQU1,2120.0,2124.25,2119.75,2122.0,592
2011-08-25 00:20:00+00:00,33,1,12038,NQZ1,2115.75,2116.5,2115.75,2116.5,2
2011-08-25 00:20:00+00:00,33,1,56972,NQU1,2122.0,2122.5,2121.25,2122.0,261
2011-08-25 00:30:00+00:00,33,1,12038,NQZ1,2118.25,2118.5,2118.25,2118.5,13
2011-08-25 00:30:00+00:00,33,1,56972,NQU1,2122.25,2124.5,2122.0,2124.25,241
2011-08-25 00:40:00+00:00,33,1,56972,NQU1,2124.5,2124.75,2121.5,2123.0,112
2011-08-25 00:50:00+00:00,33,1,12038,NQZ1,2116.25,2116.25,2116.25,2116.25,1
2011-08-25 00:50:00+00:00,33,1,56972,NQU1,2123.25,2123.5,2119.5,2122.0,122
2011-08-25 01:00:00+00:00,33,1,12038,NQZ1,2112.5,2112.5,2112.0,2112.0,2
2011-08-25 01:00:00+00:00,33,1,56972,NQU1,2121.25,2121.25,2116.5,2116.5,199
2011-08-25 01:10:00+00:00,33,1,12038,NQZ1,2113.0,2113.0,2113.0,2113.0,1
2011-08-25 01:10:00+00:00,33,1,56972,NQU1,2116.25,2120.25,2116.0,2120.0,133
2011-08-25 01:20:00+00:00,33,1,56972,NQU1,2120.25,2121.75,2120.25,2121.0,86
2011-08-25 01:30:00+00:00,33,1,12038,NQZ1,2115.5,2115.5,2115.5,2115.5,2
2011-08-25 01:30:00+00:00,33,1,56972,NQU1,2121.0,2121.5,2118.5,2120.0,107
2011-08-25 01:40:00+00:00,33,1,56972,NQU1,2120.0,2122.75,2119.75,2120.25,117
2011-08-25 01:50:00+00:00,33,1,56972,NQU1,2120.0,2121.75,2119.75,2121.75,32
2011-08-25 02:00:00+00:00,33,1,56972,NQU1,2121.75,2123.5,2118.25,2118.75,94
2011-08-25 02:10:00+00:00,33,1,56972,NQU1,2119.75,2122.0,2119.5,2121.25,49
2011-08-25 02:20:00+00:00,33,1,56972,NQU1,2121.0,2122.0,2120.5,2122.0,40
2011-08-25 02:30:00+00:00,33,1,12038,NQZ1,2118.0,2118.0,2118.0,2118.0,1
2011-08-25 02:30:00+00:00,33,1,56972,NQU1,2122.0,2123.75,2121.5,2123.0,78
2011-08-25 02:40:00+00:00,33,1,56972,NQU1,2122.75,2122.75,2120.75,2121.25,22
2011-08-25 02:50:00+00:00,33,1,56972,NQU1,2121.75,2122.25,2120.5,2121.0,49
2011-08-25 03:00:00+00:00,33,1,56972,NQU1,2120.75,2121.25,2120.0,2120.5,49
2011-08-25 03:10:00+00:00,33,1,56972,NQU1,2120.5,2120.75,2120.0,2120.5,18
2011-08-25 03:20:00+00:00,33,1,56972,NQU1,2120.75,2122.0,2120.5,2122.0,30
2011-08-25 03:30:00+00:00,33,1,56972,NQU1,2121.75,2122.0,2120.5,2121.0,42
2011-08-25 03:40:00+00:00,33,1,56972,NQU1,2121.0,2123.0,2121.0,2123.0,47
2011-08-25 03:50:00+00:00,33,1,56972,NQU1,2123.25,2123.75,2122.25,2122.25,97
2011-08-25 04:00:00+00:00,33,1,56972,NQU1,2122.0,2123.75,2121.75,2123.25,62
2011-08-25 04:10:00+00:00,33,1,56972,NQU1,2122.75,2122.75,2120.25,2120.25,39
2011-08-25 04:20:00+00:00,33,1,56972,NQU1,2120.0,2120.75,2119.5,2119.75,27
2011-08-25 04:30:00+00:00,33,1,56972,NQU1,2119.5,2120.25,2118.5,2119.5,55
2011-08-25 04:40:00+00:00,33,1,56972,NQU1,2119.5,2120.0,2119.0,2119.25,38
2011-08-25 04:50:00+00:00,33,1,56972,NQU1,2120.0,2120.0,2119.0,2119.0,7
2011-08-25 05:00:00+00:00,33,1,56972,NQU1,2118.25,2118.5,2117.0,2117.75,66
2011-08-25 05:10:00+00:00,33,1,56972,NQU1,2117.75,2119.75,2117.5,2119.5,40
2011-08-25 05:20:00+00:00,33,1,56972,NQU1,2120.0,2120.75,2119.25,2120.75,142
2011-08-25 05:30:00+00:00,33,1,56972,NQU1,2119.5,2119.75,2118.25,2118.75,17
2011-08-25 05:40:00+00:00,33,1,56972,NQU1,2118.75,2119.0,2118.0,2118.0,24
2011-08-25 05:50:00+00:00,33,1,12038,NQZ1,2112.0,2112.0,2112.0,2112.0,1
2011-08-25 05:50:00+00:00,33,1,56972,NQU1,2117.5,2118.75,2116.25,2117.5,121
2011-08-25 06:00:00+00:00,33,1,12038,NQZ1,2112.5,2112.5,2112.5,2112.5,5
2011-08-25 06:00:00+00:00,33,1,56972,NQU1,2118.0,2121.75,2117.75,2120.75,231
2011-08-25 06:10:00+00:00,33,1,56972,NQU1,2120.75,2122.75,2120.75,2122.5,203
2011-08-25 06:20:00+00:00,33,1,12038,NQZ1,2119.0,2119.0,2119.0,2119.0,1
2011-08-25 06:20:00+00:00,33,1,56972,NQU1,2122.75,2126.5,2122.25,2126.0,343
2011-08-25 06:30:00+00:00,33,1,12038,NQZ1,2123.0,2123.0,2123.0,2123.0,1
2011-08-25 06:30:00+00:00,33,1,56972,NQU1,2125.75,2131.0,2125.0,2131.0,695
2011-08-25 06:40:00+00:00,33,1,56972,NQU1,2131.0,2131.0,2128.75,2130.25,227
2011-08-25 06:50:00+00:00,33,1,56972,NQU1,2130.25,2131.75,2129.75,2129.75,591
2011-08-25 07:00:00+00:00,33,1,12038,NQZ1,2126.75,2126.75,2126.75,2126.75,1
2011-08-25 07:00:00+00:00,33,1,56972,NQU1,2129.75,2134.75,2129.0,2133.75,967
2011-08-25 07:10:00+00:00,33,1,12038,NQZ1,2129.75,2129.75,2129.75,2129.75,1
2011-08-25 07:10:00+00:00,33,1,56972,NQU1,2133.5,2135.25,2130.5,2132.5,608
2011-08-25 07:20:00+00:00,33,1,56972,NQU1,2132.5,2134.75,2131.25,2132.5,529
2011-08-25 07:30:00+00:00,33,1,56972,NQU1,2132.5,2135.0,2131.75,2131.75,557
2011-08-25 07:40:00+00:00,33,1,56972,NQU1,2132.0,2133.25,2128.25,2130.5,752
2011-08-25 07:50:00+00:00,33,1,56972,NQU1,2130.5,2132.75,2129.0,2129.75,669
2011-08-25 08:00:00+00:00,33,1,56972,NQU1,2130.25,2133.0,2129.25,2130.25,370
2011-08-25 08:10:00+00:00,33,1,12038,NQZ1,2127.0,2127.0,2127.0,2127.0,1
2011-08-25 08:10:00+00:00,33,1,56972,NQU1,2130.75,2135.75,2130.5,2133.75,470
2011-08-25 08:20:00+00:00,33,1,56972,NQU1,2133.5,2133.75,2129.5,2129.5,345
2011-08-25 08:30:00+00:00,33,1,56972,NQU1,2129.5,2132.0,2129.5,2130.75,572
2011-08-25 08:40:00+00:00,33,1,56972,NQU1,2130.5,2131.75,2128.25,2128.5,501
2011-08-25 08:50:00+00:00,33,1,12038,NQZ1,2125.25,2125.25,2124.0,2124.0,2
2011-08-25 08:50:00+00:00,33,1,56972,NQU1,2128.75,2130.5,2128.5,2128.5,236
2011-08-25 09:00:00+00:00,33,1,56972,NQU1,2128.75,2129.75,2123.75,2127.5,815
2011-08-25 09:10:00+00:00,33,1,56972,NQU1,2127.25,2128.0,2124.0,2127.0,250
2011-08-25 09:20:00+00:00,33,1,56972,NQU1,2127.0,2127.0,2124.25,2125.75,148
2011-08-25 09:30:00+00:00,33,1,56972,NQU1,2126.5,2126.5,2122.0,2122.25,596
2011-08-25 09:40:00+00:00,33,1,56972,NQU1,2122.25,2125.25,2121.25,2123.25,177
2011-08-25 09:50:00+00:00,33,1,56972,NQU1,2123.0,2124.25,2122.0,2122.75,152
2011-08-25 10:00:00+00:00,33,1,56972,NQU1,2122.75,2127.5,2122.0,2126.25,203
2011-08-25 10:10:00+00:00,33,1,12038,NQZ1,2120.75,2120.75,2120.75,2120.75,1
2011-08-25 10:10:00+00:00,33,1,56972,NQU1,2126.25,2128.0,2126.0,2126.25,105
2011-08-25 10:20:00+00:00,33,1,56972,NQU1,2126.0,2130.0,2125.5,2130.0,208
2011-08-25 10:30:00+00:00,33,1,56972,NQU1,2129.75,2133.5,2129.0,2132.5,433
2011-08-25 10:40:00+00:00,33,1,56972,NQU1,2133.0,2133.0,2129.0,2129.75,257
2011-08-25 10:50:00+00:00,33,1,56972,NQU1,2130.25,2131.5,2129.5,2130.0,191
2011-08-25 11:00:00+00:00,33,1,12038,NQZ1,2125.75,2127.5,2125.75,2127.5,3
2011-08-25 11:00:00+00:00,33,1,56972,NQU1,2130.25,2133.5,2128.0,2133.5,337
2011-08-25 11:10:00+00:00,33,1,56972,NQU1,2133.5,2134.75,2132.25,2134.0,358
2011-08-25 11:20:00+00:00,33,1,12038,NQZ1,2129.5,2129.5,2129.5,2129.5,5
2011-08-25 11:20:00+00:00,33,1,56972,NQU1,2133.75,2134.5,2131.0,2134.25,406
2011-08-25 11:30:00+00:00,33,1,56972,NQU1,2134.0,2134.75,2132.25,2132.75,435
2011-08-25 11:40:00+00:00,33,1,12038,NQZ1,2131.25,2131.25,2131.25,2131.25,1
2011-08-25 11:40:00+00:00,33,1,56972,NQU1,2132.75,2137.25,2132.0,2136.75,455
2011-08-25 11:50:00+00:00,33,1,56972,NQU1,2136.5,2137.0,2134.5,2136.5,446
2011-08-25 12:00:00+00:00,33,1,56972,NQU1,2136.5,2138.5,2135.0,2137.0,1008
2011-08-25 12:10:00+00:00,33,1,56972,NQU1,2136.75,2137.75,2135.25,2136.0,895
2011-08-25 12:20:00+00:00,33,1,56972,NQU1,2136.0,2136.0,2133.75,2135.5,829
2011-08-25 12:30:00+00:00,33,1,12038,NQZ1,2124.75,2124.75,2124.75,2124.75,1
2011-08-25 12:30:00+00:00,33,1,56972,NQU1,2135.0,2137.0,2129.25,2131.75,2843
2011-08-25 12:40:00+00:00,33,1,56972,NQU1,2131.75,2134.0,2130.0,2132.0,1137
2011-08-25 12:50:00+00:00,33,1,56972,NQU1,2132.0,2133.5,2128.25,2129.0,873
2011-08-25 13:00:00+00:00,33,1,56972,NQU1,2129.0,2130.0,2127.0,2128.25,1250
2011-08-25 13:10:00+00:00,33,1,12038,NQZ1,2131.0,2140.0,2131.0,2138.75,9
2011-08-25 13:10:00+00:00,33,1,56972,NQU1,2128.5,2148.5,2128.5,2145.5,10047
2011-08-25 13:20:00+00:00,33,1,12038,NQZ1,2136.0,2136.0,2136.0,2136.0,7
2011-08-25 13:20:00+00:00,33,1,56972,NQU1,2145.0,2145.5,2138.0,2140.75,3422
2011-08-25 13:30:00+00:00,33,1,12038,NQZ1,2136.0,2145.0,2136.0,2138.5,9
2011-08-25 13:30:00+00:00,33,1,56972,NQU1,2141.0,2152.0,2137.5,2142.5,20813
2011-08-25 13:40:00+00:00,33,1,12038,NQZ1,2135.5,2144.0,2134.25,2139.0,4
2011-08-25 13:40:00+00:00,33,1,56972,NQU1,2142.25,2150.75,2136.75,2144.75,11576
2011-08-25 13:50:00+00:00,33,1,12038,NQZ1,2137.5,2137.5,2137.5,2137.5,1
2011-08-25 13:50:00+00:00,33,1,56972,NQU1,2144.5,2146.25,2132.0,2137.0,14391
2011-08-25 14:00:00+00:00,33,1,12038,NQZ1,2122.0,2124.75,2122.0,2124.5,6
2011-08-25 14:00:00+00:00,33,1,56972,NQU1,2137.5,2137.75,2125.25,2137.5,13345
2011-08-25 14:10:00+00:00,33,1,12038,NQZ1,2133.25,2133.25,2133.25,2133.25,1
2011-08-25 14:10:00+00:00,33,1,56972,NQU1,2137.5,2138.75,2129.0,2131.25,10128
2011-08-25 14:20:00+00:00,33,1,12038,NQZ1,2120.0,2120.0,2112.0,2115.5,8
2011-08-25 14:20:00+00:00,33,1,56972,NQU1,2131.0,2131.75,2117.0,2124.5,15019
2011-08-25 14:30:00+00:00,33,1,12038,NQZ1,2120.5,2120.5,2110.75,2110.75,20
2011-08-25 14:30:00+00:00,33,1,56972,NQU1,2124.5,2128.25,2116.0,2118.25,7499
2011-08-25 14:40:00+00:00,33,1,12038,NQZ1,2110.75,2110.75,2109.75,2109.75,3
2011-08-25 14:40:00+00:00,33,1,56972,NQU1,2118.0,2121.0,2111.25,2112.75,8586
2011-08-25 14:50:00+00:00,33,1,12038,NQZ1,2108.5,2109.25,2107.75,2108.5,10
2011-08-25 14:50:00+00:00,33,1,56972,NQU1,2112.75,2118.75,2111.25,2112.5,11714
2011-08-25 15:00:00+00:00,33,1,12038,NQZ1,2109.5,2115.0,2109.5,2110.0,12
2011-08-25 15:00:00+00:00,33,1,56972,NQU1,2112.5,2120.25,2112.0,2114.0,6960
2011-08-25 15:10:00+00:00,33,1,12038,NQZ1,2117.25,2120.75,2117.25,2119.5,4
2011-08-25 15:10:00+00:00,33,1,56972,NQU1,2113.75,2126.75,2112.75,2123.0,5990
2011-08-25 15:20:00+00:00,33,1,12038,NQZ1,2118.0,2118.0,2118.0,2118.0,1
2011-08-25 15:20:00+00:00,33,1,56972,NQU1,2123.25,2130.5,2123.25,2125.25,5279
2011-08-25 15:30:00+00:00,33,1,12038,NQZ1,2115.0,2115.0,2114.0,2114.0,3
2011-08-25 15:30:00+00:00,33,1,56972,NQU1,2125.25,2127.75,2119.0,2120.5,4018
2011-08-25 15:40:00+00:00,33,1,56972,NQU1,2120.5,2122.0,2116.75,2121.75,3270
2011-08-25 15:50:00+00:00,33,1,12038,NQZ1,2117.0,2117.0,2117.0,2117.0,2
2011-08-25 15:50:00+00:00,33,1,56972,NQU1,2121.75,2126.75,2120.75,2125.5,2403
2011-08-25 16:00:00+00:00,33,1,12038,NQZ1,2115.5,2117.0,2115.5,2117.0,2
2011-08-25 16:00:00+00:00,33,1,56972,NQU1,2125.75,2128.0,2120.5,2121.0,2776
2011-08-25 16:10:00+00:00,33,1,56972,NQU1,2121.25,2123.5,2117.5,2117.5,2483
2011-08-25 16:20:00+00:00,33,1,56972,NQU1,2117.75,2118.75,2114.0,2118.5,2596
2011-08-25 16:30:00+00:00,33,1,12038,NQZ1,2112.5,2112.5,2106.0,2106.0,5
2011-08-25 16:30:00+00:00,33,1,56972,NQU1,2118.5,2119.25,2110.0,2113.25,5527
2011-08-25 16:40:00+00:00,33,1,12038,NQZ1,2106.0,2106.0,2100.0,2100.0,4
2011-08-25 16:40:00+00:00,33,1,56972,NQU1,2113.5,2114.5,2104.5,2108.5,4751
2011-08-25 16:50:00+00:00,33,1,8870,NQH2,2095.75,2095.75,2095.75,2095.75,1
2011-08-25 16:50:00+00:00,33,1,12038,NQZ1,2100.75,2106.5,2100.75,2106.5,2
2011-08-25 16:50:00+00:00,33,1,56972,NQU1,2108.25,2112.0,2104.75,2111.5,4558
2011-08-25 17:00:00+00:00,33,1,8870,NQH2,2095.75,2111.5,2095.75,2111.5,6
2011-08-25 17:00:00+00:00,33,1,12038,NQZ1,2109.75,2109.75,2109.75,2109.75,1
2011-08-25 17:00:00+00:00,33,1,56972,NQU1,2111.75,2116.75,2109.25,2109.75,4386
2011-08-25 17:10:00+00:00,33,1,56972,NQU1,2109.5,2114.0,2109.25,2113.0,3042
2011-08-25 17:20:00+00:00,33,1,56972,NQU1,2113.0,2119.5,2113.0,2118.75,3933
2011-08-25 17:30:00+00:00,33,1,12038,NQZ1,2112.5,2112.5,2112.5,2112.5,1
2011-08-25 17:30:00+00:00,33,1,56972,NQU1,2118.75,2120.25,2114.75,2120.25,4242
2011-08-25 17:40:00+00:00,33,1,56972,NQU1,2120.25,2120.75,2112.0,2113.25,3689
2011-08-25 17:50:00+00:00,33,1,56972,NQU1,2113.25,2119.25,2113.0,2119.0,2304
2011-08-25 18:00:00+00:00,33,1,56972,NQU1,2119.0,2120.0,2112.75,2114.25,2538
2011-08-25 18:10:00+00:00,33,1,12038,NQZ1,2115.25,2116.0,2115.25,2116.0,4
2011-08-25 18:10:00+00:00,33,1,56972,NQU1,2114.5,2121.75,2112.5,2121.5,3997
2011-08-25 18:20:00+00:00,33,1,12038,NQZ1,2116.25,2116.25,2116.0,2116.0,3
2011-08-25 18:20:00+00:00,33,1,56972,NQU1,2121.25,2121.75,2111.75,2116.25,4334
2011-08-25 18:30:00+00:00,33,1,12038,NQZ1,2111.0,2115.25,2111.0,2115.25,6
2011-08-25 18:30:00+00:00,33,1,56972,NQU1,2116.5,2121.0,2114.75,2119.25,2509
2011-08-25 18:40:00+00:00,33,1,12038,NQZ1,2112.0,2113.0,2112.0,2112.5,7
2011-08-25 18:40:00+00:00,33,1,56972,NQU1,2119.0,2119.75,2112.5,2113.0,3007
2011-08-25 18:50:00+00:00,33,1,56972,NQU1,2112.75,2114.5,2106.75,2106.75,4693
2011-08-25 19:00:00+00:00,33,1,8870,NQH2,2095.75,2095.75,2095.75,2095.75,5
2011-08-25 19:00:00+00:00,33,1,12038,NQZ1,2103.75,2103.75,2103.75,2103.75,1
2011-08-25 19:00:00+00:00,33,1,56972,NQU1,2106.75,2110.25,2103.25,2109.5,4524
2011-08-25 19:10:00+00:00,33,1,56972,NQU1,2110.0,2117.25,2106.5,2116.75,4561
2011-08-25 19:20:00+00:00,33,1,12038,NQZ1,2112.5,2114.75,2112.5,2114.75,2
2011-08-25 19:20:00+00:00,33,1,56972,NQU1,2116.75,2120.5,2112.0,2112.25,6262
2011-08-25 19:20:00+00:00,33,1,612349,NQU1-NQZ1,-5.0,-5.0,-5.0,-5.0,13
2011-08-25 19:30:00+00:00,33,1,12038,NQZ1,2104.0,2104.0,2101.5,2102.5,4
2011-08-25 19:30:00+00:00,33,1,56972,NQU1,2112.0,2114.5,2105.5,2108.0,4769
2011-08-25 19:40:00+00:00,33,1,8870,NQH2,2095.75,2095.75,2092.5,2093.75,6
2011-08-25 19:40:00+00:00,33,1,12038,NQZ1,2100.0,2104.0,2097.0,2102.0,21
2011-08-25 19:40:00+00:00,33,1,56972,NQU1,2107.75,2110.75,2101.0,2109.5,9765
2011-08-25 19:50:00+00:00,33,1,12038,NQZ1,2103.75,2103.75,2099.0,2099.0,2
2011-08-25 19:50:00+00:00,33,1,56972,NQU1,2109.5,2111.25,2104.5,2109.5,13817
2011-08-25 20:00:00+00:00,33,1,12038,NQZ1,2108.0,2108.0,2108.0,2108.0,1
2011-08-25 20:00:00+00:00,33,1,56972,NQU1,2109.5,2114.5,2108.0,2112.25,6704
2011-08-25 20:10:00+00:00,33,1,56972,NQU1,2112.25,2115.0,2110.25,2111.5,2554
2011-08-25 20:30:00+00:00,33,1,56972,NQU1,2111.0,2114.0,2110.75,2113.25,788
2011-08-25 20:40:00+00:00,33,1,56972,NQU1,2113.25,2113.25,2107.25,2107.5,299
2011-08-25 20:50:00+00:00,33,1,56972,NQU1,2107.75,2109.5,2107.5,2109.0,37
2011-08-25 21:00:00+00:00,33,1,56972,NQU1,2109.25,2110.5,2109.0,2109.25,29
2011-08-25 21:10:00+00:00,33,1,56972,NQU1,2110.0,2111.5,2110.0,2110.5,39
2011-08-25 21:20:00+00:00,33,1,56972,NQU1,2110.5,2110.5,2109.25,2110.0,95
2011-08-25 22:00:00+00:00,33,1,56972,NQU1,2110.0,2110.75,2108.75,2109.0,80
2011-08-25 22:10:00+00:00,33,1,56972,NQU1,2109.0,2110.0,2108.5,2110.0,14
2011-08-25 22:20:00+00:00,33,1,56972,NQU1,2109.75,2109.75,2108.75,2109.25,97
2011-08-25 22:30:00+00:00,33,1,56972,NQU1,2109.25,2112.5,2109.25,2111.0,50
2011-08-25 22:40:00+00:00,33,1,56972,NQU1,2111.5,2112.5,2111.25,2112.0,8
2011-08-25 22:50:00+00:00,33,1,56972,NQU1,2112.0,2112.0,2110.5,2112.0,13
2011-08-25 23:00:00+00:00,33,1,56972,NQU1,2111.75,2113.5,2111.75,2112.25,68
2011-08-25 23:10:00+00:00,33,1,56972,NQU1,2112.75,2113.75,2112.75,2113.75,26
2011-08-25 23:20:00+00:00,33,1,12038,NQZ1,2109.75,2109.75,2109.75,2109.75,1
2011-08-25 23:20:00+00:00,33,1,56972,NQU1,2114.0,2114.5,2113.75,2114.0,30
2011-08-25 23:30:00+00:00,33,1,56972,NQU1,2114.0,2114.5,2113.5,2113.5,29
2011-08-25 23:40:00+00:00,33,1,56972,NQU1,2113.5,2115.0,2113.25,2114.25,28
2011-08-25 23:50:00+00:00,33,1,12038,NQZ1,2110.0,2111.0,2110.0,2111.0,3
2011-08-25 23:50:00+00:00,33,1,56972,NQU1,2115.0,2118.25,2115.0,2118.0,206
2011-08-26 00:00:00+00:00,33,1,12038,NQZ1,2113.25,2119.5,2113.25,2116.25,14
2011-08-26 00:00:00+00:00,33,1,56972,NQU1,2118.0,2125.0,2118.0,2122.5,532
2011-08-26 00:00:00+00:00,33,1,612349,NQU1-NQZ1,-4.75,-4.75,-4.75,-4.75,1
2011-08-26 00:10:00+00:00,33,1,56972,NQU1,2122.5,2123.5,2119.75,2120.0,293
2011-08-26 00:20:00+00:00,33,1,12038,NQZ1,2114.25,2114.25,2114.25,2114.25,1
2011-08-26 00:20:00+00:00,33,1,56972,NQU1,2119.75,2121.25,2119.5,2120.25,73
2011-08-26 00:30:00+00:00,33,1,56972,NQU1,2120.25,2123.75,2120.25,2123.25,113
2011-08-26 00:40:00+00:00,33,1,12038,NQZ1,2122.0,2122.75,2119.0,2119.0,6
2011-08-26 00:40:00+00:00,33,1,56972,NQU1,2123.0,2128.0,2123.0,2124.75,535
2011-08-26 00:40:00+00:00,33,1,612349,NQU1-NQZ1,-4.8,-4.8,-4.8,-4.8,1
2011-08-26 00:50:00+00:00,33,1,56972,NQU1,2125.25,2127.75,2125.25,2127.25,231
2011-08-26 01:00:00+00:00,33,1,56972,NQU1,2126.75,2126.75,2125.0,2125.0,108
2011-08-26 01:10:00+00:00,33,1,56972,NQU1,2124.75,2126.5,2124.0,2125.5,163
2011-08-26 01:20:00+00:00,33,1,12038,NQZ1,2118.25,2118.25,2118.25,2118.25,2
2011-08-26 01:20:00+00:00,33,1,56972,NQU1,2125.75,2125.75,2123.5,2123.5,97
2011-08-26 01:30:00+00:00,33,1,56972,NQU1,2123.5,2124.75,2119.5,2120.0,258
2011-08-26 01:40:00+00:00,33,1,56972,NQU1,2120.0,2122.0,2117.25,2121.0,318
2011-08-26 01:50:00+00:00,33,1,56972,NQU1,2121.0,2122.5,2120.75,2122.0,91
2011-08-26 02:00:00+00:00,33,1,56972,NQU1,2122.25,2124.75,2122.25,2124.0,107
2011-08-26 02:10:00+00:00,33,1,56972,NQU1,2123.75,2125.0,2123.0,2124.25,64
2011-08-26 02:20:00+00:00,33,1,56972,NQU1,2124.0,2124.5,2122.75,2124.5,81
2011-08-26 02:30:00+00:00,33,1,56972,NQU1,2124.75,2124.75,2120.5,2120.5,121
2011-08-26 02:40:00+00:00,33,1,56972,NQU1,2120.5,2123.0,2120.5,2121.75,87
2011-08-26 02:50:00+00:00,33,1,56972,NQU1,2121.25,2121.25,2119.25,2119.25,110
2011-08-26 03:00:00+00:00,33,1,56972,NQU1,2119.0,2121.5,2118.25,2121.5,61
2011-08-26 03:10:00+00:00,33,1,56972,NQU1,2121.0,2122.0,2119.75,2121.25,60
2011-08-26 03:20:00+00:00,33,1,56972,NQU1,2121.0,2122.25,2120.75,2122.25,59
2011-08-26 03:30:00+00:00,33,1,56972,NQU1,2122.25,2123.25,2121.25,2121.25,111
2011-08-26 03:40:00+00:00,33,1,56972,NQU1,2121.5,2122.0,2121.25,2122.0,16
2011-08-26 03:50:00+00:00,33,1,12038,NQZ1,2117.0,2117.0,2117.0,2117.0,1
2011-08-26 03:50:00+00:00,33,1,56972,NQU1,2122.25,2122.75,2120.75,2120.75,70
2011-08-26 04:00:00+00:00,33,1,56972,NQU1,2121.0,2122.75,2120.75,2122.5,28
2011-08-26 04:10:00+00:00,33,1,56972,NQU1,2122.25,2123.75,2122.25,2123.5,30
2011-08-26 04:20:00+00:00,33,1,56972,NQU1,2123.5,2125.0,2123.0,2124.0,29
2011-08-26 04:30:00+00:00,33,1,56972,NQU1,2123.25,2124.5,2123.25,2124.0,20
2011-08-26 04:40:00+00:00,33,1,56972,NQU1,2123.75,2123.75,2123.0,2123.5,24
2011-08-26 04:50:00+00:00,33,1,56972,NQU1,2123.0,2123.0,2120.75,2121.0,33
2011-08-26 05:00:00+00:00,33,1,56972,NQU1,2120.0,2120.5,2118.75,2119.5,40
2011-08-26 05:10:00+00:00,33,1,12038,NQZ1,2115.5,2115.5,2115.5,2115.5,1
2011-08-26 05:10:00+00:00,33,1,56972,NQU1,2119.5,2123.0,2119.5,2122.5,29
2011-08-26 05:20:00+00:00,33,1,56972,NQU1,2121.5,2122.0,2119.5,2120.75,55
2011-08-26 05:30:00+00:00,33,1,56972,NQU1,2120.75,2124.25,2120.75,2123.75,89
2011-08-26 05:40:00+00:00,33,1,12038,NQZ1,2118.75,2118.75,2118.75,2118.75,1
2011-08-26 05:40:00+00:00,33,1,56972,NQU1,2123.75,2124.0,2122.25,2122.5,42
2011-08-26 05:50:00+00:00,33,1,56972,NQU1,2123.25,2124.5,2123.25,2124.25,19
2011-08-26 06:00:00+00:00,33,1,56972,NQU1,2124.0,2125.0,2121.25,2121.5,225
2011-08-26 06:10:00+00:00,33,1,56972,NQU1,2121.75,2125.0,2121.75,2123.75,220
2011-08-26 06:20:00+00:00,33,1,56972,NQU1,2123.5,2125.5,2123.5,2124.75,111
2011-08-26 06:30:00+00:00,33,1,56972,NQU1,2125.0,2127.5,2125.0,2125.5,250
2011-08-26 06:40:00+00:00,33,1,56972,NQU1,2125.75,2125.75,2121.75,2121.75,258
2011-08-26 06:50:00+00:00,33,1,56972,NQU1,2121.5,2122.5,2119.75,2122.5,336
2011-08-26 07:00:00+00:00,33,1,12038,NQZ1,2118.0,2118.0,2115.0,2115.0,2
2011-08-26 07:00:00+00:00,33,1,56972,NQU1,2122.75,2124.5,2114.75,2115.5,937
2011-08-26 07:10:00+00:00,33,1,56972,NQU1,2115.0,2119.0,2113.25,2114.75,1056
2011-08-26 07:20:00+00:00,33,1,56972,NQU1,2115.0,2115.5,2109.5,2110.75,998
2011-08-26 07:30:00+00:00,33,1,56972,NQU1,2110.0,2115.25,2110.0,2113.75,541
2011-08-26 07:40:00+00:00,33,1,56972,NQU1,2114.25,2115.75,2110.5,2112.25,552
2011-08-26 07:50:00+00:00,33,1,56972,NQU1,2112.5,2116.5,2109.75,2110.5,670
2011-08-26 08:00:00+00:00,33,1,56972,NQU1,2110.75,2115.5,2110.0,2114.5,720
2011-08-26 08:10:00+00:00,33,1,56972,NQU1,2114.25,2115.5,2111.25,2112.5,340
2011-08-26 08:20:00+00:00,33,1,56972,NQU1,2112.25,2117.0,2112.0,2117.0,336
2011-08-26 08:30:00+00:00,33,1,56972,NQU1,2116.5,2118.75,2115.5,2117.25,326
2011-08-26 08:40:00+00:00,33,1,56972,NQU1,2117.25,2117.25,2114.0,2116.25,157
2011-08-26 08:50:00+00:00,33,1,56972,NQU1,2115.75,2116.0,2111.25,2112.75,144
2011-08-26 09:00:00+00:00,33,1,56972,NQU1,2112.5,2117.0,2112.0,2115.75,128
2011-08-26 09:10:00+00:00,33,1,56972,NQU1,2116.5,2116.5,2113.5,2113.5,61
2011-08-26 09:20:00+00:00,33,1,56972,NQU1,2113.25,2116.25,2113.25,2115.0,101
2011-08-26 09:30:00+00:00,33,1,56972,NQU1,2115.75,2118.75,2115.75,2117.75,306
2011-08-26 09:40:00+00:00,33,1,56972,NQU1,2117.75,2117.75,2115.0,2116.5,93
2011-08-26 09:50:00+00:00,33,1,12038,NQZ1,2107.0,2107.0,2106.25,2106.25,5
2011-08-26 09:50:00+00:00,33,1,56972,NQU1,2116.5,2116.5,2111.0,2111.25,212
2011-08-26 10:00:00+00:00,33,1,12038,NQZ1,2107.5,2107.5,2107.5,2107.5,1
2011-08-26 10:00:00+00:00,33,1,56972,NQU1,2111.25,2113.75,2111.0,2112.5,214
2011-08-26 10:10:00+00:00,33,1,56972,NQU1,2112.75,2112.75,2109.5,2111.5,382
2011-08-26 10:20:00+00:00,33,1,56972,NQU1,2111.25,2112.0,2110.25,2110.5,178
2011-08-26 10:30:00+00:00,33,1,12038,NQZ1,2110.25,2110.25,2107.25,2107.25,6
2011-08-26 10:30:00+00:00,33,1,56972,NQU1,2110.5,2115.5,2110.25,2113.5,495
2011-08-26 10:30:00+00:00,33,1,612349,NQU1-NQZ1,-4.8,-4.8,-4.8,-4.8,1
2011-08-26 10:40:00+00:00,33,1,12038,NQZ1,2108.0,2108.0,2108.0,2108.0,1
2011-08-26 10:40:00+00:00,33,1,56972,NQU1,2113.25,2114.0,2112.25,2114.0,107
2011-08-26 10:50:00+00:00,33,1,12038,NQZ1,2110.0,2110.0,2110.0,2110.0,1
2011-08-26 10:50:00+00:00,33,1,56972,NQU1,2114.0,2116.0,2112.5,2114.0,314
2011-08-26 11:00:00+00:00,33,1,56972,NQU1,2114.75,2114.75,2111.0,2113.25,218
2011-08-26 11:10:00+00:00,33,1,56972,NQU1,2113.75,2113.75,2108.5,2109.0,325
2011-08-26 11:20:00+00:00,33,1,56972,NQU1,2109.0,2110.75,2108.25,2109.75,406
2011-08-26 11:30:00+00:00,33,1,56972,NQU1,2109.5,2109.5,2104.0,2104.5,579
2011-08-26 11:40:00+00:00,33,1,56972,NQU1,2105.0,2110.75,2105.0,2108.75,359
2011-08-26 11:50:00+00:00,33,1,56972,NQU1,2109.0,2109.5,2106.5,2108.0,606
2011-08-26 12:00:00+00:00,33,1,12038,NQZ1,2103.25,2103.5,2098.0,2101.25,24
2011-08-26 12:00:00+00:00,33,1,56972,NQU1,2108.5,2109.0,2102.5,2106.0,1649
2011-08-26 12:10:00+00:00,33,1,12038,NQZ1,2102.0,2103.75,2102.0,2103.75,11
2011-08-26 12:10:00+00:00,33,1,56972,NQU1,2106.25,2109.0,2106.0,2107.5,815
2011-08-26 12:20:00+00:00,33,1,12038,NQZ1,2103.0,2103.0,2100.0,2100.0,3
2011-08-26 12:20:00+00:00,33,1,56972,NQU1,2107.5,2108.75,2102.25,2105.0,849
2011-08-26 12:30:00+00:00,33,1,12038,NQZ1,2099.0,2099.0,2099.0,2099.0,1
2011-08-26 12:30:00+00:00,33,1,56972,NQU1,2104.75,2108.5,2101.0,2103.25,1693
2011-08-26 12:40:00+00:00,33,1,56972,NQU1,2103.5,2103.5,2096.25,2097.75,2359
2011-08-26 12:50:00+00:00,33,1,56972,NQU1,2097.5,2098.0,2094.25,2096.75,1508
2011-08-26 13:00:00+00:00,33,1,56972,NQU1,2096.75,2098.75,2096.25,2098.75,990
2011-08-26 13:10:00+00:00,33,1,56972,NQU1,2098.5,2104.75,2098.5,2099.25,1786
2011-08-26 13:20:00+00:00,33,1,12038,NQZ1,2091.75,2096.25,2091.25,2096.25,3
2011-08-26 13:20:00+00:00,33,1,56972,NQU1,2099.25,2102.75,2094.25,2102.75,3391
2011-08-26 13:30:00+00:00,33,1,12038,NQZ1,2097.25,2104.25,2097.25,2099.75,5
2011-08-26 13:30:00+00:00,33,1,56972,NQU1,2102.5,2111.25,2099.25,2100.5,12868
2011-08-26 13:40:00+00:00,33,1,12038,NQZ1,2094.75,2097.5,2089.0,2093.5,11
2011-08-26 13:40:00+00:00,33,1,56972,NQU1,2100.25,2103.5,2093.5,2099.25,12683
2011-08-26 13:50:00+00:00,33,1,12038,NQZ1,2092.5,2092.5,2091.0,2091.0,3
2011-08-26 13:50:00+00:00,33,1,56972,NQU1,2099.5,2103.5,2095.0,2102.0,7917
2011-08-26 14:00:00+00:00,33,1,8870,NQH2,2083.0,2083.0,2075.0,2075.0,4
2011-08-26 14:00:00+00:00,33,1,12038,NQZ1,2093.0,2093.0,2078.0,2079.0,11
2011-08-26 14:00:00+00:00,33,1,56972,NQU1,2101.75,2102.75,2080.75,2089.5,29514
2011-08-26 14:00:00+00:00,33,1,612349,NQU1-NQZ1,-4.75,-4.75,-4.8,-4.8,4
2011-08-26 14:10:00+00:00,33,1,12038,NQZ1,2083.25,2096.25,2081.0,2096.25,10
2011-08-26 14:10:00+00:00,33,1,56972,NQU1,2089.25,2103.0,2084.25,2102.0,13219
2011-08-26 14:20:00+00:00,33,1,12038,NQZ1,2098.75,2125.0,2098.75,2116.25,28
2011-08-26 14:20:00+00:00,33,1,56972,NQU1,2102.0,2132.25,2100.5,2122.5,22065
2011-08-26 14:30:00+00:00,33,1,12038,NQZ1,2118.75,2118.75,2110.5,2116.0,9
2011-08-26 14:30:00+00:00,33,1,56972,NQU1,2122.5,2125.0,2112.5,2118.75,12840
2011-08-26 14:30:00+00:00,33,1,612349,NQU1-NQZ1,-5.25,-5.25,-5.25,-5.25,2
2011-08-26 14:40:00+00:00,33,1,12038,NQZ1,2118.75,2139.75,2118.75,2135.0,17
2011-08-26 14:40:00+00:00,33,1,56972,NQU1,2118.75,2147.25,2117.25,2141.75,15786
2011-08-26 14:50:00+00:00,33,1,12038,NQZ1,2139.0,2139.0,2127.0,2127.25,14
2011-08-26 14:50:00+00:00,33,1,56972,NQU1,2141.75,2145.25,2129.5,2130.25,14225
2011-08-26 15:00:00+00:00,33,1,12038,NQZ1,2127.0,2134.0,2127.0,2134.0,2
2011-08-26 15:00:00+00:00,33,1,56972,NQU1,2130.0,2144.5,2126.25,2142.75,8934
2011-08-26 15:10:00+00:00,33,1,12038,NQZ1,2139.5,2149.5,2139.5,2142.5,20
2011-08-26 15:10:00+00:00,33,1,56972,NQU1,2142.75,2155.0,2141.25,2147.0,14467
2011-08-26 15:20:00+00:00,33,1,12038,NQZ1,2142.5,2142.75,2142.5,2142.75,2
2011-08-26 15:20:00+00:00,33,1,56972,NQU1,2147.0,2148.75,2140.75,2142.75,7331
2011-08-26 15:20:00+00:00,33,1,612349,NQU1-NQZ1,-5.25,-5.25,-5.25,-5.25,1
2011-08-26 15:30:00+00:00,33,1,12038,NQZ1,2140.0,2140.0,2140.0,2140.0,1
2011-08-26 15:30:00+00:00,33,1,56972,NQU1,2142.25,2149.5,2142.0,2144.5,5557
2011-08-26 15:40:00+00:00,33,1,12038,NQZ1,2138.75,2140.5,2137.0,2138.0,5
2011-08-26 15:40:00+00:00,33,1,56972,NQU1,2144.5,2147.0,2141.25,2143.25,4950
2011-08-26 15:50:00+00:00,33,1,12038,NQZ1,2139.75,2139.75,2139.75,2139.75,1
2011-08-26 15:50:00+00:00,33,1,56972,NQU1,2143.25,2150.5,2141.25,2149.0,4755
2011-08-26 16:00:00+00:00,33,1,12038,NQZ1,2152.25,2155.0,2150.25,2153.0,8
2011-08-26 16:00:00+00:00,33,1,56972,NQU1,2148.75,2162.25,2148.75,2162.25,12047
2011-08-26 16:10:00+00:00,33,1,12038,NQZ1,2157.75,2157.75,2153.25,2153.25,5
2011-08-26 16:10:00+00:00,33,1,56972,NQU1,2162.25,2163.75,2156.75,2158.0,6937
2011-08-26 16:20:00+00:00,33,1,12038,NQZ1,2155.0,2158.5,2153.75,2158.5,4
2011-08-26 16:20:00+00:00,33,1,56972,NQU1,2158.0,2163.5,2157.0,2163.5,3607
2011-08-26 16:30:00+00:00,33,1,56972,NQU1,2163.5,2163.75,2156.25,2160.0,4060
2011-08-26 16:40:00+00:00,33,1,56972,NQU1,2159.75,2162.5,2152.75,2153.5,3888
2011-08-26 16:50:00+00:00,33,1,56972,NQU1,2153.5,2157.75,2152.75,2156.5,3379
2011-08-26 17:00:00+00:00,33,1,12038,NQZ1,2147.25,2153.0,2147.25,2153.0,2
2011-08-26 17:00:00+00:00,33,1,56972,NQU1,2156.5,2158.75,2151.75,2156.75,3441
2011-08-26 17:10:00+00:00,33,1,56972,NQU1,2156.5,2161.0,2155.25,2157.75,2435
2011-08-26 17:20:00+00:00,33,1,56972,NQU1,2157.75,2162.25,2156.0,2162.0,1978
2011-08-26 17:30:00+00:00,33,1,56972,NQU1,2161.75,2163.75,2161.0,2161.75,2932
2011-08-26 17:40:00+00:00,33,1,12038,NQZ1,2159.75,2162.25,2159.75,2162.25,6
2011-08-26 17:40:00+00:00,33,1,56972,NQU1,2161.5,2168.0,2161.5,2165.5,4348
2011-08-26 17:50:00+00:00,33,1,12038,NQZ1,2157.5,2157.5,2157.0,2157.0,2
2011-08-26 17:50:00+00:00,33,1,56972,NQU1,2165.5,2166.75,2161.25,2166.5,3068
2011-08-26 18:00:00+00:00,33,1,56972,NQU1,2166.75,2169.0,2162.5,2163.75,5476
2011-08-26 18:10:00+00:00,33,1,12038,NQZ1,2155.0,2155.0,2155.0,2155.0,2
2011-08-26 18:10:00+00:00,33,1,56972,NQU1,2163.75,2164.0,2159.75,2162.5,2638
2011-08-26 18:20:00+00:00,33,1,12038,NQZ1,2153.0,2153.0,2153.0,2153.0,1
2011-08-26 18:20:00+00:00,33,1,56972,NQU1,2162.75,2164.5,2156.25,2157.0,2619
2011-08-26 18:30:00+00:00,33,1,12038,NQZ1,2153.25,2153.25,2150.0,2150.0,3
2011-08-26 18:30:00+00:00,33,1,56972,NQU1,2157.0,2160.0,2154.0,2157.25,3034
2011-08-26 18:40:00+00:00,33,1,12038,NQZ1,2154.0,2157.0,2154.0,2157.0,2
2011-08-26 18:40:00+00:00,33,1,56972,NQU1,2157.25,2163.75,2156.75,2162.25,3564
2011-08-26 18:50:00+00:00,33,1,56972,NQU1,2162.25,2164.25,2160.0,2162.0,2072
2011-08-26 19:00:00+00:00,33,1,12038,NQZ1,2150.25,2150.25,2150.25,2150.25,1
2011-08-26 19:00:00+00:00,33,1,56972,NQU1,2162.0,2162.5,2154.5,2155.5,3652
2011-08-26 19:10:00+00:00,33,1,8870,NQH2,2140.0,2140.0,2140.0,2140.0,1
2011-08-26 19:10:00+00:00,33,1,12038,NQZ1,2150.5,2150.5,2144.0,2144.5,4
2011-08-26 19:10:00+00:00,33,1,56972,NQU1,2155.25,2156.75,2147.5,2150.25,6254
2011-08-26 19:20:00+00:00,33,1,12038,NQZ1,2141.0,2141.0,2141.0,2141.0,1
2011-08-26 19:20:00+00:00,33,1,56972,NQU1,2150.0,2152.0,2145.75,2151.75,4258
2011-08-26 19:30:00+00:00,33,1,12038,NQZ1,2147.0,2150.0,2147.0,2150.0,7
2011-08-26 19:30:00+00:00,33,1,56972,NQU1,2152.0,2157.0,2150.5,2155.75,4398
2011-08-26 19:40:00+00:00,33,1,12038,NQZ1,2151.75,2155.0,2151.75,2153.75,27
2011-08-26 19:40:00+00:00,33,1,56972,NQU1,2156.0,2161.25,2156.0,2158.75,6282
2011-08-26 19:50:00+00:00,33,1,12038,NQZ1,2153.5,2155.25,2153.5,2155.25,8
2011-08-26 19:50:00+00:00,33,1,56972,NQU1,2158.75,2161.0,2156.0,2160.75,15586
2011-08-26 20:00:00+00:00,33,1,12038,NQZ1,2160.25,2161.0,2159.25,2161.0,13
2011-08-26 20:00:00+00:00,33,1,56972,NQU1,2160.5,2167.25,2160.5,2165.5,8339
2011-08-26 20:10:00+00:00,33,1,12038,NQZ1,2162.0,2162.0,2162.0,2162.0,3
2011-08-26 20:10:00+00:00,33,1,56972,NQU1,2165.5,2168.5,2164.5,2165.5,2242
2011-08-28 22:00:00+00:00,33,1,12038,NQZ1,2160.75,2160.75,2160.75,2160.75,1
2011-08-28 22:00:00+00:00,33,1,56972,NQU1,2164.0,2165.5,2158.75,2159.25,222
2011-08-28 22:00:00+00:00,33,1,612349,NQU1-NQZ1,-4.15,-4.15,-4.15,-4.15,1
2011-08-28 22:10:00+00:00,33,1,56972,NQU1,2159.25,2163.25,2158.0,2163.0,77
2011-08-28 22:20:00+00:00,33,1,56972,NQU1,2163.0,2164.0,2163.0,2164.0,14
2011-08-28 22:30:00+00:00,33,1,56972,NQU1,2164.25,2169.0,2164.0,2166.5,188
2011-08-28 22:40:00+00:00,33,1,56972,NQU1,2166.0,2166.25,2163.75,2164.0,67
2011-08-28 22:50:00+00:00,33,1,56972,NQU1,2164.0,2165.25,2163.25,2164.5,76
2011-08-28 23:00:00+00:00,33,1,56972,NQU1,2164.0,2164.5,2162.5,2163.25,52
2011-08-28 23:10:00+00:00,33,1,56972,NQU1,2163.5,2164.0,2163.0,2164.0,16
2011-08-28 23:20:00+00:00,33,1,56972,NQU1,2163.5,2163.75,2163.25,2163.25,11
2011-08-28 23:30:00+00:00,33,1,56972,NQU1,2163.5,2165.0,2163.25,2165.0,14
2011-08-28 23:40:00+00:00,33,1,56972,NQU1,2163.5,2165.75,2163.0,2165.5,86
2011-08-28 23:50:00+00:00,33,1,56972,NQU1,2165.5,2169.0,2165.25,2166.5,100
2011-08-29 00:00:00+00:00,33,1,56972,NQU1,2167.75,2169.25,2166.5,2167.75,251
2011-08-29 00:10:00+00:00,33,1,12038,NQZ1,2160.75,2160.75,2160.75,2160.75,4
2011-08-29 00:10:00+00:00,33,1,56972,NQU1,2167.5,2168.5,2165.5,2167.0,190
2011-08-29 00:20:00+00:00,33,1,56972,NQU1,2167.0,2167.0,2162.5,2163.5,149
2011-08-29 00:30:00+00:00,33,1,56972,NQU1,2164.25,2165.5,2162.0,2163.5,88
2011-08-29 00:40:00+00:00,33,1,56972,NQU1,2163.5,2166.25,2163.5,2166.25,74
2011-08-29 00:50:00+00:00,33,1,56972,NQU1,2166.0,2166.0,2164.5,2165.5,57
2011-08-29 01:00:00+00:00,33,1,56972,NQU1,2166.0,2167.5,2165.0,2167.25,42
2011-08-29 01:10:00+00:00,33,1,12038,NQZ1,2165.75,2166.0,2165.75,2166.0,2
2011-08-29 01:10:00+00:00,33,1,56972,NQU1,2166.75,2172.0,2166.5,2171.75,786
2011-08-29 01:20:00+00:00,33,1,56972,NQU1,2172.0,2175.25,2169.25,2175.0,469
2011-08-29 01:30:00+00:00,33,1,12038,NQZ1,2170.75,2170.75,2167.0,2167.0,4
2011-08-29 01:30:00+00:00,33,1,56972,NQU1,2175.0,2175.0,2172.0,2172.5,152
2011-08-29 01:40:00+00:00,33,1,56972,NQU1,2172.5,2176.25,2172.5,2176.25,88
2011-08-29 01:50:00+00:00,33,1,12038,NQZ1,2172.25,2172.25,2172.25,2172.25,1
2011-08-29 01:50:00+00:00,33,1,56972,NQU1,2176.25,2177.25,2173.25,2173.5,149
2011-08-29 02:00:00+00:00,33,1,56972,NQU1,2174.0,2175.25,2173.25,2175.25,95
2011-08-29 02:10:00+00:00,33,1,56972,NQU1,2175.0,2175.25,2170.75,2171.25,60
2011-08-29 02:20:00+00:00,33,1,12038,NQZ1,2169.75,2169.75,2169.75,2169.75,1
2011-08-29 02:20:00+00:00,33,1,56972,NQU1,2172.5,2175.0,2172.5,2174.5,86
2011-08-29 02:30:00+00:00,33,1,56972,NQU1,2175.25,2175.25,2172.25,2174.25,74
2011-08-29 02:40:00+00:00,33,1,56972,NQU1,2174.0,2176.25,2173.5,2175.25,45
2011-08-29 02:50:00+00:00,33,1,12038,NQZ1,2171.25,2171.25,2171.25,2171.25,1
2011-08-29 02:50:00+00:00,33,1,56972,NQU1,2176.0,2177.0,2174.75,2175.25,38
2011-08-29 03:00:00+00:00,33,1,56972,NQU1,2175.25,2175.5,2174.25,2175.5,19
2011-08-29 03:10:00+00:00,33,1,56972,NQU1,2175.5,2176.75,2175.5,2175.75,26
2011-08-29 03:20:00+00:00,33,1,56972,NQU1,2175.75,2175.75,2174.75,2175.5,41
2011-08-29 03:30:00+00:00,33,1,56972,NQU1,2175.25,2178.25,2174.0,2176.5,63
2011-08-29 03:40:00+00:00,33,1,12038,NQZ1,2172.0,2172.0,2172.0,2172.0,1
2011-08-29 03:40:00+00:00,33,1,56972,NQU1,2177.0,2177.75,2176.75,2177.5,32
2011-08-29 03:50:00+00:00,33,1,56972,NQU1,2177.5,2177.5,2176.75,2177.0,16
2011-08-29 04:00:00+00:00,33,1,56972,NQU1,2177.5,2182.0,2177.25,2181.5,328
2011-08-29 04:10:00+00:00,33,1,56972,NQU1,2181.5,2185.0,2181.25,2184.0,488
2011-08-29 04:20:00+00:00,33,1,56972,NQU1,2184.25,2184.75,2183.75,2184.0,51
2011-08-29 04:30:00+00:00,33,1,56972,NQU1,2183.75,2184.5,2183.0,2184.25,304
2011-08-29 04:40:00+00:00,33,1,56972,NQU1,2184.25,2184.25,2183.0,2183.0,166
2011-08-29 04:50:00+00:00,33,1,56972,NQU1,2181.5,2184.0,2181.5,2182.5,46
2011-08-29 05:00:00+00:00,33,1,12038,NQZ1,2177.5,2178.75,2177.5,2178.75,2
2011-08-29 05:00:00+00:00,33,1,56972,NQU1,2182.0,2183.75,2182.0,2183.25,34
2011-08-29 05:10:00+00:00,33,1,56972,NQU1,2183.75,2184.0,2183.0,2184.0,17
2011-08-29 05:20:00+00:00,33,1,12038,NQZ1,2180.0,2180.0,2180.0,2180.0,2
2011-08-29 05:20:00+00:00,33,1,56972,NQU1,2184.25,2186.25,2183.0,2184.25,145
2011-08-29 05:30:00+00:00,33,1,56972,NQU1,2184.0,2185.25,2183.0,2183.0,106
2011-08-29 05:40:00+00:00,33,1,56972,NQU1,2182.75,2183.5,2182.25,2183.0,58
2011-08-29 05:50:00+00:00,33,1,56972,NQU1,2182.75,2183.0,2182.0,2183.0,221
2011-08-29 06:00:00+00:00,33,1,56972,NQU1,2183.0,2186.0,2182.5,2186.0,175
2011-08-29 06:10:00+00:00,33,1,8870,NQH2,2175.5,2175.5,2175.5,2175.5,1
2011-08-29 06:10:00+00:00,33,1,12038,NQZ1,2181.75,2182.0,2181.75,2181.75,3
2011-08-29 06:10:00+00:00,33,1,56972,NQU1,2185.5,2186.5,2183.0,2183.75,164
2011-08-29 06:20:00+00:00,33,1,12038,NQZ1,2177.75,2177.75,2177.75,2177.75,2
2011-08-29 06:20:00+00:00,33,1,56972,NQU1,2184.25,2184.5,2181.5,2183.25,145
2011-08-29 06:30:00+00:00,33,1,12038,NQZ1,2177.0,2177.0,2177.0,2177.0,1
2011-08-29 06:30:00+00:00,33,1,56972,NQU1,2182.75,2183.25,2182.25,2182.25,88
2011-08-29 06:40:00+00:00,33,1,56972,NQU1,2182.75,2184.25,2182.25,2183.5,151
2011-08-29 06:50:00+00:00,33,1,56972,NQU1,2183.5,2184.25,2182.0,2183.5,318
2011-08-29 07:00:00+00:00,33,1,56972,NQU1,2183.25,2184.25,2181.5,2182.0,599
2011-08-29 07:10:00+00:00,33,1,56972,NQU1,2182.0,2186.25,2182.0,2185.5,368
2011-08-29 07:20:00+00:00,33,1,56972,NQU1,2185.0,2185.0,2182.25,2183.5,299
2011-08-29 07:30:00+00:00,33,1,56972,NQU1,2183.5,2184.25,2181.25,2183.5,470
2011-08-29 07:40:00+00:00,33,1,56972,NQU1,2183.5,2184.75,2181.25,2181.5,232
2011-08-29 07:50:00+00:00,33,1,56972,NQU1,2181.5,2183.25,2181.5,2183.0,245
2011-08-29 08:00:00+00:00,33,1,12038,NQZ1,2178.0,2178.0,2178.0,2178.0,1
2011-08-29 08:00:00+00:00,33,1,56972,NQU1,2183.0,2184.0,2181.25,2181.75,250
2011-08-29 08:10:00+00:00,33,1,56972,NQU1,2181.75,2183.5,2181.0,2182.0,252
2011-08-29 08:20:00+00:00,33,1,56972,NQU1,2181.75,2184.25,2181.75,2184.0,180
2011-08-29 08:30:00+00:00,33,1,56972,NQU1,2184.25,2185.0,2183.5,2183.5,78
2011-08-29 08:40:00+00:00,33,1,56972,NQU1,2183.75,2183.75,2181.5,2181.75,45
2011-08-29 08:50:00+00:00,33,1,56972,NQU1,2182.0,2184.25,2182.0,2183.0,141
2011-08-29 09:00:00+00:00,33,1,56972,NQU1,2183.25,2185.75,2183.25,2184.75,129
2011-08-29 09:10:00+00:00,33,1,56972,NQU1,2184.5,2184.5,2183.5,2184.0,44
2011-08-29 09:20:00+00:00,33,1,56972,NQU1,2183.75,2185.0,2183.5,2185.0,113
2011-08-29 09:30:00+00:00,33,1,56972,NQU1,2184.5,2184.5,2183.0,2183.75,114
2011-08-29 09:40:00+00:00,33,1,56972,NQU1,2183.5,2184.0,2183.0,2184.0,137
2011-08-29 09:50:00+00:00,33,1,56972,NQU1,2184.0,2184.25,2181.25,2182.5,513
2011-08-29 10:00:00+00:00,33,1,56972,NQU1,2182.25,2183.0,2182.0,2182.5,137
2011-08-29 10:10:00+00:00,33,1,56972,NQU1,2182.5,2183.5,2182.5,2183.0,118
2011-08-29 10:20:00+00:00,33,1,56972,NQU1,2183.25,2183.25,2180.0,2181.25,475
2011-08-29 10:30:00+00:00,33,1,56972,NQU1,2181.0,2182.25,2180.5,2181.75,106
2011-08-29 10:40:00+00:00,33,1,56972,NQU1,2181.75,2183.75,2181.0,2182.5,186
2011-08-29 10:50:00+00:00,33,1,56972,NQU1,2182.25,2183.5,2182.0,2182.5,214
2011-08-29 11:00:00+00:00,33,1,12038,NQZ1,2182.0,2182.0,2182.0,2182.0,1
2011-08-29 11:00:00+00:00,33,1,56972,NQU1,2182.5,2188.0,2182.25,2186.75,656
2011-08-29 11:10:00+00:00,33,1,56972,NQU1,2187.25,2187.25,2184.25,2184.25,242
2011-08-29 11:20:00+00:00,33,1,56972,NQU1,2184.75,2185.75,2184.0,2184.75,161
2011-08-29 11:30:00+00:00,33,1,56972,NQU1,2184.75,2186.25,2184.0,2185.25,296
2011-08-29 11:40:00+00:00,33,1,56972,NQU1,2185.0,2187.25,2184.5,2185.0,244
2011-08-29 11:50:00+00:00,33,1,12038,NQZ1,2180.0,2180.0,2180.0,2180.0,1
2011-08-29 11:50:00+00:00,33,1,56972,NQU1,2184.75,2185.25,2182.0,2182.25,396
2011-08-29 12:00:00+00:00,33,1,56972,NQU1,2182.5,2183.0,2181.25,2183.0,373
2011-08-29 12:10:00+00:00,33,1,56972,NQU1,2182.75,2183.5,2182.0,2183.25,399
2011-08-29 12:20:00+00:00,33,1,56972,NQU1,2183.25,2185.75,2183.0,2184.75,571
2011-08-29 12:30:00+00:00,33,1,56972,NQU1,2184.75,2187.5,2184.75,2186.75,1005
2011-08-29 12:40:00+00:00,33,1,56972,NQU1,2186.5,2187.25,2184.0,2185.75,747
2011-08-29 12:50:00+00:00,33,1,12038,NQZ1,2181.0,2181.0,2181.0,2181.0,1
2011-08-29 12:50:00+00:00,33,1,56972,NQU1,2185.75,2188.25,2183.5,2186.25,599
2011-08-29 13:00:00+00:00,33,1,8870,NQH2,2175.0,2183.75,2175.0,2183.75,4
2011-08-29 13:00:00+00:00,33,1,56972,NQU1,2186.25,2190.0,2186.0,2188.75,1361
2011-08-29 13:10:00+00:00,33,1,12038,NQZ1,2187.25,2187.25,2183.0,2183.0,5
2011-08-29 13:10:00+00:00,33,1,56972,NQU1,2189.0,2189.25,2186.0,2186.25,1103
2011-08-29 13:20:00+00:00,33,1,12038,NQZ1,2182.25,2182.25,2180.0,2180.0,2
2011-08-29 13:20:00+00:00,33,1,56972,NQU1,2186.25,2188.25,2182.5,2182.75,3446
2011-08-29 13:30:00+00:00,33,1,12038,NQZ1,2187.0,2192.5,2187.0,2190.75,8
2011-08-29 13:30:00+00:00,33,1,56972,NQU1,2182.75,2198.25,2182.0,2195.25,18217
2011-08-29 13:40:00+00:00,33,1,12038,NQZ1,2195.0,2195.0,2194.0,2194.0,2
2011-08-29 13:40:00+00:00,33,1,56972,NQU1,2195.25,2203.75,2192.5,2203.5,8446
2011-08-29 13:50:00+00:00,33,1,8870,NQH2,2190.0,2190.0,2190.0,2190.0,1
2011-08-29 13:50:00+00:00,33,1,12038,NQZ1,2198.5,2200.75,2198.5,2200.75,4
2011-08-29 13:50:00+00:00,33,1,56972,NQU1,2203.25,2204.75,2197.5,2200.75,7424
2011-08-29 14:00:00+00:00,33,1,12038,NQZ1,2196.0,2196.0,2192.75,2192.75,4
2011-08-29 14:00:00+00:00,33,1,56972,NQU1,2200.75,2202.25,2195.75,2200.0,11864
2011-08-29 14:10:00+00:00,33,1,12038,NQZ1,2195.0,2198.25,2195.0,2198.0,3
2011-08-29 14:10:00+00:00,33,1,56972,NQU1,2200.0,2204.75,2198.75,2204.25,4651
2011-08-29 14:20:00+00:00,33,1,12038,NQZ1,2200.0,2202.0,2200.0,2201.75,4
2011-08-29 14:20:00+00:00,33,1,56972,NQU1,2204.5,2208.0,2202.5,2203.0,4912
2011-08-29 14:30:00+00:00,33,1,12038,NQZ1,2197.5,2198.5,2197.5,2198.5,7
2011-08-29 14:30:00+00:00,33,1,56972,NQU1,2202.75,2205.75,2201.25,2205.25,3423
2011-08-29 14:40:00+00:00,33,1,56972,NQU1,2205.0,2205.25,2201.5,2202.5,4856
2011-08-29 14:50:00+00:00,33,1,12038,NQZ1,2198.75,2198.75,2197.0,2197.0,2
2011-08-29 14:50:00+00:00,33,1,56972,NQU1,2202.5,2204.5,2199.5,2202.5,3525
2011-08-29 15:00:00+00:00,33,1,12038,NQZ1,2196.75,2196.75,2192.25,2192.25,12
2011-08-29 15:00:00+00:00,33,1,56972,NQU1,2202.25,2202.75,2196.5,2197.75,3760
2011-08-29 15:10:00+00:00,33,1,12038,NQZ1,2196.25,2196.25,2196.25,2196.25,1
2011-08-29 15:10:00+00:00,33,1,56972,NQU1,2197.75,2202.25,2197.0,2201.75,3493
2011-08-29 15:20:00+00:00,33,1,12038,NQZ1,2196.5,2196.5,2196.5,2196.5,1
2011-08-29 15:20:00+00:00,33,1,56972,NQU1,2201.75,2203.25,2199.25,2201.25,2419
2011-08-29 15:30:00+00:00,33,1,12038,NQZ1,2200.0,2200.0,2200.0,2200.0,2
2011-08-29 15:30:00+00:00,33,1,56972,NQU1,2201.25,2207.25,2199.5,2205.25,3999
2011-08-29 15:40:00+00:00,33,1,12038,NQZ1,2200.0,2200.0,2200.0,2200.0,1
2011-08-29 15:40:00+00:00,33,1,56972,NQU1,2205.5,2207.75,2204.75,2207.5,1903
2011-08-29 15:50:00+00:00,33,1,12038,NQZ1,2201.5,2201.5,2201.5,2201.5,1
2011-08-29 15:50:00+00:00,33,1,56972,NQU1,2207.75,2209.5,2206.25,2207.25,2020
2011-08-29 16:00:00+00:00,33,1,12038,NQZ1,2204.25,2205.0,2203.5,2203.5,5
2011-08-29 16:00:00+00:00,33,1,56972,NQU1,2207.25,2211.5,2206.75,2209.5,3232
2011-08-29 16:10:00+00:00,33,1,56972,NQU1,2210.0,2211.0,2208.5,2210.75,2073
2011-08-29 16:20:00+00:00,33,1,56972,NQU1,2210.25,2211.25,2208.5,2209.0,1533
2011-08-29 16:30:00+00:00,33,1,12038,NQZ1,2204.5,2205.0,2204.5,2205.0,2
2011-08-29 16:30:00+00:00,33,1,56972,NQU1,2209.0,2211.0,2208.0,2209.75,3488
2011-08-29 16:40:00+00:00,33,1,12038,NQZ1,2208.0,2208.0,2208.0,2208.0,4
2011-08-29 16:40:00+00:00,33,1,56972,NQU1,2209.75,2213.75,2209.5,2211.0,3817
2011-08-29 16:50:00+00:00,33,1,12038,NQZ1,2206.5,2206.5,2206.5,2206.5,1
2011-08-29 16:50:00+00:00,33,1,56972,NQU1,2211.0,2213.25,2210.5,2211.75,1674
2011-08-29 17:00:00+00:00,33,1,12038,NQZ1,2207.25,2207.25,2207.25,2207.25,1
2011-08-29 17:00:00+00:00,33,1,56972,NQU1,2211.5,2215.5,2211.0,2214.5,3134
2011-08-29 17:10:00+00:00,33,1,12038,NQZ1,2211.5,2211.5,2209.75,2209.75,4
2011-08-29 17:10:00+00:00,33,1,56972,NQU1,2214.75,2217.0,2214.0,2214.75,2584
2011-08-29 17:20:00+00:00,33,1,12038,NQZ1,2208.0,2208.75,2208.0,2208.75,3
2011-08-29 17:20:00+00:00,33,1,56972,NQU1,2215.0,2215.5,2212.0,2212.25,2342
2011-08-29 17:30:00+00:00,33,1,12038,NQZ1,2206.0,2207.25,2206.0,2207.25,2
2011-08-29 17:30:00+00:00,33,1,56972,NQU1,2212.0,2212.75,2210.0,2212.5,2247
2011-08-29 17:40:00+00:00,33,1,56972,NQU1,2212.5,2213.5,2209.25,2209.5,3142
2011-08-29 17:50:00+00:00,33,1,56972,NQU1,2209.75,2212.75,2208.75,2210.75,2072
2011-08-29 18:00:00+00:00,33,1,12038,NQZ1,2207.0,2207.0,2207.0,2207.0,1
2011-08-29 18:00:00+00:00,33,1,56972,NQU1,2210.5,2213.75,2210.25,2213.5,1629
2011-08-29 18:10:00+00:00,33,1,12038,NQZ1,2209.0,2210.0,2209.0,2210.0,2
2011-08-29 18:10:00+00:00,33,1,56972,NQU1,2213.5,2215.75,2211.25,2211.75,2858
2011-08-29 18:20:00+00:00,33,1,12038,NQZ1,2206.75,2210.0,2206.75,2210.0,11
2011-08-29 18:20:00+00:00,33,1,56972,NQU1,2211.5,2216.0,2211.5,2215.75,1863
2011-08-29 18:30:00+00:00,33,1,12038,NQZ1,2210.75,2214.0,2210.75,2212.75,3
2011-08-29 18:30:00+00:00,33,1,56972,NQU1,2216.0,2219.25,2214.5,2218.75,3508
2011-08-29 18:40:00+00:00,33,1,56972,NQU1,2218.75,2219.25,2216.5,2218.25,2289
2011-08-29 18:50:00+00:00,33,1,56972,NQU1,2218.5,2219.0,2213.75,2216.0,2786
2011-08-29 19:00:00+00:00,33,1,56972,NQU1,2215.75,2217.5,2213.75,2214.25,2539
2011-08-29 19:10:00+00:00,33,1,12038,NQZ1,2211.25,2211.25,2211.25,2211.25,1
2011-08-29 19:10:00+00:00,33,1,56972,NQU1,2214.0,2218.0,2214.0,2215.25,2661
2011-08-29 19:20:00+00:00,33,1,12038,NQZ1,2210.5,2214.25,2210.5,2214.25,3
2011-08-29 19:20:00+00:00,33,1,56972,NQU1,2215.5,2220.25,2215.5,2220.0,3462
2011-08-29 19:30:00+00:00,33,1,12038,NQZ1,2215.25,2215.25,2215.0,2215.0,3
2011-08-29 19:30:00+00:00,33,1,56972,NQU1,2219.75,2220.75,2217.25,2219.75,4969
2011-08-29 19:40:00+00:00,33,1,8870,NQH2,2211.0,2211.0,2211.0,2211.0,1
2011-08-29 19:40:00+00:00,33,1,12038,NQZ1,2215.25,2216.25,2215.25,2216.25,8
2011-08-29 19:40:00+00:00,33,1,56972,NQU1,2219.75,2222.0,2219.0,2219.75,5832
2011-08-29 19:50:00+00:00,33,1,12038,NQZ1,2216.5,2218.0,2216.5,2217.0,5
2011-08-29 19:50:00+00:00,33,1,56972,NQU1,2219.75,2223.75,2217.75,2222.0,13418
2011-08-29 20:00:00+00:00,33,1,56972,NQU1,2221.75,2225.0,2219.0,2219.75,8158
2011-08-29 20:10:00+00:00,33,1,12038,NQZ1,2214.0,2214.0,2213.0,2213.0,2
2011-08-29 20:10:00+00:00,33,1,56972,NQU1,2219.5,2221.25,2218.25,2220.75,2032
2011-08-29 20:30:00+00:00,33,1,56972,NQU1,2219.5,2221.75,2219.5,2219.5,284
2011-08-29 20:40:00+00:00,33,1,56972,NQU1,2219.5,2220.75,2219.5,2220.25,52
2011-08-29 20:50:00+00:00,33,1,56972,NQU1,2220.25,2221.25,2220.0,2220.0,51
2011-08-29 21:00:00+00:00,33,1,56972,NQU1,2220.0,2220.75,2219.5,2220.5,24
2011-08-29 21:10:00+00:00,33,1,56972,NQU1,2221.0,2221.0,2220.0,2220.0,45
2011-08-29 21:20:00+00:00,33,1,56972,NQU1,2220.25,2220.5,2220.0,2220.5,39
2011-08-29 22:00:00+00:00,33,1,12038,NQZ1,2216.5,2216.5,2216.5,2216.5,1
2011-08-29 22:00:00+00:00,33,1,56972,NQU1,2219.5,2220.25,2219.5,2219.5,56
2011-08-29 22:10:00+00:00,33,1,56972,NQU1,2219.75,2219.75,2218.5,2219.25,78
2011-08-29 22:20:00+00:00,33,1,56972,NQU1,2219.0,2219.25,2219.0,2219.25,13
2011-08-29 22:30:00+00:00,33,1,56972,NQU1,2218.75,2219.75,2217.75,2218.75,87
2011-08-29 22:40:00+00:00,33,1,56972,NQU1,2218.75,2218.75,2218.0,2218.5,19
2011-08-29 22:50:00+00:00,33,1,56972,NQU1,2218.25,2219.5,2218.25,2218.75,17
2011-08-29 23:00:00+00:00,33,1,56972,NQU1,2218.75,2219.75,2218.75,2219.75,36
2011-08-29 23:10:00+00:00,33,1,56972,NQU1,2219.75,2219.75,2219.0,2219.0,19
2011-08-29 23:20:00+00:00,33,1,56972,NQU1,2219.25,2219.25,2219.0,2219.0,7
2011-08-29 23:30:00+00:00,33,1,56972,NQU1,2219.0,2219.75,2219.0,2219.75,7
2011-08-29 23:40:00+00:00,33,1,56972,NQU1,2219.25,2220.0,2219.25,2219.5,15
2011-08-29 23:50:00+00:00,33,1,56972,NQU1,2220.0,2220.0,2219.5,2220.0,15
2011-08-30 00:00:00+00:00,33,1,56972,NQU1,2219.25,2220.0,2218.5,2219.5,60
2011-08-30 00:10:00+00:00,33,1,12038,NQZ1,2215.5,2215.5,2215.5,2215.5,2
2011-08-30 00:10:00+00:00,33,1,56972,NQU1,2219.25,2221.75,2219.25,2221.0,80
2011-08-30 00:20:00+00:00,33,1,56972,NQU1,2221.25,2224.5,2221.0,2223.25,178
2011-08-30 00:30:00+00:00,33,1,56972,NQU1,2223.25,2224.5,2222.75,2223.75,68
2011-08-30 00:40:00+00:00,33,1,56972,NQU1,2223.25,2223.5,2221.25,2221.25,39
2011-08-30 00:50:00+00:00,33,1,56972,NQU1,2221.5,2221.75,2220.25,2221.0,59
2011-08-30 01:00:00+00:00,33,1,56972,NQU1,2221.25,2222.75,2220.5,2221.25,69
2011-08-30 01:10:00+00:00,33,1,12038,NQZ1,2215.5,2215.5,2215.5,2215.5,1
2011-08-30 01:10:00+00:00,33,1,56972,NQU1,2221.0,2221.25,2218.75,2219.75,60
2011-08-30 01:20:00+00:00,33,1,56972,NQU1,2219.75,2221.5,2219.25,2219.25,53
2011-08-30 01:30:00+00:00,33,1,56972,NQU1,2219.0,2221.25,2219.0,2221.0,49
2011-08-30 01:40:00+00:00,33,1,56972,NQU1,2220.75,2221.25,2219.0,2219.0,52
2011-08-30 01:50:00+00:00,33,1,56972,NQU1,2219.5,2220.75,2219.0,2220.5,38
2011-08-30 02:00:00+00:00,33,1,56972,NQU1,2220.75,2222.25,2220.25,2221.75,96
2011-08-30 02:10:00+00:00,33,1,56972,NQU1,2222.0,2222.25,2221.5,2222.0,91
2011-08-30 02:20:00+00:00,33,1,56972,NQU1,2222.0,2222.25,2221.25,2222.25,30
2011-08-30 02:30:00+00:00,33,1,56972,NQU1,2222.25,2222.75,2221.5,2222.5,45
2011-08-30 02:40:00+00:00,33,1,56972,NQU1,2222.5,2222.5,2222.0,2222.0,18
2011-08-30 02:50:00+00:00,33,1,56972,NQU1,2222.0,2222.25,2221.75,2221.75,18
2011-08-30 03:00:00+00:00,33,1,12038,NQZ1,2217.25,2217.25,2217.25,2217.25,1
2011-08-30 03:00:00+00:00,33,1,56972,NQU1,2221.5,2221.75,2221.0,2221.75,21
2011-08-30 03:10:00+00:00,33,1,56972,NQU1,2221.25,2221.25,2220.75,2220.75,9
2011-08-30 03:20:00+00:00,33,1,12038,NQZ1,2216.0,2216.0,2216.0,2216.0,1
2011-08-30 03:20:00+00:00,33,1,56972,NQU1,2220.5,2221.0,2218.5,2220.25,124
2011-08-30 03:30:00+00:00,33,1,56972,NQU1,2220.5,2221.0,2219.75,2219.75,81
2011-08-30 03:40:00+00:00,33,1,56972,NQU1,2220.0,2220.75,2219.5,2219.5,17
2011-08-30 03:50:00+00:00,33,1,56972,NQU1,2219.75,2220.0,2219.0,2219.5,24
2011-08-30 04:00:00+00:00,33,1,56972,NQU1,2219.5,2220.0,2219.0,2219.5,17
2011-08-30 04:10:00+00:00,33,1,56972,NQU1,2219.5,2220.0,2218.75,2219.0,23
2011-08-30 04:20:00+00:00,33,1,56972,NQU1,2218.5,2219.25,2218.25,2218.25,46
2011-08-30 04:30:00+00:00,33,1,56972,NQU1,2218.5,2219.25,2218.25,2218.75,72
2011-08-30 04:40:00+00:00,33,1,56972,NQU1,2218.75,2219.5,2218.5,2218.75,49
2011-08-30 04:50:00+00:00,33,1,56972,NQU1,2219.25,2219.5,2219.25,2219.25,12
2011-08-30 05:00:00+00:00,33,1,56972,NQU1,2219.25,2220.25,2219.0,2219.0,42
2011-08-30 05:10:00+00:00,33,1,56972,NQU1,2219.0,2220.75,2219.0,2220.25,20
2011-08-30 05:20:00+00:00,33,1,56972,NQU1,2220.25,2220.75,2219.0,2220.5,83
2011-08-30 05:30:00+00:00,33,1,56972,NQU1,2220.25,2222.5,2220.25,2220.75,86
2011-08-30 05:40:00+00:00,33,1,56972,NQU1,2221.0,2221.75,2220.5,2220.75,24
2011-08-30 05:50:00+00:00,33,1,12038,NQZ1,2215.75,2215.75,2215.5,2215.5,2
2011-08-30 05:50:00+00:00,33,1,56972,NQU1,2220.75,2221.25,2219.25,2219.75,77
2011-08-30 06:00:00+00:00,33,1,56972,NQU1,2219.75,2220.75,2218.5,2218.75,185
2011-08-30 06:10:00+00:00,33,1,56972,NQU1,2218.75,2218.75,2217.0,2217.0,179
2011-08-30 06:20:00+00:00,33,1,56972,NQU1,2217.25,2217.75,2216.75,2217.0,166
2011-08-30 06:30:00+00:00,33,1,56972,NQU1,2217.25,2217.25,2215.25,2215.75,148
2011-08-30 06:40:00+00:00,33,1,56972,NQU1,2215.75,2215.75,2213.25,2214.0,391
2011-08-30 06:50:00+00:00,33,1,56972,NQU1,2214.25,2215.5,2213.25,2215.5,370
2011-08-30 07:00:00+00:00,33,1,56972,NQU1,2215.5,2218.5,2215.25,2218.0,625
2011-08-30 07:10:00+00:00,33,1,56972,NQU1,2217.75,2217.75,2213.0,2215.25,793
2011-08-30 07:20:00+00:00,33,1,12038,NQZ1,2210.75,2210.75,2210.75,2210.75,1
2011-08-30 07:20:00+00:00,33,1,56972,NQU1,2214.75,2215.0,2212.75,2214.75,620
2011-08-30 07:30:00+00:00,33,1,12038,NQZ1,2210.75,2212.75,2210.75,2212.75,3
2011-08-30 07:30:00+00:00,33,1,56972,NQU1,2214.75,2218.5,2214.0,2216.25,907
2011-08-30 07:40:00+00:00,33,1,56972,NQU1,2216.25,2218.5,2215.0,2215.0,536
2011-08-30 07:50:00+00:00,33,1,12038,NQZ1,2210.0,2210.0,2208.5,2208.5,2
2011-08-30 07:50:00+00:00,33,1,56972,NQU1,2215.0,2216.0,2212.0,2213.0,809
2011-08-30 08:00:00+00:00,33,1,12038,NQZ1,2209.0,2209.0,2209.0,2209.0,12
2011-08-30 08:00:00+00:00,33,1,56972,NQU1,2212.75,2216.0,2212.5,2215.0,343
2011-08-30 08:10:00+00:00,33,1,56972,NQU1,2215.0,2216.25,2213.5,2216.0,418
2011-08-30 08:20:00+00:00,33,1,12038,NQZ1,2209.0,2209.25,2209.0,2209.25,4
2011-08-30 08:20:00+00:00,33,1,56972,NQU1,2216.25,2216.5,2212.5,2213.0,419
2011-08-30 08:30:00+00:00,33,1,12038,NQZ1,2208.0,2208.0,2208.0,2208.0,2
2011-08-30 08:30:00+00:00,33,1,56972,NQU1,2212.75,2214.0,2211.75,2213.75,632
2011-08-30 08:40:00+00:00,33,1,56972,NQU1,2213.75,2214.5,2212.5,2213.25,250
2011-08-30 08:50:00+00:00,33,1,12038,NQZ1,2209.0,2209.0,2209.0,2209.0,1
2011-08-30 08:50:00+00:00,33,1,56972,NQU1,2213.0,2213.5,2211.75,2213.0,290
2011-08-30 09:00:00+00:00,33,1,56972,NQU1,2213.0,2215.25,2212.75,2213.75,245
2011-08-30 09:10:00+00:00,33,1,12038,NQZ1,2205.75,2205.75,2205.75,2205.75,1
2011-08-30 09:10:00+00:00,33,1,56972,NQU1,2213.0,2213.5,2208.75,2210.0,738
2011-08-30 09:20:00+00:00,33,1,12038,NQZ1,2203.5,2203.5,2203.5,2203.5,1
2011-08-30 09:20:00+00:00,33,1,56972,NQU1,2209.75,2210.0,2206.0,2207.5,610
2011-08-30 09:30:00+00:00,33,1,56972,NQU1,2207.75,2209.5,2206.5,2209.0,356
2011-08-30 09:40:00+00:00,33,1,56972,NQU1,2209.0,2210.0,2208.0,2209.75,188
2011-08-30 09:50:00+00:00,33,1,56972,NQU1,2210.0,2212.75,2210.0,2212.0,342
2011-08-30 10:00:00+00:00,33,1,56972,NQU1,2211.75,2212.25,2210.0,2210.75,387
2011-08-30 10:10:00+00:00,33,1,56972,NQU1,2211.0,2212.25,2209.75,2210.5,364
2011-08-30 10:20:00+00:00,33,1,12038,NQZ1,2206.25,2206.75,2206.25,2206.75,2
2011-08-30 10:20:00+00:00,33,1,56972,NQU1,2210.25,2212.75,2209.5,2212.75,259
2011-08-30 10:30:00+00:00,33,1,56972,NQU1,2212.25,2212.75,2210.0,2212.25,305
2011-08-30 10:40:00+00:00,33,1,56972,NQU1,2212.5,2214.25,2211.0,2213.0,492
2011-08-30 10:50:00+00:00,33,1,12038,NQZ1,2210.0,2210.0,2210.0,2210.0,1
2011-08-30 10:50:00+00:00,33,1,56972,NQU1,2213.0,2216.25,2212.0,2215.25,418
2011-08-30 11:00:00+00:00,33,1,56972,NQU1,2215.25,2216.0,2214.5,2215.0,419
2011-08-30 11:10:00+00:00,33,1,56972,NQU1,2215.25,2217.25,2214.5,2215.25,347
2011-08-30 11:20:00+00:00,33,1,56972,NQU1,2215.25,2215.25,2212.5,2214.25,354
2011-08-30 11:30:00+00:00,33,1,56972,NQU1,2214.5,2215.25,2212.75,2214.0,297
2011-08-30 11:40:00+00:00,33,1,56972,NQU1,2214.0,2214.75,2212.75,2212.75,270
2011-08-30 11:50:00+00:00,33,1,56972,NQU1,2213.0,2213.5,2211.25,2212.25,470
2011-08-30 12:00:00+00:00,33,1,56972,NQU1,2212.25,2212.5,2207.25,2208.0,1043
2011-08-30 12:10:00+00:00,33,1,56972,NQU1,2208.0,2211.75,2207.5,2210.75,955
2011-08-30 12:20:00+00:00,33,1,56972,NQU1,2210.75,2211.0,2208.5,2208.75,675
2011-08-30 12:30:00+00:00,33,1,56972,NQU1,2208.75,2209.0,2207.0,2208.0,1064
2011-08-30 12:40:00+00:00,33,1,12038,NQZ1,2203.5,2203.5,2202.0,2202.0,2
2011-08-30 12:40:00+00:00,33,1,56972,NQU1,2208.25,2209.0,2206.5,2207.75,881
2011-08-30 12:50:00+00:00,33,1,12038,NQZ1,2201.25,2201.5,2200.5,2200.5,14
2011-08-30 12:50:00+00:00,33,1,56972,NQU1,2207.5,2207.75,2203.5,2204.75,1704
2011-08-30 13:00:00+00:00,33,1,56972,NQU1,2204.75,2210.0,2204.5,2208.75,1509
2011-08-30 13:10:00+00:00,33,1,12038,NQZ1,2203.5,2203.5,2203.5,2203.5,1
2011-08-30 13:10:00+00:00,33,1,56972,NQU1,2209.0,2210.25,2207.5,2208.25,803
2011-08-30 13:20:00+00:00,33,1,56972,NQU1,2208.0,2213.0,2206.25,2212.75,3347
2011-08-30 13:30:00+00:00,33,1,12038,NQZ1,2205.5,2215.75,2205.5,2211.75,33
2011-08-30 13:30:00+00:00,33,1,56972,NQU1,2213.0,2220.75,2209.25,2217.5,12567
2011-08-30 13:30:00+00:00,33,1,612349,NQU1-NQZ1,-5.2,-5.2,-5.2,-5.2,6
2011-08-30 13:40:00+00:00,33,1,12038,NQZ1,2213.75,2218.0,2212.5,2218.0,30
2011-08-30 13:40:00+00:00,33,1,56972,NQU1,2217.5,2224.25,2216.5,2223.25,6802
2011-08-30 13:50:00+00:00,33,1,12038,NQZ1,2218.5,2218.5,2213.0,2213.0,95
2011-08-30 13:50:00+00:00,33,1,56972,NQU1,2223.0,2224.0,2214.25,2216.5,6804
2011-08-30 13:50:00+00:00,33,1,612349,NQU1-NQZ1,-4.55,-4.55,-4.55,-4.55,9
2011-08-30 14:00:00+00:00,33,1,8870,NQH2,2205.25,2205.25,2205.0,2205.0,3
2011-08-30 14:00:00+00:00,33,1,12038,NQZ1,2206.25,2206.25,2197.75,2204.5,63
2011-08-30 14:00:00+00:00,33,1,56972,NQU1,2214.5,2216.0,2201.25,2210.25,19358
2011-08-30 14:00:00+00:00,33,1,612349,NQU1-NQZ1,-4.55,-4.55,-4.6,-4.6,30
2011-08-30 14:00:00+00:00,33,1,688702,NQZ1-NQH2,-1.95,-1.95,-1.95,-1.95,1
2011-08-30 14:10:00+00:00,33,1,8870,NQH2,2193.0,2193.0,2193.0,2193.0,1
2011-08-30 14:10:00+00:00,33,1,12038,NQZ1,2204.0,2208.0,2201.5,2203.5,87
2011-08-30 14:10:00+00:00,33,1,56972,NQU1,2210.25,2213.25,2205.5,2208.25,7978
2011-08-30 14:10:00+00:00,33,1,612349,NQU1-NQZ1,-4.6,-4.6,-4.6,-4.6,15
2011-08-30 14:20:00+00:00,33,1,12038,NQZ1,2203.75,2210.5,2200.75,2210.5,128
2011-08-30 14:20:00+00:00,33,1,56972,NQU1,2208.25,2216.0,2204.75,2215.0,6697
2011-08-30 14:20:00+00:00,33,1,612349,NQU1-NQZ1,-4.6,-4.6,-4.6,-4.6,38
2011-08-30 14:30:00+00:00,33,1,12038,NQZ1,2209.0,2215.25,2209.0,2215.25,21
2011-08-30 14:30:00+00:00,33,1,56972,NQU1,2215.0,2221.0,2213.25,2219.5,6244
2011-08-30 14:40:00+00:00,33,1,12038,NQZ1,2212.0,2212.0,2210.75,2210.75,3
2011-08-30 14:40:00+00:00,33,1,56972,NQU1,2219.25,2219.5,2211.0,2212.0,4556
2011-08-30 14:50:00+00:00,33,1,12038,NQZ1,2207.75,2212.75,2207.75,2212.75,6
2011-08-30 14:50:00+00:00,33,1,56972,NQU1,2211.75,2219.5,2211.25,2217.0,4658
2011-08-30 14:50:00+00:00,33,1,612349,NQU1-NQZ1,-4.95,-4.85,-4.95,-4.85,2
2011-08-30 15:00:00+00:00,33,1,12038,NQZ1,2215.25,2217.0,2215.25,2217.0,2
2011-08-30 15:00:00+00:00,33,1,56972,NQU1,2217.0,2223.5,2215.0,2222.5,4148
2011-08-30 15:00:00+00:00,33,1,612349,NQU1-NQZ1,-5.0,-5.0,-5.0,-5.0,55
2011-08-30 15:10:00+00:00,33,1,12038,NQZ1,2217.0,2218.0,2217.0,2218.0,7
2011-08-30 15:10:00+00:00,33,1,56972,NQU1,2222.75,2225.75,2220.0,2221.25,4684
2011-08-30 15:20:00+00:00,33,1,12038,NQZ1,2218.0,2226.5,2218.0,2226.5,16
2011-08-30 15:20:00+00:00,33,1,56972,NQU1,2221.25,2232.0,2220.75,2229.25,6379
2011-08-30 15:30:00+00:00,33,1,12038,NQZ1,2222.5,2232.0,2222.5,2232.0,28
2011-08-30 15:30:00+00:00,33,1,56972,NQU1,2229.25,2237.75,2227.25,2236.0,8041
2011-08-30 15:40:00+00:00,33,1,12038,NQZ1,2231.5,2234.0,2230.0,2230.0,10
2011-08-30 15:40:00+00:00,33,1,56972,NQU1,2235.75,2239.75,2234.5,2234.5,6893
2011-08-30 15:50:00+00:00,33,1,12038,NQZ1,2230.75,2234.5,2230.0,2234.5,14
2011-08-30 15:50:00+00:00,33,1,56972,NQU1,2234.75,2240.5,2234.25,2239.0,3462
2011-08-30 16:00:00+00:00,33,1,12038,NQZ1,2230.25,2230.25,2229.5,2229.5,8
2011-08-30 16:00:00+00:00,33,1,56972,NQU1,2239.25,2239.75,2231.5,2231.5,3367
2011-08-30 16:10:00+00:00,33,1,12038,NQZ1,2227.75,2227.75,2227.75,2227.75,1
2011-08-30 16:10:00+00:00,33,1,56972,NQU1,2231.75,2234.0,2230.0,2233.5,3055
2011-08-30 16:20:00+00:00,33,1,12038,NQZ1,2228.75,2231.5,2228.75,2231.5,7
2011-08-30 16:20:00+00:00,33,1,56972,NQU1,2233.5,2236.75,2232.25,2232.5,1707
2011-08-30 16:30:00+00:00,33,1,56972,NQU1,2232.75,2234.25,2231.5,2232.75,2124
2011-08-30 16:40:00+00:00,33,1,12038,NQZ1,2227.5,2227.5,2217.25,2217.25,31
2011-08-30 16:40:00+00:00,33,1,56972,NQU1,2232.5,2232.75,2221.25,2224.75,6721
2011-08-30 16:40:00+00:00,33,1,612349,NQU1-NQZ1,-5.05,-5.05,-5.05,-5.05,14
2011-08-30 16:50:00+00:00,33,1,12038,NQZ1,2219.75,2219.75,2216.0,2217.0,8
2011-08-30 16:50:00+00:00,33,1,56972,NQU1,2224.75,2226.25,2220.75,2223.75,3531
2011-08-30 17:00:00+00:00,33,1,12038,NQZ1,2217.0,2217.0,2216.25,2216.75,7
2011-08-30 17:00:00+00:00,33,1,56972,NQU1,2223.5,2224.5,2220.0,2223.25,3493
2011-08-30 17:10:00+00:00,33,1,12038,NQZ1,2221.5,2222.0,2221.0,2221.0,4
2011-08-30 17:10:00+00:00,33,1,56972,NQU1,2223.75,2227.75,2222.5,2226.75,3308
2011-08-30 17:20:00+00:00,33,1,12038,NQZ1,2224.25,2225.0,2223.75,2223.75,5
2011-08-30 17:20:00+00:00,33,1,56972,NQU1,2226.75,2231.75,2226.75,2228.75,3786
2011-08-30 17:30:00+00:00,33,1,8870,NQH2,2215.0,2215.0,2215.0,2215.0,1
2011-08-30 17:30:00+00:00,33,1,12038,NQZ1,2223.5,2223.5,2218.25,2218.25,17
2011-08-30 17:30:00+00:00,33,1,56972,NQU1,2228.75,2229.5,2221.5,2222.0,2351
2011-08-30 17:40:00+00:00,33,1,12038,NQZ1,2218.5,2218.5,2218.5,2218.5,1
2011-08-30 17:40:00+00:00,33,1,56972,NQU1,2222.25,2230.5,2222.25,2228.25,3158
2011-08-30 17:50:00+00:00,33,1,12038,NQZ1,2223.0,2223.75,2223.0,2223.75,10
2011-08-30 17:50:00+00:00,33,1,56972,NQU1,2228.25,2229.25,2224.5,2227.0,2568
2011-08-30 17:50:00+00:00,33,1,612349,NQU1-NQZ1,-5.0,-5.0,-5.0,-5.0,1
2011-08-30 18:00:00+00:00,33,1,12038,NQZ1,2223.0,2223.0,2223.0,2223.0,1
2011-08-30 18:00:00+00:00,33,1,56972,NQU1,2226.75,2232.25,2223.75,2230.5,7608
2011-08-30 18:10:00+00:00,33,1,12038,NQZ1,2222.75,2228.0,2222.75,2228.0,8
2011-08-30 18:10:00+00:00,33,1,56972,NQU1,2230.5,2237.0,2226.5,2234.25,4112
2011-08-30 18:20:00+00:00,33,1,12038,NQZ1,2230.5,2233.5,2230.5,2233.5,15
2011-08-30 18:20:00+00:00,33,1,56972,NQU1,2234.25,2241.0,2233.0,2240.75,3379
2011-08-30 18:30:00+00:00,33,1,12038,NQZ1,2235.0,2237.0,2233.0,2235.25,23
2011-08-30 18:30:00+00:00,33,1,56972,NQU1,2241.0,2242.75,2238.0,2240.75,4245
2011-08-30 18:40:00+00:00,33,1,12038,NQZ1,2234.75,2235.5,2233.75,2233.75,8
2011-08-30 18:40:00+00:00,33,1,56972,NQU1,2240.75,2242.25,2237.0,2238.25,3334
2011-08-30 18:50:00+00:00,33,1,12038,NQZ1,2234.25,2236.75,2233.0,2236.75,11
2011-08-30 18:50:00+00:00,33,1,56972,NQU1,2238.25,2242.5,2233.5,2241.75,4765
2011-08-30 19:00:00+00:00,33,1,12038,NQZ1,2234.75,2238.0,2234.75,2238.0,4
2011-08-30 19:00:00+00:00,33,1,56972,NQU1,2241.75,2243.25,2237.0,2242.75,3977
2011-08-30 19:10:00+00:00,33,1,12038,NQZ1,2234.5,2235.25,2234.5,2235.25,15
2011-08-30 19:10:00+00:00,33,1,56972,NQU1,2242.75,2242.75,2238.75,2241.0,2135
2011-08-30 19:20:00+00:00,33,1,12038,NQZ1,2237.25,2238.5,2235.25,2238.5,3
2011-08-30 19:20:00+00:00,33,1,56972,NQU1,2241.0,2243.75,2238.0,2243.75,2354
2011-08-30 19:20:00+00:00,33,1,612349,NQU1-NQZ1,-5.05,-5.0,-5.05,-5.0,25
2011-08-30 19:30:00+00:00,33,1,12038,NQZ1,2240.0,2243.5,2240.0,2241.5,19
2011-08-30 19:30:00+00:00,33,1,56972,NQU1,2243.75,2249.5,2243.0,2247.5,8079
2011-08-30 19:40:00+00:00,33,1,12038,NQZ1,2241.75,2243.5,2240.75,2240.75,12
2011-08-30 19:40:00+00:00,33,1,56972,NQU1,2247.75,2249.5,2244.5,2246.5,7429
2011-08-30 19:50:00+00:00,33,1,12038,NQZ1,2241.5,2241.5,2232.25,2232.25,19
2011-08-30 19:50:00+00:00,33,1,56972,NQU1,2246.75,2247.25,2235.25,2236.25,13626
2011-08-30 19:50:00+00:00,33,1,612349,NQU1-NQZ1,-5.05,-5.05,-5.05,-5.05,4
2011-08-30 20:00:00+00:00,33,1,12038,NQZ1,2230.25,2231.0,2221.75,2225.25,21
2011-08-30 20:00:00+00:00,33,1,56972,NQU1,2236.25,2236.5,2226.75,2228.5,8778
2011-08-30 20:10:00+00:00,33,1,12038,NQZ1,2222.75,2222.75,2222.75,2222.75,2
2011-08-30 20:10:00+00:00,33,1,56972,NQU1,2228.75,2229.5,2225.25,2226.5,2647
2011-08-30 20:10:00+00:00,33,1,612349,NQU1-NQZ1,-5.0,-5.0,-5.0,-5.0,14
2011-08-30 20:30:00+00:00,33,1,12038,NQZ1,2222.75,2222.75,2222.75,2222.75,1
2011-08-30 20:30:00+00:00,33,1,56972,NQU1,2226.0,2226.5,2224.25,2225.5,558
2011-08-30 20:30:00+00:00,33,1,612349,NQU1-NQZ1,-4.1,-4.1,-4.1,-4.1,1
2011-08-30 20:40:00+00:00,33,1,56972,NQU1,2225.5,2226.5,2225.5,2226.0,118
2011-08-30 20:50:00+00:00,33,1,12038,NQZ1,2222.0,2222.0,2222.0,2222.0,1
2011-08-30 20:50:00+00:00,33,1,56972,NQU1,2225.5,2226.0,2223.25,2225.0,153
2011-08-30 21:00:00+00:00,33,1,56972,NQU1,2224.5,2224.75,2223.5,2223.5,31
2011-08-30 21:10:00+00:00,33,1,56972,NQU1,2223.5,2224.25,2222.25,2222.5,56
2011-08-30 21:20:00+00:00,33,1,56972,NQU1,2223.25,2224.0,2222.75,2222.75,16
2011-08-30 22:00:00+00:00,33,1,56972,NQU1,2223.5,2226.0,2222.5,2225.75,147
2011-08-30 22:10:00+00:00,33,1,56972,NQU1,2226.0,2226.25,2224.25,2225.0,22
2011-08-30 22:20:00+00:00,33,1,56972,NQU1,2225.25,2225.25,2224.0,2224.25,8
2011-08-30 22:30:00+00:00,33,1,56972,NQU1,2224.25,2224.25,2223.0,2223.75,21
2011-08-30 22:40:00+00:00,33,1,56972,NQU1,2223.5,2223.75,2222.75,2223.5,26
2011-08-30 22:50:00+00:00,33,1,56972,NQU1,2223.5,2223.5,2221.25,2222.75,97
2011-08-30 23:00:00+00:00,33,1,56972,NQU1,2222.75,2223.0,2222.0,2222.5,63
2011-08-30 23:10:00+00:00,33,1,56972,NQU1,2222.5,2222.75,2221.5,2222.5,25
2011-08-30 23:20:00+00:00,33,1,56972,NQU1,2222.75,2223.25,2222.0,2222.25,34
2011-08-30 23:30:00+00:00,33,1,12038,NQZ1,2218.0,2218.0,2216.25,2216.25,3
2011-08-30 23:30:00+00:00,33,1,56972,NQU1,2222.0,2222.75,2221.5,2221.5,75
2011-08-30 23:40:00+00:00,33,1,56972,NQU1,2221.75,2222.75,2221.5,2222.75,58
2011-08-30 23:50:00+00:00,33,1,56972,NQU1,2222.75,2223.25,2222.25,2223.25,83
2011-08-31 00:00:00+00:00,33,1,56972,NQU1,2223.5,2224.25,2223.5,2224.0,124
2011-08-31 00:10:00+00:00,33,1,56972,NQU1,2223.75,2224.25,2223.75,2224.25,40
2011-08-31 00:20:00+00:00,33,1,56972,NQU1,2223.75,2225.0,2223.25,2225.0,70
2011-08-31 00:30:00+00:00,33,1,56972,NQU1,2225.0,2225.0,2223.5,2224.5,40
2011-08-31 00:40:00+00:00,33,1,56972,NQU1,2224.75,2225.0,2224.5,2224.75,20
2011-08-31 00:50:00+00:00,33,1,56972,NQU1,2225.0,2226.0,2224.75,2225.0,60
2011-08-31 01:00:00+00:00,33,1,56972,NQU1,2225.5,2228.25,2225.5,2228.0,102
2011-08-31 01:10:00+00:00,33,1,56972,NQU1,2228.25,2228.25,2224.5,2224.75,147
2011-08-31 01:20:00+00:00,33,1,56972,NQU1,2224.25,2225.75,2224.0,2225.5,81
2011-08-31 01:30:00+00:00,33,1,56972,NQU1,2225.25,2225.5,2224.25,2224.5,90
2011-08-31 01:40:00+00:00,33,1,56972,NQU1,2224.5,2226.0,2222.75,2222.75,115
2011-08-31 01:50:00+00:00,33,1,56972,NQU1,2222.75,2224.75,2221.75,2223.0,202
2011-08-31 02:00:00+00:00,33,1,56972,NQU1,2222.75,2224.0,2222.75,2223.25,46
2011-08-31 02:10:00+00:00,33,1,56972,NQU1,2223.5,2223.5,2222.0,2222.75,33
2011-08-31 02:20:00+00:00,33,1,56972,NQU1,2223.0,2224.0,2223.0,2223.75,83
2011-08-31 02:30:00+00:00,33,1,56972,NQU1,2224.0,2224.75,2223.0,2224.75,92
2011-08-31 02:40:00+00:00,33,1,56972,NQU1,2225.0,2226.0,2224.5,2225.75,131
2011-08-31 02:50:00+00:00,33,1,56972,NQU1,2225.5,2226.5,2225.5,2226.5,92
2011-08-31 03:00:00+00:00,33,1,56972,NQU1,2226.5,2226.5,2225.5,2225.75,36
2011-08-31 03:10:00+00:00,33,1,56972,NQU1,2225.75,2227.5,2225.75,2227.25,107
2011-08-31 03:20:00+00:00,33,1,56972,NQU1,2227.0,2228.5,2226.5,2228.25,133
2011-08-31 03:30:00+00:00,33,1,56972,NQU1,2228.5,2229.25,2228.25,2228.75,146
2011-08-31 03:40:00+00:00,33,1,56972,NQU1,2228.5,2228.75,2227.5,2227.75,35
2011-08-31 03:50:00+00:00,33,1,56972,NQU1,2228.0,2230.0,2228.0,2228.75,87
2011-08-31 04:00:00+00:00,33,1,56972,NQU1,2229.0,2229.5,2228.5,2228.75,41
2011-08-31 04:10:00+00:00,33,1,56972,NQU1,2229.0,2229.0,2228.5,2228.5,14
2011-08-31 04:20:00+00:00,33,1,56972,NQU1,2228.25,2229.0,2227.75,2228.75,23
2011-08-31 04:30:00+00:00,33,1,56972,NQU1,2228.75,2229.75,2228.75,2229.5,58
2011-08-31 04:40:00+00:00,33,1,56972,NQU1,2229.25,2230.5,2229.0,2230.5,49
2011-08-31 04:50:00+00:00,33,1,56972,NQU1,2230.25,2231.0,2229.0,2229.25,189
2011-08-31 05:00:00+00:00,33,1,56972,NQU1,2229.75,2229.75,2229.0,2229.25,83
2011-08-31 05:10:00+00:00,33,1,56972,NQU1,2229.25,2230.5,2229.0,2230.5,73
2011-08-31 05:20:00+00:00,33,1,56972,NQU1,2230.5,2231.25,2229.75,2231.0,68
2011-08-31 05:30:00+00:00,33,1,56972,NQU1,2231.0,2232.75,2230.25,2232.25,113
2011-08-31 05:40:00+00:00,33,1,56972,NQU1,2232.25,2232.5,2231.25,2231.25,80
2011-08-31 05:50:00+00:00,33,1,56972,NQU1,2231.5,2232.25,2231.0,2232.0,123
2011-08-31 06:00:00+00:00,33,1,56972,NQU1,2232.0,2233.75,2231.0,2233.0,308
2011-08-31 06:10:00+00:00,33,1,12038,NQZ1,2227.25,2227.25,2227.25,2227.25,4
2011-08-31 06:10:00+00:00,33,1,56972,NQU1,2233.0,2234.5,2232.5,2234.25,218
2011-08-31 06:20:00+00:00,33,1,56972,NQU1,2234.75,2236.25,2234.5,2235.25,210
2011-08-31 06:30:00+00:00,33,1,12038,NQZ1,2230.75,2230.75,2230.75,2230.75,1
2011-08-31 06:30:00+00:00,33,1,56972,NQU1,2235.25,2236.25,2235.25,2235.75,76
2011-08-31 06:40:00+00:00,33,1,56972,NQU1,2236.25,2237.25,2235.25,2235.5,217
2011-08-31 06:50:00+00:00,33,1,56972,NQU1,2235.25,2237.0,2235.0,2236.25,134
2011-08-31 07:00:00+00:00,33,1,56972,NQU1,2236.75,2239.0,2235.75,2235.75,466
2011-08-31 07:10:00+00:00,33,1,56972,NQU1,2235.75,2236.5,2232.25,2235.25,692
2011-08-31 07:20:00+00:00,33,1,56972,NQU1,2235.25,2236.5,2233.75,2236.5,548
2011-08-31 07:30:00+00:00,33,1,56972,NQU1,2236.75,2241.25,2236.5,2240.0,888
2011-08-31 07:40:00+00:00,33,1,12038,NQZ1,2237.75,2237.75,2237.75,2237.75,2
2011-08-31 07:40:00+00:00,33,1,56972,NQU1,2240.25,2242.5,2239.0,2240.5,1075
2011-08-31 07:50:00+00:00,33,1,56972,NQU1,2240.5,2243.75,2238.5,2243.75,1775
2011-08-31 08:00:00+00:00,33,1,56972,NQU1,2243.5,2245.5,2241.25,2243.0,1515
2011-08-31 08:10:00+00:00,33,1,12038,NQZ1,2239.5,2239.5,2239.5,2239.5,1
2011-08-31 08:10:00+00:00,33,1,56972,NQU1,2243.25,2246.75,2243.25,2245.25,768
2011-08-31 08:20:00+00:00,33,1,12038,NQZ1,2239.5,2239.5,2239.5,2239.5,1
2011-08-31 08:20:00+00:00,33,1,56972,NQU1,2245.5,2245.75,2244.0,2245.0,477
2011-08-31 08:30:00+00:00,33,1,12038,NQZ1,2244.0,2244.0,2244.0,2244.0,2
2011-08-31 08:30:00+00:00,33,1,56972,NQU1,2245.0,2250.0,2244.5,2248.75,889
2011-08-31 08:40:00+00:00,33,1,12038,NQZ1,2243.0,2243.0,2243.0,2243.0,1
2011-08-31 08:40:00+00:00,33,1,56972,NQU1,2248.75,2249.0,2246.75,2247.75,359
2011-08-31 08:50:00+00:00,33,1,56972,NQU1,2247.75,2249.0,2246.25,2248.0,437
2011-08-31 09:00:00+00:00,33,1,56972,NQU1,2248.0,2248.0,2246.25,2247.0,279
2011-08-31 09:10:00+00:00,33,1,56972,NQU1,2246.75,2247.5,2246.25,2247.0,261
2011-08-31 09:20:00+00:00,33,1,12038,NQZ1,2244.5,2244.5,2244.5,2244.5,1
2011-08-31 09:20:00+00:00,33,1,56972,NQU1,2246.75,2249.75,2246.75,2249.5,383
2011-08-31 09:30:00+00:00,33,1,56972,NQU1,2249.25,2249.75,2246.75,2247.25,385
2011-08-31 09:40:00+00:00,33,1,56972,NQU1,2247.0,2248.25,2244.25,2245.0,391
2011-08-31 09:50:00+00:00,33,1,56972,NQU1,2245.75,2246.75,2245.0,2245.75,215
2011-08-31 10:00:00+00:00,33,1,12038,NQZ1,2241.75,2241.75,2241.75,2241.75,1
2011-08-31 10:00:00+00:00,33,1,56972,NQU1,2245.5,2247.25,2245.0,2245.5,276
2011-08-31 10:10:00+00:00,33,1,56972,NQU1,2245.5,2247.75,2245.25,2246.75,323
2011-08-31 10:20:00+00:00,33,1,56972,NQU1,2246.75,2247.0,2245.5,2246.0,218
2011-08-31 10:30:00+00:00,33,1,56972,NQU1,2246.0,2247.25,2244.0,2244.5,332
2011-08-31 10:40:00+00:00,33,1,56972,NQU1,2244.75,2245.0,2243.25,2244.5,226
2011-08-31 10:50:00+00:00,33,1,56972,NQU1,2244.25,2246.0,2244.25,2245.75,765
2011-08-31 10:50:00+00:00,33,1,612349,NQU1-NQZ1,-4.1,-4.1,-4.1,-4.1,8
2011-08-31 11:00:00+00:00,33,1,56972,NQU1,2245.25,2246.75,2245.0,2245.5,241
2011-08-31 11:10:00+00:00,33,1,56972,NQU1,2245.25,2246.75,2244.75,2246.5,378
2011-08-31 11:20:00+00:00,33,1,56972,NQU1,2246.5,2246.75,2244.0,2245.25,465
2011-08-31 11:30:00+00:00,33,1,12038,NQZ1,2240.5,2240.5,2240.5,2240.5,2
2011-08-31 11:30:00+00:00,33,1,56972,NQU1,2245.25,2246.5,2245.25,2246.0,313
2011-08-31 11:40:00+00:00,33,1,56972,NQU1,2246.0,2248.25,2246.0,2246.5,655
2011-08-31 11:50:00+00:00,33,1,12038,NQZ1,2243.0,2243.0,2243.0,2243.0,3
2011-08-31 11:50:00+00:00,33,1,56972,NQU1,2246.25,2247.0,2244.75,2246.0,495
2011-08-31 12:00:00+00:00,33,1,12038,NQZ1,2241.0,2241.0,2239.5,2239.5,2
2011-08-31 12:00:00+00:00,33,1,56972,NQU1,2246.0,2246.5,2243.5,2244.0,878
2011-08-31 12:10:00+00:00,33,1,12038,NQZ1,2238.25,2241.0,2238.25,2241.0,6
2011-08-31 12:10:00+00:00,33,1,56972,NQU1,2244.0,2247.25,2242.75,2244.75,1858
2011-08-31 12:20:00+00:00,33,1,56972,NQU1,2244.75,2247.75,2244.75,2247.0,865
2011-08-31 12:30:00+00:00,33,1,56972,NQU1,2246.75,2247.0,2245.5,2246.75,699
2011-08-31 12:40:00+00:00,33,1,12038,NQZ1,2243.5,2243.5,2243.5,2243.5,1
2011-08-31 12:40:00+00:00,33,1,56972,NQU1,2246.5,2248.75,2245.5,2248.25,944
2011-08-31 12:50:00+00:00,33,1,12038,NQZ1,2243.5,2243.5,2243.5,2243.5,4
2011-08-31 12:50:00+00:00,33,1,56972,NQU1,2248.0,2249.25,2246.75,2247.75,821
2011-08-31 13:00:00+00:00,33,1,12038,NQZ1,2244.5,2244.5,2244.5,2244.5,2
2011-08-31 13:00:00+00:00,33,1,56972,NQU1,2248.0,2250.5,2247.25,2248.75,1896
2011-08-31 13:10:00+00:00,33,1,12038,NQZ1,2245.0,2245.0,2245.0,2245.0,2
2011-08-31 13:10:00+00:00,33,1,56972,NQU1,2248.75,2249.75,2246.0,2246.5,887
2011-08-31 13:20:00+00:00,33,1,12038,NQZ1,2241.0,2243.25,2241.0,2243.25,6
2011-08-31 13:20:00+00:00,33,1,56972,NQU1,2246.5,2250.5,2245.5,2249.5,2189
2011-08-31 13:30:00+00:00,33,1,12038,NQZ1,2244.5,2251.5,2244.25,2245.0,38
2011-08-31 13:30:00+00:00,33,1,56972,NQU1,2249.5,2256.75,2246.75,2248.25,15391
2011-08-31 13:30:00+00:00,33,1,612349,NQU1-NQZ1,-5.0,-4.95,-5.0,-4.95,13
2011-08-31 13:40:00+00:00,33,1,12038,NQZ1,2241.75,2251.0,2241.75,2250.75,17
2011-08-31 13:40:00+00:00,33,1,56972,NQU1,2247.75,2257.25,2243.5,2255.75,16421
2011-08-31 13:40:00+00:00,33,1,612349,NQU1-NQZ1,-4.95,-4.95,-4.95,-4.95,10
2011-08-31 13:50:00+00:00,33,1,12038,NQZ1,2252.75,2256.0,2252.25,2254.25,73
2011-08-31 13:50:00+00:00,33,1,56972,NQU1,2255.5,2261.5,2254.5,2257.25,10204
2011-08-31 13:50:00+00:00,33,1,612349,NQU1-NQZ1,-4.95,-4.95,-4.95,-4.95,14
2011-08-31 14:00:00+00:00,33,1,12038,NQZ1,2254.75,2254.75,2254.75,2254.75,1
2011-08-31 14:00:00+00:00,33,1,56972,NQU1,2256.75,2262.5,2255.5,2258.25,11000
2011-08-31 14:10:00+00:00,33,1,12038,NQZ1,2254.0,2262.75,2254.0,2262.75,18
2011-08-31 14:10:00+00:00,33,1,56972,NQU1,2258.25,2268.5,2256.25,2266.75,9348
2011-08-31 14:20:00+00:00,33,1,12038,NQZ1,2257.5,2259.0,2257.25,2259.0,4
2011-08-31 14:20:00+00:00,33,1,56972,NQU1,2266.75,2267.0,2262.0,2263.5,5429
2011-08-31 14:20:00+00:00,33,1,612349,NQU1-NQZ1,-4.95,-4.95,-4.95,-4.95,4
2011-08-31 14:30:00+00:00,33,1,12038,NQZ1,2259.25,2259.25,2259.25,2259.25,1
2011-08-31 14:30:00+00:00,33,1,56972,NQU1,2263.25,2265.5,2261.25,2262.75,5079
2011-08-31 14:40:00+00:00,33,1,12038,NQZ1,2255.25,2255.25,2255.0,2255.0,10
2011-08-31 14:40:00+00:00,33,1,56972,NQU1,2262.75,2263.5,2256.75,2258.25,5960
2011-08-31 14:50:00+00:00,33,1,12038,NQZ1,2253.5,2253.5,2253.25,2253.25,7
2011-08-31 14:50:00+00:00,33,1,56972,NQU1,2258.0,2261.0,2256.5,2257.0,6008
2011-08-31 15:00:00+00:00,33,1,12038,NQZ1,2248.25,2248.5,2248.25,2248.5,2
2011-08-31 15:00:00+00:00,33,1,56972,NQU1,2257.0,2258.0,2253.25,2256.75,6777
2011-08-31 15:10:00+00:00,33,1,12038,NQZ1,2254.0,2254.0,2250.25,2250.25,16
2011-08-31 15:10:00+00:00,33,1,56972,NQU1,2256.75,2259.75,2250.25,2251.25,6725
2011-08-31 15:20:00+00:00,33,1,12038,NQZ1,2244.0,2247.25,2243.0,2247.25,20
2011-08-31 15:20:00+00:00,33,1,56972,NQU1,2251.25,2252.5,2245.25,2251.0,8631
2011-08-31 15:30:00+00:00,33,1,12038,NQZ1,2243.0,2244.5,2243.0,2244.5,6
2011-08-31 15:30:00+00:00,33,1,56972,NQU1,2251.0,2252.0,2245.25,2248.75,4869
2011-08-31 15:40:00+00:00,33,1,12038,NQZ1,2243.5,2243.5,2240.0,2240.0,3
2011-08-31 15:40:00+00:00,33,1,56972,NQU1,2248.75,2251.25,2244.0,2245.0,3358
2011-08-31 15:50:00+00:00,33,1,12038,NQZ1,2239.25,2239.25,2235.0,2235.0,5
2011-08-31 15:50:00+00:00,33,1,56972,NQU1,2245.0,2246.25,2238.0,2238.0,6408
2011-08-31 16:00:00+00:00,33,1,12038,NQZ1,2235.5,2238.0,2235.5,2238.0,11
2011-08-31 16:00:00+00:00,33,1,56972,NQU1,2238.0,2245.25,2237.75,2243.75,4721
2011-08-31 16:00:00+00:00,33,1,612349,NQU1-NQZ1,-4.95,-4.95,-4.95,-4.95,3
2011-08-31 16:10:00+00:00,33,1,12038,NQZ1,2241.75,2241.75,2241.75,2241.75,5
2011-08-31 16:10:00+00:00,33,1,56972,NQU1,2243.75,2247.5,2243.25,2244.0,4032
2011-08-31 16:20:00+00:00,33,1,12038,NQZ1,2244.25,2245.0,2244.0,2244.0,7
2011-08-31 16:20:00+00:00,33,1,56972,NQU1,2244.25,2250.0,2244.0,2248.0,4018
2011-08-31 16:30:00+00:00,33,1,12038,NQZ1,2245.5,2246.25,2243.5,2243.5,19
2011-08-31 16:30:00+00:00,33,1,56972,NQU1,2247.75,2253.75,2247.25,2249.25,3420
2011-08-31 16:30:00+00:00,33,1,612349,NQU1-NQZ1,-4.95,-4.95,-5.1,-5.1,88
2011-08-31 16:40:00+00:00,33,1,12038,NQZ1,2242.0,2242.0,2241.75,2241.75,9
2011-08-31 16:40:00+00:00,33,1,56972,NQU1,2249.5,2251.25,2246.0,2248.0,2431
2011-08-31 16:40:00+00:00,33,1,612349,NQU1-NQZ1,-5.1,-5.1,-5.1,-5.1,149
2011-08-31 16:50:00+00:00,33,1,12038,NQZ1,2246.75,2248.0,2246.75,2248.0,3
2011-08-31 16:50:00+00:00,33,1,56972,NQU1,2248.0,2253.0,2248.0,2252.75,2366
2011-08-31 16:50:00+00:00,33,1,612349,NQU1-NQZ1,-5.15,-5.15,-5.15,-5.15,395
2011-08-31 17:00:00+00:00,33,1,12038,NQZ1,2250.0,2250.0,2245.75,2245.75,6
2011-08-31 17:00:00+00:00,33,1,56972,NQU1,2252.75,2255.0,2248.0,2248.25,3861
2011-08-31 17:10:00+00:00,33,1,12038,NQZ1,2246.0,2246.0,2246.0,2246.0,6
2011-08-31 17:10:00+00:00,33,1,56972,NQU1,2248.5,2250.75,2246.5,2247.25,1945
2011-08-31 17:20:00+00:00,33,1,12038,NQZ1,2243.0,2243.0,2243.0,2243.0,1
2011-08-31 17:20:00+00:00,33,1,56972,NQU1,2247.5,2248.25,2243.5,2246.0,2630
2011-08-31 17:30:00+00:00,33,1,12038,NQZ1,2238.0,2241.5,2238.0,2241.5,2
2011-08-31 17:30:00+00:00,33,1,56972,NQU1,2246.25,2248.5,2243.25,2246.5,2182
2011-08-31 17:40:00+00:00,33,1,12038,NQZ1,2242.0,2242.0,2236.5,2236.5,10
2011-08-31 17:40:00+00:00,33,1,56972,NQU1,2246.5,2248.5,2240.5,2240.75,3539
2011-08-31 17:50:00+00:00,33,1,12038,NQZ1,2235.0,2235.0,2232.25,2232.25,2
2011-08-31 17:50:00+00:00,33,1,56972,NQU1,2241.0,2241.25,2236.0,2236.25,3234
2011-08-31 18:00:00+00:00,33,1,12038,NQZ1,2232.75,2232.75,2228.75,2228.75,5
2011-08-31 18:00:00+00:00,33,1,56972,NQU1,2236.5,2238.75,2231.75,2233.5,4265
2011-08-31 18:00:00+00:00,33,1,612349,NQU1-NQZ1,-5.1,-5.1,-5.1,-5.1,2
2011-08-31 18:10:00+00:00,33,1,12038,NQZ1,2231.0,2231.0,2226.75,2227.5,7
2011-08-31 18:10:00+00:00,33,1,20924,NQM2,2223.0,2223.0,2223.0,2223.0,1
2011-08-31 18:10:00+00:00,33,1,56972,NQU1,2233.5,2235.75,2230.0,2233.75,2920
2011-08-31 18:10:00+00:00,33,1,612349,NQU1-NQZ1,-5.0,-5.0,-5.0,-5.0,3
2011-08-31 18:20:00+00:00,33,1,12038,NQZ1,2232.0,2232.0,2232.0,2232.0,1
2011-08-31 18:20:00+00:00,33,1,56972,NQU1,2233.5,2238.25,2233.5,2236.5,2853
2011-08-31 18:30:00+00:00,33,1,12038,NQZ1,2231.5,2231.5,2226.25,2226.75,8
2011-08-31 18:30:00+00:00,33,1,56972,NQU1,2236.25,2237.5,2229.0,2232.5,4759
2011-08-31 18:40:00+00:00,33,1,8870,NQH2,2220.0,2220.0,2220.0,2220.0,1
2011-08-31 18:40:00+00:00,33,1,12038,NQZ1,2225.25,2225.5,2222.25,2225.0,8
2011-08-31 18:40:00+00:00,33,1,56972,NQU1,2232.75,2233.0,2226.5,2230.75,4557
2011-08-31 18:50:00+00:00,33,1,12038,NQZ1,2225.5,2225.5,2219.0,2222.75,9
2011-08-31 18:50:00+00:00,33,1,56972,NQU1,2230.75,2231.25,2223.0,2229.75,5409
2011-08-31 19:00:00+00:00,33,1,12038,NQZ1,2222.5,2232.5,2222.5,2232.5,19
2011-08-31 19:00:00+00:00,33,1,56972,NQU1,2229.5,2238.75,2226.5,2235.0,5236
2011-08-31 19:10:00+00:00,33,1,12038,NQZ1,2227.0,2227.0,2227.0,2227.0,5
2011-08-31 19:10:00+00:00,33,1,56972,NQU1,2235.0,2235.0,2221.25,2223.75,8098
2011-08-31 19:20:00+00:00,33,1,12038,NQZ1,2220.25,2224.0,2220.25,2224.0,17
2011-08-31 19:20:00+00:00,33,1,56972,NQU1,2223.5,2232.0,2223.5,2231.5,8021
2011-08-31 19:30:00+00:00,33,1,12038,NQZ1,2225.25,2231.75,2225.25,2231.25,51
2011-08-31 19:30:00+00:00,33,1,56972,NQU1,2231.25,2238.75,2230.25,2235.75,6833
2011-08-31 19:40:00+00:00,33,1,12038,NQZ1,2234.0,2237.0,2234.0,2235.25,3
2011-08-31 19:40:00+00:00,33,1,56972,NQU1,2235.75,2243.25,2235.5,2242.5,8674
2011-08-31 19:50:00+00:00,33,1,12038,NQZ1,2238.25,2238.25,2231.5,2235.75,223
2011-08-31 19:50:00+00:00,33,1,56972,NQU1,2242.75,2244.75,2234.5,2243.25,17660
2011-08-31 20:00:00+00:00,33,1,12038,NQZ1,2237.25,2237.75,2237.25,2237.75,2
2011-08-31 20:00:00+00:00,33,1,56972,NQU1,2242.5,2244.75,2238.5,2242.75,9466
2011-08-31 20:00:00+00:00,33,1,612349,NQU1-NQZ1,-5.05,-5.0,-5.05,-5.0,49
2011-08-31 20:10:00+00:00,33,1,56972,NQU1,2242.75,2246.5,2242.25,2246.0,2994
2011-08-31 20:10:00+00:00,33,1,612349,NQU1-NQZ1,-5.0,-5.0,-5.0,-5.0,2
2011-08-31 20:30:00+00:00,33,1,56972,NQU1,2243.5,2244.5,2243.0,2244.0,679
2011-08-31 20:40:00+00:00,33,1,56972,NQU1,2244.0,2246.0,2244.0,2244.0,76
2011-08-31 20:50:00+00:00,33,1,56972,NQU1,2245.0,2245.0,2244.0,2244.25,61
2011-08-31 21:00:00+00:00,33,1,56972,NQU1,2244.75,2245.0,2243.0,2243.0,38
2011-08-31 21:10:00+00:00,33,1,56972,NQU1,2243.25,2243.5,2243.0,2243.0,17
2011-08-31 21:20:00+00:00,33,1,56972,NQU1,2243.25,2243.75,2243.25,2243.5,4
2011-08-31 22:00:00+00:00,33,1,56972,NQU1,2244.5,2244.5,2242.25,2243.25,197
2011-08-31 22:10:00+00:00,33,1,56972,NQU1,2243.5,2243.75,2243.0,2243.0,28
2011-08-31 22:20:00+00:00,33,1,56972,NQU1,2243.0,2244.5,2243.0,2244.5,33
2011-08-31 22:30:00+00:00,33,1,56972,NQU1,2244.5,2245.0,2244.5,2244.5,12
2011-08-31 22:40:00+00:00,33,1,56972,NQU1,2244.5,2244.5,2243.75,2243.75,13
2011-08-31 22:50:00+00:00,33,1,56972,NQU1,2243.5,2244.5,2243.5,2244.5,4
2011-08-31 23:00:00+00:00,33,1,56972,NQU1,2243.75,2244.5,2243.75,2244.25,7
2011-08-31 23:10:00+00:00,33,1,56972,NQU1,2243.5,2243.75,2243.5,2243.75,15
2011-08-31 23:20:00+00:00,33,1,56972,NQU1,2243.75,2244.5,2243.5,2244.5,11
2011-08-31 23:30:00+00:00,33,1,56972,NQU1,2243.75,2244.5,2243.5,2244.25,12
2011-08-31 23:40:00+00:00,33,1,56972,NQU1,2244.5,2244.75,2243.5,2243.5,46
2011-08-31 23:50:00+00:00,33,1,56972,NQU1,2243.75,2243.75,2242.75,2243.0,71
